Unnamed: 0,Customer ID,Signup Date, Age ,gender,city,plan_type,contract_type,payment_method,Tenure (months),Monthly Charges,Total Charges,Support Calls,data_usage_gb,Internet Service?,SATISFACTION_SCORE,last_login_days_ago,email,phone,notes,data_source,empty_col,churn_reason,Churn
0,CUST101436,24.07.21,32,Male,Toronto,Premium,Month to month,PAYPAL,71,72.37,"$5,227.19",2,N/A,y,7,24,user1436@example.org,+1-234-555-0177,,crm_export_v2,,,N
1,CUST101963,28/11/2023,31,Male,LONDON ,Basic,Month to month,paypal,72,23.72,1790.01,4,missing,TRUE,6,32,user1963@yahoo.com,+1-559-555-0150,duplicate account?,crm_export_v2,,moved,TRUE
2,CUST100358,"Jul 19, 2019",54,Male,Toronto,Basic,ONE YEAR,Credit Card,23.0,22.71,$532.00,6,35.7 GB,Yes,5,38,user358@gmail.com,(975) 555 0183,,crm_export_v2,,,no
3,CUST100120,N/A,21,Male,New York,Basic,Two year,Debit Card,67,25.24,1644.24,3,68.0,yes,8,39,user120@mail.net,9515550135,,crm_export_v2,,,FALSE
4,CUST100858,05.01.23,50,FEMALE,Toronto,Basic,Month-to-month,Bank Transfer,50,15.23,760.49,1,88.7,yes,9/10,10,USER858@EXAMPLE.ORG,3075550169,Recontact in Q3,crm_export_v2,,,N
5,CUST100925,09-02-2024,26,N/A,TORONTO,Basic,MONTH-TO-MONTH,Bank Transfer ,72,18.52$,"$1,324.84",5,149.5 GB,Y,4,8,user925@example.org,+1-668-555-0198,,crm_export_v2,,,Retained
6,CUST100806,2022-04-08,63,Female,New York,Premium,Month-to-month,PayPal,22,77.45,"$1,767.71",3,118.4 GB,TRUE,8,50,user806@example.org,+1-302-555-0142,,crm_export_v2,,no longer needed,TRUE
7,CUST101857,07-03-2022,41,Male,Toronto,Basic,Month-to-month,Bank Transfer,18.0,$10.00,$171.21,?,182.2,Y,10,12,user1857@outlook.com,5615550145,,crm_export_v2,,,0
8,CUST100452,29.12.21,41,Female,Toronto,STANDARD,Month-to-month,Credit Card,52,43.55,2372.68,1,184.1,Y,7,28,user452@mail.net,328.555.0137,,crm_export_v2,,,Retained
9,CUST100841,2022-12-08,42,Male,SINGAPORE,Basic,nan,Bank Transfer,2,USD 10.0,19.6,1,41164 MB,Yes,6,46,user841@outlook.com,5985550100,,crm_export_v2,,competitor offer,1
10,CUST100110,"Aug 29, 2020",-,Female,Dubaii,Standard,One year,Bank Transfer,49,48.63,2406.26,1,0.021 TB,y,8,14,user110@gmail.com,(539) 555 0148,,crm_export_v2,,,0
11,CUST100602,"Jun 07, 2023",20,Male,Toronto,Standard,MONTH-TO-MONTH,PayPal,9.0,45.93,$396.21,0,90.1 GB,1,2,32,user602@outlook.com,(422) 555 0174,,crm_export_v2,,no longer needed,TRUE
12,CUST100810,07.04.19,44,Femail,New York,Basic,One year,Credit Card,24,12.83,311.06,3,79.0 GB,Yes,-,36,user810@mail.net,525.555.0102,,crm_export_v2,,price,Y
13,CUST101149,2024/02/09,42,female,Zürich,?,One year,Bank Transfer,1,10.0,10.23,2,59.9,FALSE,8,40,user1149@gmail.com,(878) 555 0146,,crm_export_v2,,,0
14,CUST100504,23/08/2020,56,Male,São Paulo,Standard,month-to-month,Credit Card,57,56.33,"$3,344.21",3,44.9,,,7,user504@gmail.com,+1-335-555-0141,,crm_export_v2,,,No
15,CUST101675,23.11.24,28,Female,London,Standard,Two year,Auto-debit,50,48.8,2412.3,1,48.0,True,None,47,user1675@outlook.com,7815550126,call back,crm_export_v2,,,no
16,CUST101332,19/07/2021,37,FEMALE,new york,Standard ,Two year,Bank Transfer,46,40.23,1795.07,4,34.3 GB,TRUE,4,71,N/A,351.555.0169,,crm_export_v2,,,No
17,CUST100377,06-24-2023,,Female,Londn,Standard,one year,Bank Transfer,35,42.39,1428.85,0,197.8,TRUE,10,74,user377@example.org,4715550132,,crm_export_v2,,no longer needed,TRUE
18,CUST101550,06/09/2020,60,Female,Dubai,Basic,Two year,Bank Transfer,39,$13.83,533.27,1,46.6 GB,y,7,71,user1550@outlook.com,500.555.0186,,crm_export_v2,,,no
19,CUST101247,"Oct 15, 2021",30,Female,London,Basic,Month-to-month,PayPal,11,20.75,230.97,2,76288 MB,True,6,80,user1247@mail.net,270.555.0109,,crm_export_v2,,moved,yes
20,CUST100071,02-19-2020,51,Male,Toronto,Premium,Month-to-month,PayPal,70,USD 72.71,5088.81,1,86.4 GB,1,None,0,-,9525550116,!!!,crm_export_v2,,,N
21,CUST100465,17.10.24,30,Male,Chicago,Premium,month-to-month,Debit Card,50,$73.63,"$3,723.41",2,90.7,TRUE,5,34,user465@outlook.com,3865550150,,crm_export_v2,,,FALSE
22,CUST100603,"Oct 22, 2019",41,F,Zürich,Standard,Month to month,Bank Transfer,18,$47.32,871.01,five,37.1,y,3,59,user603@mail.net,7665550137,,crm_export_v2,,competitor offer,1
23,CUST101523,26/11/2019,52,Male,Singapur,Premium,Month-to-month,Credit Card ,36,62.84,"$2,264.60",3,95.6,Y,6,40,user1523@outlook.com,784.555.0197,,crm_export_v2,,poor service,yes
24,CUST101027,06/09/2020,42,Male,Zürich,basic,Month-to-month,PayPal,20,20.45,391.23,0,177.0,False,None,62,user1027@mail.net,(369) 555 0109,,crm_export_v2,,,No
25,CUST101881,2020/08/02,51,Female, Berlin,Premium,One year,Debit Card,18,91.57,1614.9,3,168.8,1,7,84,user1881@example.org,(851) 555 0157,,crm_export_v2,,poor service,TRUE
26,CUST101896,06-11-2022,81,Female,São Paulo,STANDARD,One year,Bank Transfer,?,53.28, ,1,41.6,TRUE,2,43,N/A,(509) 555 0134,,crm_export_v2,,competitor offer,Yes
27,CUST100928,"Jul 05, 2021",33,Male,SINGAPORE,Basic ,One year,PayPal ,33,$22.50,769.55,1,64307 MB,Y,6,41,user928@gmail.com,null,,crm_export_v2,,,FALSE
28,CUST100833,10.11.19,None,Female,Singapore,Standard,Month-to-month,auto-debit,70,$57.74,3994.63,1,32.2,1,7,17,user833@yahoo.com,(573) 555 0176,,crm_export_v2,,competitor offer,Yes
29,CUST101002,07.05.22,-51,female,Mumbai,NA,One year,Credit Card,38,53.45$,"$2,058.99",1,111.1,Yes,N/A,36, user1002@outlook.com ,3695550107,,crm_export_v2,,,No
30,CUST100739,2024/05/21,35,Female,Singapore,Standard,One year,Debit Card,45,$46.56,"$2,082.81",2,51.4,yes,10,70,user739@gmail.com,454.555.0195,,crm_export_v2,,,no
31,CUST101869,2023-08-19,48,Female,Dubai,Premium,One year,PayPal,24,85.42$,2005.28,0,20.9,TRUE,99,None,user1869@outlook.com,(997) 555 0178,,crm_export_v2,,no longer needed,Yes
32,CUST101444,2019-11-02,61,Female,Zürich,Premium,One year,Bank Transfer,22,83.53,"1,919.63",1,92.6,Y,5,89,user1444@gmail.com,707.555.0112,,crm_export_v2,,competitor offer,yes
33,CUST101620,"Aug 03, 2020",59,Female,london,Standard,Two year,Bank Transfer,38,52.4,1891.87,5,58368 MB,y,3,65,user1620@gmail.com,3255550187,,crm_export_v2,,no longer needed,yes
34,CUST101975,2019-04-20,41,Male ,London,PREMIUM,One year,Auto-debit,24,80.18,"$1,894.96",5,126361 MB,False,5,35,user1975@example.org,(991) 555 0109,,crm_export_v2,,moved,Y
35,CUST100525,11-10-2020,33,Female,Berlin,STANDARD,month-to-month,PayPal,64,56.14,"$3,707.01",2,119.4,N,2,41,user525@example.org,+1-209-555-0199,,crm_export_v2,,competitor offer,1
36,CUST100620,2021/08/07,53,Male,Sydney,Basic,Month-to-month,Auto-debit,60,14.43$,882.23,0,23.9,yes,6,5,None,(794) 555 0178,,crm_export_v2,,,0
37,CUST101242,10/10/2024,35,Female ,Zürich,standard,Month-to-month,Auto-debit,64,41.34,"$2,694.12",4,69.5,True,5,-,user1242@outlook.com,2385550115,,crm_export_v2,,,N
38,CUST100768,"Nov 03, 2019",53,Male,NEW YORK,Basic,Month-to-month,Debit Card,28,$13.33,$362.52,NA,59.0 GB,Yes,6,58,user768@gmail.com,+1-231-555-0101,,crm_export_v2,,poor service,Yes
39,CUST100308,2020-11-22,41,Male,TORONTO,standard,month-to-month,PayPal,41,52.13, ,1,194.0 GB,1,5,66,user308@yahoo.com,-,VIP???,crm_export_v2,,price,TRUE
40,CUST101210,2022/09/27,48,Male,berlin,premium,one year,Bank Transfer,28,81.33,2386.58,2,208.1,TRUE,4,87,user1210@mail.net,410.555.0107,,crm_export_v2,,competitor offer,Y
41,CUST101631,2024/05/19,18,Female,Pariss,Standard,Two year,PayPal,10,48.29,500.31,2,72.6 GB,True,8,76,user1631@yahoo.com,(786) 555 0175,,crm_export_v2,,,N
42,CUST100707,07.06.22,38,FEMALE,mumbai,Basic,Month-to-month,Credit Card,13,N/A,$197.92,0,NA,True,5,51,user707@gmail.com,+1-458-555-0198,,crm_export_v2,,price,Yes
43,CUST100672,25/10/2022,38,Female,Mumbai,standard,Month-to-month,Auto-debit ,53.0,38.64,2055.14,1,20.6,TRUE,6,?,user672@gmail.com,+1-311-555-0161,call back,crm_export_v2,,,N
44,CUST101095,25.06.19,45,Female,Toronto,STANDARD,Month-to-month,PAYPAL,24,51.99,"$1,307.39",3,76.5,Yes,6,31,user1095@yahoo.com,717.555.0161,,crm_export_v2,,price,Y
45,CUST101334,"Mar 14, 2022",-,Male,Chicago,Premium,One year,Debit Card,57,70.34,"$3,814.88",2,70.3,yes,nan,16,user1334@yahoo.com,862.555.0146,,crm_export_v2,,,N
46,CUST101051,10.03.21,49,Female,paris,Standard,Month-to-month,debit card,62,$37.13,2315.99,2,43.8,TRUE,6,43,user1051@example.org,(825) 555 0117,,crm_export_v2,,competitor offer,Yes
47,CUST100140,"Nov 22, 2024",31,Male,berlin,Premium,None,Credit Card,16,74.91,"$1,181.79",3,88.4,Yes,7,61,user140@mail.net,3585550122,Recontact in Q3,crm_export_v2,,competitor offer,yes
48,CUST100241,03/07/2022,71,m,NEW YORK,Basic,Month-to-month,Debit Card,3,$21.70,63.36,3,5.5 GB,True,7,nan,user241@mail.net,(667) 555 0186,,crm_export_v2,,price,yes
49,CUST100396,09.04.19,52,Female ,Toronto,Standard,Month-to-month,Bank Transfer,71,41.66,"$3,010.18",-,-,y,4,56,user396@yahoo.com,882.555.0173,,crm_export_v2,,,FALSE
50,CUST101889,-,-40,Male ,N/A,premium,Month-to-month,PayPal,64,77.06,4722.7,1,103.5,Yes,7,23,user1889@yahoo.com,(692) 555 0135,,crm_export_v2,,,Retained
51,CUST101875,"Sep 22, 2019",49,Male ,Singapore,Premium,Month-to-month,Auto-debit,68,81.72,5472.67,3,68.8,y,100,23,user1875@mail.net,2955550113,,crm_export_v2,,moved,Y
52,CUST101524,14.08.22,32,Femail,São Paulo,Premium,One year,Credit Card,9,86.41,741.27,6,11.5,yes,9,48,user1524@mail.net,2495550136,,crm_export_v2,,,N
53,CUST101183,2021/09/08,40,Female,Zürich,Basic,One year,Debit Card,16,23.55,$360.48,4,67.0,No,7,29,user1183@example.org,8935550152,,crm_export_v2,,,Retained
54,CUST100912,2021/04/04,20,Male,CHICAGO ,Standard ,One year,Bank Transfer,50,41.93,"$2,013.23",5,66.2,False,5,62,user912@gmail.com,5485550174,,crm_export_v2,,,0
55,CUST101594,18.03.23,42,None,Dubaii,Premium,ONE YEAR,Credit Card,64.0,75.25,"$4,961.34",3,73.6,missing,3,19,user1594@gmail.com,6275550127,VIP???,crm_export_v2,,no longer needed,TRUE
56,CUST101189,"Jan 17, 2019",45,MALE,Toronto,Standard,MONTH-TO-MONTH,Bank Transfer ,49.0,43.73,"$2,220.95",0,30.1,Y,8,33,USER1189@OUTLOOK.COM,841.555.0151,,crm_export_v2,,competitor offer,yes
57,CUST101665,17/05/2021,40 yrs,Female ,Zürich,Basic,month-to-month,Credit Card,57,17.07,969.97,3,61542 MB,True,5,9,user1665@outlook.com,(219) 555 0139,,crm_export_v2,,,0
58,CUST101533,17/02/2020,48,Female,Sao Paulo,PREMIUM,Month-to-month,Debit Card,30,85.8,2522.98,3,121.1,Y,8,13,user1533@outlook.com,7775550141,,crm_export_v2,,price,Churned
59,CUST100955,31/08/2022,18,Female,Mumbai,basic,Two year,Credit Card,43,15.92,$690.21,2,156.1 GB,True,8,12,N/A,6805550163,call back,crm_export_v2,,,0
60,CUST101528,15/02/2019,70,Female,Singapur,Standard,One year,Debit Card,35,38.07,1292.89,3,74.1,True,8/10,19,,+1-480-555-0199,,crm_export_v2,,,0
61,CUST101824,20.08.23,40,Male,Singapore,Standard,Month-to-month,Bank Transfer,58,41.59,2446.67,1,58.1 GB,Y,9,66,user1824@outlook.com,713.555.0158,,crm_export_v2,,,N
62,CUST100051,03-02-2020,37,m,Berlin,Standard,Two year,Auto-debit,30.0,45.06,"$1,352.64",1,91.8,Y,8,-,user51@outlook.com,8125550134,,crm_export_v2,,,no
63,CUST101236,"Jan 11, 2019",49,M,Berlin,Prem,ONE YEAR,PayPal,16,81.96,"$1,287.10",nan,47.9,y,3,10,user1236@@gmail,731.555.0139,,crm_export_v2,,poor service,Churned
64,CUST100595,23/10/2023,30,M,Berlin,Standard,Month-to-month,PayPal,30,36.69,1089.03,1,27.9,False,10,47,user595@outlook.com,None,,crm_export_v2,,moved,1
65,CUST101618,09-23-2019,54,male,London,Basic,One year,Credit Card,30,25.47,800.48,1,109.9,1,9,33, user1618@gmail.com ,6725550139,,crm_export_v2,,,No
66,CUST101223,03/12/2022,50,Female,Singapur,Standard,Month-to-month,PayPal,42,42.88$,"1,776.55",1,109.1,no,9,69,user1223@gmail.com,(866) 555 0121,,crm_export_v2,,,no
67,CUST100419,01-13-2022,57,Other,Mumbai,Standard,Month-to-month,Debit Card,60,39.3,2388.13,2,72.6,Yes,7,41,no-email,(808) 555 0119,,crm_export_v2,,price,Churned
68,CUST100879,10-11-2022,41,MALE,Zürich,Standard ,Month to month,Debit Card,4,57.71,237.74,4,76.2 GB,1,2,9,user879@example.org,nan,call back,crm_export_v2,,,FALSE
69,null,-,null,nan,None,?,N/A,missing,null,null,,null,-,null,-,N/A,None,,missing,missing,-,null,N/A
70,CUST100935,21/08/2024,49,Female,Londn,Standard,Two year,Credit Card,34,40.08,"$1,405.71",2,24473 MB,N,5,26,user935@outlook.com,(586) 555 0183,,crm_export_v2,,,No
71,CUST100623,01/07/2021,23,Female,ZÜRICH,Standard,One year,PayPal,53,missing,2723.51,3,33.6,TRUE,?,86,user623@yahoo.com,(885) 555 0199,,crm_export_v2,,,0
72,CUST101734,"Mar 01, 2024",27,Female,Zürich,Standard,Month-to-month,Bank Transfer,25,46.96,1186.5,3,26.3 GB,1,8,38,user1734@outlook.com,+1-588-555-0138,,crm_export_v2,,competitor offer,Yes
73,CUST100002,2022-12-04,41,Male,SYDNEY,Bsc,Month-to-month,Debit Card,29,22.65,$661.72,2,72.9 GB,y,5,77,user2@example.org,(632) 555 0122,,crm_export_v2,,competitor offer,TRUE
74,CUST100172,2023-08-17,41,Male,Singapore,Basic,month-to-month,PayPal,7,19.16,135.61,1,91.1,n,6,22,user172@mail.net,266.555.0158,,crm_export_v2,,,Retained
75,CUST100671,"Sep 07, 2022",41,Male,London,Basic,Month-to-month,DEBIT CARD,13,21.02,269.92,5,63078 MB,y,?,23,user671@outlook.com,(550) 555 0147,,crm_export_v2,,poor service,Churned
76,CUST100447,2024/09/23,59,Female,Mumbai,Premium,two year,Debit Card,36,80.26,2848.8,3,93286 MB,1,10,62,None,585.555.0146,,crm_export_v2,,,N
77,CUST101575,2020-11-28,37,Female,Zürich,Standard,Two year,Credit Card,57,38.68,2134.59,2,44.8,TRUE,5,80,user1575@example.org,8385550129,,crm_export_v2,,,FALSE
78,CUST101039,2023-12-17,40,MALE,São Paulo,Standard,One year,Bank Transfer,51,44.42,"$2,191.84",1,126.9,y,8,52,user1039@yahoo.com,5955550100,,crm_export_v2,,,N
79,CUST101233,"Jul 01, 2023",34,Female,Mumbai,Premium,Two year,PayPal,38,81.06,3026.97,2,145.7,Yes,4,?,,(850) 555 0124,!!!,crm_export_v2,,price,Yes
80,CUST100415,01-24-2023,37,Female,toronto,Basic,Two year,Debit Card,37,19.45,728.38,0,94.1,TRUE,5,33,user415@mail.net,786.555.0147,Recontact in Q3,crm_export_v2,,,FALSE
81,CUST101384,2021/04/26,49,Female,Paris,Basic,Two year,Credit Card,72,20.76,"$1,553.40",1,35.5 GB,True,9,N/A,user1384@mail.net,null,,crm_export_v2,,,No
82,CUST100188,06/06/2020,42,Female,Singapur,Basic,Two year,Debit Card ,70,31.3,2119.6,4,12800 MB,Yes,7,-,user188@outlook.com,9105550130,,crm_export_v2,,,No
83,CUST100300,2021-03-07,50,?,NA,Basic,One year,Bank Transfer,24,10.0,229.24,3,99.3,y,8,18,?,549.555.0121,,crm_export_v2,,,Retained
84,CUST101546,2023-02-14,-51,F,Sydney,Premium,Month to month,PayPal,52,97.75,"$5,297.33",1,137.0 GB,yes,7,89,user1546@gmail.com,+1-970-555-0149,,crm_export_v2,,,N
85,cust101550,06/09/2020,60,Female,DUBAI,Basic,Two year,Bank Transfer,39,$13.83,533.27,1,46.6 GB,y,7,71,user1550@outlook.com,500.555.0186,,crm_export_v2,,,no
86,CUST100803,04.07.24,35,Female,dubai,Premium,Month-to-month,Debit Card,25,80.63,1949.53,4,?,1,NA,5,user803@yahoo.com,600.555.0133,,crm_export_v2,,moved,Yes
87,CUST101731,"Jun 02, 2024",46,Female ,Dubai,Standard,Month-to-month,Credit Card,8,$50.67,416.37,4,158.8,TRUE,4,47,user1731@outlook.com,(744) 555 0127,,crm_export_v2,,moved,Yes
88,CUST100217,31.07.19,41,Male,Paris,Standard,One year,Credit Card,2,47.02,$91.85,3,79.3 GB,No,4,46,user217@mail.net,2795550158,,crm_export_v2,,price,1
89,CUST100666,07.01.22,41,Male,New York,Standard,month-to-month,Credit Card,34,32.22,"$1,128.60",1,71.9 GB,yes,5,69,user666@outlook.com,+1-237-555-0135,,crm_export_v2,,competitor offer,Churned
90,CUST101415,2023-09-13,21,Female,DUBAI,Basic,Two year,Credit Card ,72,29.44, ,0,66.7 GB,yes,7,46,missing,7725550174,,crm_export_v2,,,no
91,CUST101118,2023/05/03,51,Male,Chicago,Standard ,Two year,Debit Card ,46,54.35,"$2,590.01",2,-10,TRUE,7,23,user1118@mail.net,(641) 555 0163,,crm_export_v2,,poor service,Churned
92,CUST101485,04.03.24,48, Male,Singapore,Basic,Two year,missing,25,11.58$,289.75,1,22.3,y,5,59,no-email,+1-562-555-0159,,crm_export_v2,,,FALSE
93,CUST100971,"Jul 05, 2021",32,Female,mumbai,Premium,Month-to-month,Auto-debit,30,91.21,2679.56,one,62668 MB,yes,7,58,user971@mail.net,(347) 555 0159,,crm_export_v2,,moved,Churned
94,CUST100206,"Aug 01, 2023",28,female,Chicago,Basic,Two year,Bank Transfer,27,16.42,$460.35,None,66.3,n,3,83,user206@example.org,(320) 555 0199,,crm_export_v2,,,0
95,CUST100643,2021/11/19,45,Male,São Paulo,Basic,One year,PAYPAL,38,$17.39,$636.84,3,57.0,True,6,7,no-email,(309) 555 0190,,crm_export_v2,,,no
96,CUST101499,17.01.24,35,f,Berlin,Basic,Two year,Auto-debit,46,22.85,"$1,012.96",4,47.0 GB,FALSE,8,2,user1499@gmail.com,(343) 555 0109,,crm_export_v2,,,N
97,CUST100691,10-08-2023,51,Female,Berlin,basic,two year,Bank Transfer,47,12.31,581.85,0,242278 MB,True,8,81,USER691@MAIL.NET,+1-321-555-0191,,crm_export_v2,,,No
98,CUST100523,2023/12/12,33,Female,Paris,Premium,Month-to-month,Bank Transfer,53,74.46,3884.17,4,68.4,?,3,58,user523@outlook.com,2765550185,,crm_export_v2,,no longer needed,yes
99,CUST100506,"Mar 08, 2022",18,F,Chicago,Basic,Month-to-month,Debit Card,-1,23.2,"$1,554.85",2,53.1 GB,False,10,30,user506@yahoo.com,565.555.0141,test,crm_export_v2,,,Retained
100,CUST101227,"Nov 26, 2024",43,Male,MUMBAI ,Standard,One year,DEBIT CARD,25,42.94,1098.59,2,89.5,Yes,8,27,user1227@yahoo.com,7635550143,,crm_export_v2,,,N
101,CUST100948,NA,18,male,London,Standard,Two year,PayPal,44,44.48,1870.14,2,167.2,y,5,9,user948@gmail.com,(793) 555 0141,,crm_export_v2,,,No
102,CUST100179,,47,Male,singapore,Bsc,Month-to-month,Credit Card,69,$16.77,1172.29,2,60.5 GB,y,6,80,user179@gmail.com,6555550155,,crm_export_v2,,price,Churned
103,CUST101808,"Jul 16, 2019",75,M,Paris,Standard,One year,Credit Card,55,47.22,2514.53,50,67.9,y,7,75,user1808@yahoo.com,3295550107,,crm_export_v2,,,0
104,CUST100630,2023-06-02,44,Male,Mumbai,Standard,One year,PayPal,7,?,$291.86,5,47.2,True,7,85,user630@example.org,2395550164,,crm_export_v2,,price,Y
105,CUST101884,14.09.22,60,MALE,sydney,Standard,Two year,Auto-debit,71,$38.75,2739.0,1,54.7,TRUE,4,13,missing,622.555.0198,,crm_export_v2,,,Retained
106,CUST100658,08/06/2019,56,Female,Mumbai,?,Month-to-month,PayPal,34,73.82,2501.08,2,33.3,True,6,19,user658@gmail.com,12345,,crm_export_v2,,,no
107,CUST101307,2020/06/04,43,N/A,Dubai,Premium,Two year,PayPal,43,84.09,3732.63,2,59.7,1,100,58,user1307@gmail.com,(768) 555 0115,,crm_export_v2,,,0
108,CUST101071,2020-04-02,28,F,London,Standard ,Month-to-month,PayPal,60,49.71,2868.73,2,88.0 GB,True,6,86,?,(560) 555 0153,,crm_export_v2,,,no
109,CUST100705,"May 22, 2022",43,MALE,Berlin,Standard,Month-to-month,Bank Transfer,999,$39.62,2003.33,0,126.3,1,9,88,user705@mail.net,+1-534-555-0154,,crm_export_v2,,,no
110,CUST101576,"Apr 15, 2022",51,male,Londn,Standard ,One year,PayPal,29,$45.44,1357.2,0,38.8,True,6,63,no-email,(448) 555 0119,,crm_export_v2,,,Retained
111,CUST100386,05-29-2019,-46,Male,Sydney,Standard,Two year,PayPal,16,missing,799.72,3,46.0,True,4,10,user386@yahoo.com,000-000-0000,,crm_export_v2,,moved,1
112,CUST100611,nan,18,Male,Sydney,Basic,One year,Bank Transfer,45,23.38$,"$1,101.70",2,152064 MB,True,7,89,user611@gmail.com,2785550138,,crm_export_v2,,,No
113,CUST101114,03-01-2020,46,MALE,toronto,Standard,Month-to-month,PayPal,24,44.7,1102.9,3,43.1,no,8,65,user1114@mail.net,6315550181,,crm_export_v2,,poor service,Yes
114,CUST101928,2020/02/04,25,Male,sydney,standard,TWO YEAR,Credit Card,28,34.85,994.37,1,139.4,1,4,-5,user1928@mail.net,N/A,,crm_export_v2,,price,Y
115,CUST100361,04/05/2024,39,Male,missing,Standard,Month-to-month,PayPal,7,USD 40.37,290.9,2,70451 MB,y,6,21,user361@yahoo.com,+1-977-555-0156,,crm_export_v2,,no longer needed,Churned
116,CUST101794,2021/11/12,20,Female,Chicago,basic,Month-to-month,Bank Transfer,43,USD 16.45,730.28,two,285.9 GB,yes,6,50,user1794@yahoo.com,+1-999-555-0106,,crm_export_v2,,,N
117,CUST100637,2020/10/12,37,Male ,São Paulo,Standard,Two year,Bank Transfer,11,49.29,543.93,5,52.1,TRUE,5,13,user637@example.org,8775550160,,crm_export_v2,,no longer needed,yes
118,CUST101327,2019-07-05,56,FEMALE,CHICAGO ,Premium,One year,Auto-debit,60,nan,"$4,670.21",2,62.9 GB,True,4,31,user1327@mail.net,+1-376-555-0142,,crm_export_v2,,,0
119,CUST101483,missing,34,F,zurich,Basic,Month-to-month,Auto-debit,1,10.97,10.72,3,106.3,Yes,4,51, user1483@yahoo.com ,+1-693-555-0124,,crm_export_v2,,competitor offer,Yes
120,CUST100479,08-28-2019,71,Female,Sydney,Basic,Month to month,Credit Card,5,USD 14.43,$70.48,1,0.017 TB,Yes,10,20,user479@example.org,851.555.0107,,crm_export_v2,,,N
121,CUST100619,03/11/2019,18,Male,Toronto,Standard,Month-to-month,Debit Card,51,41.22,2108.6,0,88.6,Yes,6,19,user619@mail.net,+1-294-555-0164,,crm_export_v2,,,no
122,cust101622,2024/07/16,49,m,NA,Standard,Month-to-month,Bank Transfer,60,49.77,2960.51,4,64.7,True,6,87,user1622@yahoo.com,642.555.0178,,crm_export_v2,,moved,yes
123,CUST100204,2021-09-28,18,Male,Berlin,Standard,MONTH-TO-MONTH,PayPal,38,62.17,2451.0,0,75.0,y,10,34,user204@gmail.com,713.555.0112,,crm_export_v2,,,FALSE
124,CUST101304,30.08.22,27,Femail,Sao Paulo,Premium,Month-to-month,Bank Transfer,,78.68,2135.94,2,62.9 GB,True,2,44,USER1304@MAIL.NET,(754) 555 0125,,crm_export_v2,,no longer needed,Yes
125,CUST100946,11-01-2024,18,Male,Chicago,Premium,one year,DEBIT CARD,65,$86.14,5324.03,2,29.2 GB,1,8,62,user946@outlook.com,+1-371-555-0153,,crm_export_v2,,no longer needed,Y
126,CUST100856,06-20-2020,49,Female,Dubai,Basic,One year,PayPal,45,NA,$921.58,1,69836 MB,1,9,59,user856@gmail.com,3495550165,,crm_export_v2,,,Retained
127,CUST101986,2023-12-17,18,Female,Singapore,Basic,Month-to-month,Debit Card,41,16.27,666.09,2,92.3,y,10,9,user1986@gmail.com,899.555.0133,,crm_export_v2,,,Retained
128,CUST101897,30.03.24,27,FEMALE,Sidney,BASIC,Month-to-month,Credit Card,15,18.9,$289.84,2,52.8,yes,6,2,user1897@mail.net,+1-739-555-0157,,crm_export_v2,,,Retained
129,CUST100117,03/11/2019,42,m,SYDNEY,Basic,One year,Bank Transfer,27,USD 17.74,491.32,nan,99999,1,3,71,user117@example.org,619.555.0181,,crm_export_v2,,,no
130,CUST100718,"May 31, 2020",49,Female,london,Premium,Two year,Bank Transfer,60,80.13,"$4,570.13",0,72.7,no,7,61,user718@gmail.com,+1-341-555-0116,,crm_export_v2,,,0
131,CUST100698,"Apr 20, 2019",32,Female ,Toronto,Standard,Month-to-month,PayPal,24,43.92,1095.06,1,63.1,1,6,23,no-email,(205) 555 0129,,crm_export_v2,,,no
132,CUST100945,"Sep 19, 2019",48, Male,Sydney,Premium,Month-to-month,Credit Card,1,7778.0,80.47,4,34.8,Y,9,44,?,+1-362-555-0188,,crm_export_v2,,price,1
133,CUST101802,22/09/2021,51,Male,New York,Standard,Month-to-month,Auto-debit,13,$45.18,594.99,2,49.7,Yes,5,14,user1802@yahoo.com,+1-413-555-0120,Recontact in Q3,crm_export_v2,,no longer needed,yes
134,CUST101156,09-21-2019,42,Female,Paris,Basic,Month-to-month,Credit Card,61,USD 13.81,881.42,1,53.6 GB,N,6,15,user1156@mail.net,5945550197,,crm_export_v2,,,FALSE
135,CUST101437,"Nov 30, 2022",30,Female,Dubai,Basic ,month-to-month,Credit Card,-,27.03,1101.58,5,77.3,Yes,1/10,42,user1437@mail.net,731.555.0155,,crm_export_v2,,competitor offer,Yes
136,CUST101277,2023-08-22,47,Male,Singapore,Standard,Month to month,Bank Transfer,56,$42.51,2453.9,3,47.4,True,9/10,35,user1277@yahoo.com,234.555.0101,,crm_export_v2,,,0
137,CUST101573,2023/11/16,47,Male,Chicgo,Basic,Two year,Credit Card,24,16.05,400.77,1,38.4,y,0,25,user1573@gmail.com,+1-392-555-0192,,crm_export_v2,,,no
138,CUST101131,2023-01-07,18,Male,singapore,Std,One year,Bank Transfer,62,39.82,NA,5,28.7,no,6,86,user1131@mail.net,453.555.0145,test,crm_export_v2,,,FALSE
139,CUST101199,09-20-2022,78,Male,Londn,Standard,Month-to-month,Bank Transfer ,36,nan,1784.02,0,nan,y,3,33,user1199@example.org,7045550109,,crm_export_v2,,moved,Churned
140,CUST100070,09/10/2023,34,nan,sydney,Premium ,Month-to-month,Bank Transfer,None,$78.33,"4,500.76",2,49.1 GB,yes,10,0,USER70@MAIL.NET,4735550171,,crm_export_v2,,price,yes
141,CUST100829,2019-03-05,37,Female,MUMBAI ,standard,Month-to-month,Debit Card,40,53.28,"$2,198.91",3,66252 MB,yes,7,13,user829@mail.net,+1-807-555-0160,,crm_export_v2,,,No
142,CUST101385,2020/05/29,41,Male,Torontoo,Basic,Month-to-month,Bank Transfer,50,USD 22.98,"1,151.82",3,60.6,Yes,5,60,user1385@yahoo.com,+1-979-555-0125,,crm_export_v2,,,Retained
143,CUST100340,2022/10/22,,Male,São Paulo,Basic,One year,credit card,31,22.33,$706.05,1,18.3 GB,Y,9,1,user340@yahoo.com,6655550176,,crm_export_v2,,,Retained
144,CUST100009,2019-07-26,55,Female,DUBAI,Standard,Two year,PayPal,62,39.07,"$2,525.28",5,48.2 GB,No,2,4,user9@gmail.com,2025550124,,crm_export_v2,,,Retained
145,CUST100947,2019/10/21,56,Female,Dubaii,Basic,One year,Credit Card,62,24.23,"1,557.71",,50.9,True,9,44,user947@mail.net,464.555.0153,,crm_export_v2,,,Retained
146,CUST100200,2021-03-13,64,Male,Paris,Basic,Month-to-month,Debit Card ,17,23.39,$392.55,2,96.4,Y,4,12,user200@yahoo.com,(521) 555 0119,,crm_export_v2,,,N
147,CUST100577,02-21-2022,59,Female,New York,Standard,One year,PayPal,62,46.84,2774.9,3,0.008 TB,yes,8,83,user577@yahoo.com,(800) 555 0170,,crm_export_v2,,poor service,TRUE
148,CUST100887,27.02.20,47,Male,Singapur,Standard ,Month-to-month,Credit Card,58,nan,2205.04,1,58.7 GB,Y,None,null,user887@gmail.com,8015550177,,crm_export_v2,,poor service,TRUE
149,CUST100640,"Jan 09, 2023",?,f,TORONTO,Basic,One year,PayPal,53,10.0,529.57,3,17.5,yes,3,19,user640@yahoo.com,6605550133,,crm_export_v2,,,N
150,CUST100127,2023/08/03,32,Male,Dubai,BASIC,Month-to-month,Credit Card,12,10.15,126.4,3,53.3,Y,6,33,user127@mail.net,9025550108,,crm_export_v2,,no longer needed,NA
151,CUST100441,"Oct 21, 2020",41,Female,Chicago,Standard,One year,debit card,4,43.69$,$169.72,5,38.3,yes,6,9999,user441@yahoo.com,868.555.0173,,crm_export_v2,,no longer needed,Churned
152,CUST101721,13.06.23,58,M,Dubai,Basic,One year,Auto-debit,12,14.91,null,3,nan,yes,10,51,user1721@mail.net,(843) 555 0194,,crm_export_v2,,poor service,Yes
153,CUST100742,2022/10/21,39,None,Singapore,Standard,one year,credit card,30,USD 42.31,"$1,277.57",3,88.9 GB,Yes,3,14,user742@example.org,+1-427-555-0128,,crm_export_v2,,,No
154,CUST101914,"Dec 20, 2020",200,Female,Zürich,Premium,Month-to-month,PayPal,37,89.76,"$3,182.83",1,50.7,yes,10,78,user1914@mail.net,5085550190,,crm_export_v2,,moved,Yes
155,CUST101812,14.01.23,28,Female ,São Paulo,Basic,Month-to-month,Debit Card,47,USD 21.81,1006.47,2,168.0 GB,True,6,25,user1812@example.org,567.555.0156,,crm_export_v2,,moved,Churned
156,CUST100270,2020-10-07,48,male,São Paulo,Basic,MONTH-TO-MONTH,PayPal,null,22.75,"$1,087.05",5,75.1 GB,1,4,80,USER270@EXAMPLE.ORG,(653) 555 0121,,crm_export_v2,,price,Churned
157,CUST101645,07.10.20,33,Female,Singapore,Premium ,One year,bank transfer,40,74.04,3061.52,1,238.7 GB,no,10,26,user1645@yahoo.com,(934) 555 0117,,crm_export_v2,,,no
158,CUST101329,01-18-2021,?,Female,nan,Basic,One year,Auto-debit,59,31.43,"$1,822.94",?,45.9,TRUE,8,17,user1329@outlook.com,(367) 555 0196,,crm_export_v2,,,N
159,CUST101251,2021-06-20,33,Female,Mumbai,Standard,Two year,credit card,56,51.09,2777.84,3,78.3,1,5,48,user1251@outlook.com,9665550102,,crm_export_v2,,,No
160,CUST101172,2021-05-07,57,Male,Toronto,Basic,Month-to-month,BANK TRANSFER,37,10.0,386.32,0,56.6,yes,5,58,user1172@example.org,7145550190,,crm_export_v2,,,No
161,CUST100099,11-03-2019,27,Female,paris,basic,MONTH-TO-MONTH,Bank Transfer ,23,21.4$,503.91,2,61.7,no,8,38,user99@gmail.com,7335550175,,crm_export_v2,,,N
162,CUST100353,2021-08-10,31,m,Berlinn,PREMIUM,Month-to-month,PAYPAL,56,80.06,"$4,315.46",1,54.7,yes,10,23,user353@gmail.com,865.555.0191,,crm_export_v2,,poor service,Churned
163,CUST101426,2023-01-10,45,Male ,Sidney,Standard,Month-to-month,Bank Transfer,44,40.29,1731.75,2,32870 MB,n,8,30,user1426@example.org,681.555.0107,asked for discount,crm_export_v2,,,no
164,CUST101347,2023-03-15,47,Male,new york,Premium,Month-to-month,Bank Transfer,34,N/A,"$2,250.18",3,17.4 GB,TRUE,6,None,user1347@mail.net,808.555.0119,,crm_export_v2,,,0
165,CUST100034,04-28-2024,32,Male,Mumbai,BASIC,Two year,NA,17,$23.09,$394.37,1,96.3,False,9,78,user34@outlook.com,+1-962-555-0130,,crm_export_v2,,,No
166,CUST100037,2023/12/18,41,Female,,Basic,Month to month,PayPal,31,10.0,304.8,1,71.3 GB,1,10,22,user37@example.org,+1-397-555-0137,,crm_export_v2,,,Retained
167,CUST101215,"Sep 07, 2019",18,M,Dubaii,Standard,Month-to-month,Bank Transfer,30,35.36,"$1,031.34",3,87.7,1,8,82,user1215@gmail.com,+1-672-555-0107,Recontact in Q3,crm_export_v2,,poor service,Churned
168,CUST100284,2021-08-24,61,Male,São Paulo,Standard,Month-to-month,PAYPAL,60,32.8,1893.71,4,70.4,N,7,38,USER284@YAHOO.COM,887.555.0120,duplicate account?,crm_export_v2,,,N
169,CUST101649,2024/01/06,41,O,Toronto,BASIC,Month-to-month,PayPal,39,18.67,700.49,3,75.7,True,4,16,user1649@gmail.com,750.555.0121,,crm_export_v2,,competitor offer,TRUE
170,CUST101126,32/01/2020,52,male, Berlin,Standard,Two year,Credit Card,54.0,43.18,"2,320.48",5,56.1,TRUE,4,54,user1126@mail.net,2245550181,,crm_export_v2,,,FALSE
171,CUST100259,10/07/2022,50,Male,São Paulo,Basic,N/A,Credit Card,60,None,$628.64,0,76.2,Y,10,63,user259@gmail.com,+1-278-555-0114,,crm_export_v2,,,N
172,CUST100423,26.06.22,32,Male,Singapur,Standard,ONE YEAR,Credit Card ,18,37.7,688.5,2,27033 MB,Y,6,42,user423@gmail.com,939.555.0113,,crm_export_v2,,price,yes
173,CUST100881,"Feb 07, 2024",36,f,Londn,BASIC,Month-to-month,Credit Card ,2,17.4,35.64,4,92.1,Yes,8,71,user881@outlook.com,(597) 555 0112,,crm_export_v2,,,FALSE
174,CUST100108,2021-10-29,44,N/A,Dubai,Standard,Month-to-month,Credit Card,33,45.96,"1,488.45",2,21.8,y,5,18,user108@gmail.com,769.555.0132,,crm_export_v2,,,-
175,CUST100681,?,39,Female,zurich,Standard,MONTH-TO-MONTH,Bank Transfer,5.0,40.93,200.09,2,96.5 GB,yes,3,16,user681@outlook.com,(934) 555 0192,,crm_export_v2,,,no
176,CUST101070,"Jan 18, 2023",54,Male,New Yrok,Basic,One year,PayPal,16,$21.64,$334.02,1,111.6 GB,True,5,70,user1070@example.org,3655550136,,crm_export_v2,,no longer needed,1
177,CUST100012,31.05.23,47,Female,Berlin,Basic,two year,Debit Card,22,$19.17,$410.85,1,97177 MB,True,6,45,user12@outlook.com,431.555.0164,,crm_export_v2,,,Retained
178,CUST101999,"Sep 07, 2020",59,Female,Paris,Basic,Two year,Auto-debit,23,27.5,641.81,2,98099 MB,FALSE,6,71,N/A,(233) 555 0181,,crm_export_v2,,,No
179,CUST100453,2019/02/24,38,Male,São Paulo,Basic ,One year,Auto-debit,64.0,18.97, ,2,120.0 GB,True,,6,user453@gmail.com,+1-628-555-0106,,crm_export_v2,,competitor offer,Churned
180,CUST100683,30/09/2024,34,Female,Torontoo,Standard,Month-to-month,PayPal,65.0,USD 41.61,2692.76,2,61.5,yes,10,1,user683@example.org,(585) 555 0142,test,crm_export_v2,,,Retained
181,CUST100892,18.02.22,23,Female,Londn,Premium,Two year,Debit Card,34,8213.0,,0,79.0 GB,Yes,4,36,user892@yahoo.com,+1-927-555-0142,,crm_export_v2,,,FALSE
182,CUST101464,2024-02-09,54,F,Chicago,Basic,Month-to-month,PayPal,1,$19.42,$19.71,missing,51.1 GB,y,9,48,user1464@mail.net,+1-314-555-0123,,crm_export_v2,,,Retained
183,CUST100463,07-06-2021,37,Male,Toronto,basic,One year,PayPal,41.0,19.71,NA,3,78.9 GB,n,4,9999,no-email,(351) 555 0159,,crm_export_v2,,moved,Yes
184,CUST101379,2022/03/30,39,Male,Dubai,Standard,two year,Auto-debit,4,45.52,175.30,1,106.5 GB,TRUE,4,35,user1379@outlook.com,438.555.0129,,crm_export_v2,,,0
185,CUST101164,06/02/2022,71,Male,London,Standard,Month-to-month,Credit Card,24,43.97,1027.9,missing,0.050 TB,n,5,37,user1164@outlook.com,+1-933-555-0111,,crm_export_v2,,competitor offer,Yes
186,CUST101374,27/04/2024,39,m,Torontoo,Basic,One year,Bank Transfer,40,13.65,521.66,0,28.9,TRUE,5,75,user1374@example.org,4365550127,,crm_export_v2,,,FALSE
187,CUST101886,"Nov 26, 2022",44,Male,Chicago,basic,Month-to-month,PayPal,57,15.91,918.35,3,88.5 GB,Yes,8,24,user1886@yahoo.com,+1-338-555-0194,,crm_export_v2,,,no
188,CUST101150,"Mar 21, 2021",42,Female,São Paulo,Standard,Two year,PayPal ,48,54.45,2557.23,0,112.5,True,11,47,USER1150@YAHOO.COM,(263) 555 0158,,crm_export_v2,,,no
189,CUST101419,2021/11/09,20,f,Zürich,Premium,Month-to-month,bank transfer,30,75.06,2163.83,2,112.8,no,3,44,user1419@yahoo.com,533.555.0145,,crm_export_v2,,poor service,Y
190,CUST101736,"Jan 06, 2022",56, Male,Dubai,Basic,One year,Debit Card,22,22.15$,492.93,three,74.6,yes,5,19,user1736@yahoo.com,+1-669-555-0126,,crm_export_v2,,,FALSE
191,CUST100229,01-23-2020,25,Male,Toronto,Standard,One year,Bank Transfer,50,45.6,2307.63,3,?,Y,8,84,user229@yahoo.com,,,crm_export_v2,,,FALSE
192,CUST101386,2022-05-12,44,Male,Sidney,Bsc,Month-to-month,Debit Card,35,12.41,$435.76,2,39.7,Y,10,-,nan,(750) 555 0165,,crm_export_v2,,,FALSE
193,CUST100562,2021/12/15,49,female,singapore,Basic,One year,debit card,10,$19.77,$189.97,1,43.9,yes,nan,62, user562@example.org ,(412) 555 0138,,crm_export_v2,,price,Churned
194,CUST101650,2020-02-20,53,Male,Mumbai,PREMIUM,Month-to-month,PayPal ,33,missing,"2,587.29",5,0.147 TB,yes,4,47,user1650@gmail.com,467.555.0197,,crm_export_v2,,competitor offer,Y
195,CUST100024,08.09.23,60,Male,Dubai,Premium,Two year,Debit Card,48,USD 80.33,3747.94,0,36454 MB,y,3,10,user24@mail.net,7675550148,,crm_export_v2,,,Retained
196,CUST101259,10-23-2023,43,Female,Berlin,Standard,Month-to-month,Debit Card,52,$47.85,2478.53,2,138.1 GB,yes,5,37,null,+1-634-555-0103,test,crm_export_v2,,,Retained
197,CUST100747,19.11.20,28,f,Berlin,Standard,Two year,Bank Transfer,37,45.34$,"$1,693.19",1,16.3 GB,y,8,50, user747@example.org ,(597) 555 0189,,crm_export_v2,,,0
198,CUST100983,"Nov 20, 2022",42,M,Toronto,NA,One year,Auto-debit,6,15.62,90.66,1,81.8,yes,10,18,user983@mail.net,(259) 555 0136,,crm_export_v2,,,FALSE
199,CUST101104,2020/11/01,23,Femail,New York,BASIC,Month-to-month,Credit Card,42,16.15,$664.92,2,17.1,Yes,9,64,user1104@@gmail,743.555.0145,,crm_export_v2,,competitor offer,1
200,CUST100888,2019/02/04,32,FEMALE,São Paulo,-,MONTH-TO-MONTH,Auto-debit,56,49.49,2789.72,4,40.6,True,6,74,user888@yahoo.com,+1-767-555-0142,,crm_export_v2,,no longer needed,Y
201,CUST101538,2023/03/27,53,Male ,São paulo,Basic,one year,PayPal,40,17.81,721.29,4,99.6 GB,Y,3,1,user1538@gmail.com,(607) 555 0155,,crm_export_v2,,no longer needed,TRUE
202,cust101867,null,47,m,SÃO PAULO,Premium,One year,Bank Transfer,38,82.71,3211.89,4,N/A,None,NA,73,user1867@yahoo.com,935.555.0174,,crm_export_v2,,moved,Yes
203,CUST100339,2024-09-17,28,Femail,Berlin,Basic,one year,Bank Transfer,9,$17.20,153.23,4,50.6,Yes,6,33,user339@mail.net,(549) 555 0137,,crm_export_v2,,no longer needed,Yes
204,CUST101789,07-09-2023,49,Male,new york,PREMIUM,Month-to-month,Debit Card ,61,$83.94,5192.97,2,68.1,Yes,6,23,user1789@mail.net,2425550170,,crm_export_v2,,,No
205,CUST100430,07-04-2019,39,Female,London,Premium,Month-to-month,Credit Card,42,89.0,"$3,782.64",,109977 MB,1,4,80,user430@yahoo.com,402.555.0196,,crm_export_v2,,poor service,1
206,CUST100325,2020/05/19,36,Male,Sydney,Basic,month-to-month,Bank Transfer,13,29.74,$370.54,5,124.3,yes,4,44,user325@mail.net,6585550149,,crm_export_v2,,price,1
207,CUST101015,08.01.24,41,Female,São paulo,premium,Month-to-month,Credit Card,31,$68.53,2109.07,2,40.0,Yes,3,17,user1015@yahoo.com,2805550135,,crm_export_v2,,price,yes
208,CUST101381,15/09/2020,61,Female,CHICAGO ,BASIC,Month-to-month,Auto-debit,4,$17.75,69.03,2,83.5 GB,yes,9,33,user1381@example.org,000-000-0000,,crm_export_v2,,,0
209,CUST101138,2023-06-17,34,Male,Singapore,Standard,Month-to-month,auto-debit,46,41.4,1951.08,3,31129 MB,True,4,22,user1138@example.org,723.555.0198,,crm_export_v2,,,Retained
210,CUST100514,"Oct 01, 2024",48,Female,Singapore,basic,ONE YEAR,-,-,USD 26.09,1686.54,1,0.046 TB,Yes,10,16,user514@outlook.com,4555550193,,crm_export_v2,,,No
211,CUST101046,2020-06-08,41,Male,Sydney,Prem,Month-to-month,Auto-debit,20,88.87,1788.84,5,37.4,Y,6,79,user1046@yahoo.com,638.555.0179,,crm_export_v2,,,0
212,CUST101568,2024/06/14,55,f,Toronto,Standard,Month-to-month,Bank Transfer,70,46.32,3333.48,2,31.2 GB,TRUE,4,72,user1568@mail.net,7355550179,,crm_export_v2,,poor service,Yes
213,CUST100858,05.01.23,50,FEMALE,Toronto,Basic,Month-to-month,Bank Transfer,50,15.23,760.49,1,88.7,yes,9/10,10,USER858@EXAMPLE.ORG,3075550169,Recontact in Q3,crm_export_v2,,,N
214,CUST101839,25/04/2022,63,Female,Mumbai,Std,Month-to-month,AUTO-DEBIT,61,56.92,3430.64,3,19.3,1,8,37,user1839@gmail.com,6585550118,call back,crm_export_v2,,poor service,Yes
215,CUST101352,21.12.21,37,Male,Chicago,Basic,Two year,Auto-debit,65,$21.11,1432.73,3,109.3 GB,False,5,47,,6825550150,,crm_export_v2,,,no
216,CUST101593,2019/02/11,46,Male,Toronto,BASIC,Two year,Credit Card,16,$19.85,302.62,2,108.1,True,5,27,user1593@yahoo.com,6625550136,VIP???,crm_export_v2,,,N
217,CUST101158,2021/04/21,44,Female,Mumbai,Standard,month-to-month,null,6,$49.20,289.13,1,118.5,True,4,59,user1158@gmail.com,2585550124,,crm_export_v2,,,Retained
218,CUST100058,2023-06-16,36,Female,Berlin,Standard,Two year,Debit Card,27,46.94,"$1,319.82",2,47.3 GB,1,5,45,user58@yahoo.com,957.555.0115,Recontact in Q3,crm_export_v2,,competitor offer,Y
219,CUST101958,12-17-2022,53,Male,Singapore,Prem,Month-to-month,Bank Transfer,37,$81.81,2976.0,0,46.0,null,9,84,user1958@outlook.com,+1-405-555-0158,n/a,crm_export_v2,,,Retained
220,CUST100517,2019-05-26,51,Male,Zürich,Prem,One year,Debit Card,40,88.04, ,0,52.1,yes,5,8,user517@example.org,270.555.0178,,crm_export_v2,,no longer needed,1
221,CUST101376,10-08-2024,39,Male,N/A,Standard,Month-to-month,auto-debit,,45.31,779.54,1,75.0 GB,Y,missing,63,user1376@outlook.com,(989) 555 0166,,crm_export_v2,,poor service,yes
222,CUST100715,2023/10/17,34,m,Paris,Basic,One year,PayPal,51,24.08,"$1,241.17",1,15.6,yes,6,40,user715@outlook.com,705.555.0186,,crm_export_v2,,,No
223,CUST100590,"Oct 20, 2023",51,Female,São Paulo,Premium,Month-to-month,Bank Transfer,67,68.43,4647.38,3,39.3,yes,5,45,user590@example.org,734.555.0177,,crm_export_v2,,,N
224,CUST101306,11.07.20,53,Male,Paris,Basic,Month-to-month,Bank Transfer,22,14.79,339.26,1,165.1,1,5,53,user1306@mail.net,615.555.0184,,crm_export_v2,,moved,yes
225,CUST101312,04.09.23,18,missing,London,standard,Two year,PayPal,4,$56.22,$222.32,3,58.0,Yes,3,73,user1312@example.org,946.555.0108,,crm_export_v2,,poor service,TRUE
226,CUST100196,2021-01-20,21,Male,toronto,standard,Month-to-month,Bank Transfer,17,40.1$,$658.30,4,50.5,y,4,78,user196@yahoo.com,5445550151,,crm_export_v2,,no longer needed,Churned
227,CUST101992,20.09.20,66,Male,New York,standard,Month-to-month,PayPal,30,USD 52.44,1604.75,2,103.0,Yes,8,87,user1992@yahoo.com,6005550199,,crm_export_v2,,,FALSE
228,CUST101232,2024/10/26,30,Female,London,Standard,Two year,DEBIT CARD,54,$42.84,"$2,338.30",2,64.2,FALSE,1,58,N/A,700.555.0125,,crm_export_v2,,,FALSE
229,CUST100572,2020/09/10,nan, Male,Dubaii,Basic,One year,Bank Transfer,32.0,22.2,708.49,1,21.4 GB,yes,7,31,user572@yahoo.com,+1-889-555-0119,,crm_export_v2,,,N
230,CUST100981,2023-03-18,30,Male,Chicago,basic,null,-,58,10.63,586.98,4,12.4,True,9,17,user981@gmail.com,nan,,crm_export_v2,,,no
231,CUST101106,06-18-2020,38,Female,Singapore,Standard,Two year,Bank Transfer,71,40.44,"$2,943.46",0,70348 MB,TRUE,4,57,user1106@@gmail,(851) 555 0185,,crm_export_v2,,,No
232,CUST100185,None,45,Male,Berlin,Standard,Month-to-month,auto-debit,17,USD 54.36,$915.20,4,51712 MB,Yes,7,8,user185@mail.net,(620) 555 0172,,crm_export_v2,,price,Churned
233,CUST101338,2023/08/25,35,m,São paulo,Prem,Two year,Bank Transfer,4.0,86.27,352.73,5,34.6,yes,9,83,user1338@yahoo.com,393.555.0187,,crm_export_v2,,moved,Yes
234,CUST100395,30/03/2024,18,Female,Sydney,standard,Month-to-month,Debit Card,4.0,42.56,$170.25,0,46.2,y,7,33,user395@example.org,+1-377-555-0173,,crm_export_v2,,competitor offer,Y
235,CUST101964,2023/11/25,52,Female,MUMBAI ,Premium,Month-to-month,Auto-debit,4,$84.08,343.39,1,48.8,True,8,31,user1964@yahoo.com,+1-406-555-0151,,crm_export_v2,,poor service,Churned
236,CUST100160,2024/12/21,200,Male,New Yrok,Standard,Month-to-month,Credit Card,10,46.46,$462.26,2,217.9,N,7,68,user160@example.org,557.555.0152,,crm_export_v2,,,0
237,CUST101719,02-06-2022,18,Female,New York,STANDARD,One year,Bank Transfer,3,47.18,135.24,1,78.2,True,10,19,user1719@gmail.com,4655550174,,crm_export_v2,,price,Y
238,CUST101984,27/10/2022,51,Male,Zürich,Standard,One year,Auto-debit,16,51.37,807.15,2,38.3 GB,No,9,24,user1984@mail.net,(310) 555 0190,,crm_export_v2,,poor service,TRUE
239,CUST101496,2022-04-22,26,Male,London,Basic,One year,Auto-debit,1,$25.45,$25.77,1,?,y,10,1,user1496@gmail.com,9695550171,,crm_export_v2,,,Retained
240,CUST100720,2019-11-01,44,Male,São Paulo,Basic,Month-to-month,PayPal,38,2178.0,786.8,2,51.3,Yes,2,41,no-email,(221) 555 0152,,crm_export_v2,,competitor offer,Yes
241,CUST100007,08/03/2023,28,Female,Chicgo,STANDARD,Two year,PayPal,40,40.22,1656.01,7,44.5,TRUE,8,79,user7@gmail.com,9505550194,,crm_export_v2,,moved,1
242,CUST100431,07/06/2023,48,f,Mumbai,nan,Month-to-month,Bank Transfer,34,USD 23.7,790.83,3,84070 MB,y,4,43,user431@example.org,+1-717-555-0120,,crm_export_v2,,competitor offer,yes
243,CUST100700,13/02/2022,41,female,New York,premium,Month-to-month,Credit Card,57,74.4,"$4,265.38",nan,32.8,y,7,36,user700@outlook.com,(604) 555 0150,,crm_export_v2,,,Retained
244,CUST101463,"Apr 22, 2019",21,Female ,Sydney,Standard,Two year,Debit Card,43,42.53,1846.95,1,28.2,0,6/10,85,user1463@yahoo.com,7415550151,,crm_export_v2,,competitor offer,Yes
245,CUST100953,26/07/2021,27,Other,Singapore,Basic,Month-to-month,Bank Transfer,72,$20.99,1450.87,0,45.8,N,8,11, user953@example.org ,(463) 555 0143,call back,crm_export_v2,,,0
246,CUST101087,12-08-2024,46,Female,Chicago,Premium,Two year,Debit Card,48,82.94,"$3,889.02",1,144.4,Yes,8,66,user1087@mail.net,890.555.0121,,crm_export_v2,,,No
247,CUST100237,08-04-2021,33,Female,berlin,Standard,Two year,Debit Card,55,None,2064.13,2,22528 MB,TRUE,5,4,user237@gmail.com,8885550128,,crm_export_v2,,,N
248,CUST100279,2019-07-01,36,Male,Berlin,Standard ,Month-to-month,Debit Card,42,49.05,"$2,149.30",1,162.8 GB,1,7,8,user279@yahoo.com,(296) 555 0163,,crm_export_v2,,,FALSE
249,CUST101067,2022/11/04,42,Female,Berlin,Standard,Month-to-month,Debit Card,32,44.31,"$1,392.30",1,89497 MB,y,5,56,user1067@mail.net,nan,!!!,crm_export_v2,,price,1
250,CUST100147,2020/05/27,42,Female,Singapore,Premium,Month-to-month,Auto-debit,31,$80.61, ,1,9.1,n,7,58,N/A,null,,crm_export_v2,,,Retained
251,CUST100142,2020-08-28,52,Male,Chicago,Basic,One year,Bank Transfer,12,16.99,-,1,30.4,1,10,28,user142@gmail.com,(878) 555 0176,,crm_export_v2,,,No
252,CUST100262,2020/10/18,999,FEMALE,Singapore,Standard,Month-to-month,?,60,USD 47.19,2902.44,1,130.8,N,4,20,user262@yahoo.com,2185550187,,crm_export_v2,,,FALSE
253,CUST101621,"Jan 09, 2019",45,Female,Chicago,Standard,Month-to-month,Auto-debit,35,USD 33.5,1228.4,1,86.9,True,10,34,user1621@mail.net,448.555.0135,test,crm_export_v2,,,Retained
254,CUST101670,07-30-2023,38,Male,São Paulo,Standard,Month-to-month,PayPal,68.0,49.83,"3,311.14",2,64.2 GB,True,10,70,user1670@outlook.com,(711) 555 0173,call back,crm_export_v2,,,Retained
255,CUST100020,31/12/2021,-45,Female,London,Bsc,One year,Bank Transfer ,41,14.92$,623.78,1,153.3,TRUE,5,5,user20@example.org,7395550199,,crm_export_v2,,,0
256,CUST100561,2019-04-06,18,Female,Sydney,Basic,One year,auto-debit,17,null,345.06,3,51.8,TRUE,3,13,user561@outlook.com,2465550144,,crm_export_v2,,,0
257,CUST100299,17/02/2019,30,Male,None,Standard,Month-to-month,Credit Card ,5,54.88,269.84,3,None,True,4,72,user299@example.org,(852) 555 0150,,crm_export_v2,,,FALSE
258,CUST100721,08-01-2024,,Male,SYDNEY,STANDARD,Month-to-month,PayPal ,49,43.94,"2,244.87",4,0.114 TB,Y,4,88,user721@outlook.com,738.555.0193,complained about billing,crm_export_v2,,poor service,Churned
259,CUST100586,18/02/2023,36,Male,Dubai,Basic,One year,N/A,29,$15.60,433.78,nan,148992 MB,True,5,38,user586@yahoo.com,+1-931-555-0135,,crm_export_v2,,price,1
260,CUST101548,12-17-2021,33,Other,Sydney,Standard,Two year,Bank Transfer,57,$57.63,"3,201.08",3,None,1,8,19,user1548@example.org,(492) 555 0163,,crm_export_v2,,,0
261,CUST101401,12/06/2020,30,F,?,Basic,Month-to-month,PayPal,66,23.97,1614.85,3,93.3,0,7,37,?,(335) 555 0167,,crm_export_v2,,,Retained
262,CUST100684,01-06-2020,58,Male,Zürich,N/A,Month-to-month,Debit Card,10,nan,407.66,4,105984 MB,yes,9,71,user684@yahoo.com,357.555.0161,,crm_export_v2,,poor service,1
263,CUST101018,2019/04/02,37,Male,New York,STANDARD,One year,BANK TRANSFER,47,57.07,2612.01,1,51.7 GB,y,5,22,user1018@example.org,9525550105,,crm_export_v2,,,Retained
264,CUST100769,04-04-2021,23,N/A,Sydney,PREMIUM,One year,Bank Transfer,68,84.76,5615.1,5,29.2 GB,True,5,55,user769@gmail.com,(455) 555 0104,,crm_export_v2,,no longer needed,yes
265,cust101306,11.07.20,53,Male,PARIS,Basic,Month-to-month,Bank Transfer,22,14.79,339.26,1,165.1,1,5,53,user1306@mail.net,615.555.0184,,crm_export_v2,,moved,yes
266,CUST100488,"Aug 03, 2023",40,Male ,Singapore,Basic,Month-to-month,Auto-debit,63,19.99,1205.82,1,74.3,no,5/10,77,user488@outlook.com,(430) 555 0179,,crm_export_v2,,price,Yes
267,CUST100186,31/12/2019,-34,Female,Dubai,Basic,one year,BANK TRANSFER,14,24.51,350.58,2,52.2,Y,?,17,user186@outlook.com,9435550100,,crm_export_v2,,,N
268,CUST100657,"Oct 18, 2022",44,m,Chicago,Premium ,Month to month,Bank Transfer,23,$75.78,"$1,718.22",4,18.4 GB,TRUE,5,60,?,729.555.0108,,crm_export_v2,,price,Yes
269,CUST101027,06/09/2020,42,Male,Zürich,basic,Month-to-month,PayPal,20,20.45,391.23,0,177.0,False,None,62,user1027@mail.net,(369) 555 0109,,crm_export_v2,,,No
270,CUST101453,"Jun 22, 2020",18,male,chicago,Basic,Two year,Bank Transfer,35,32.03,1090.51,4,11.2,Yes,8,69,user1453@yahoo.com,(553) 555 0111,,crm_export_v2,,,FALSE
271,CUST100535,"Dec 03, 2019",58,Female ,ZÜRICH,standard,One year,Bank Transfer,70,-20,4117.19,3,79.3 GB,y,7,46,user535@outlook.com,(251) 555 0193,,crm_export_v2,,,No
272,CUST100861,"Jul 24, 2024",30,Male,Dubaii,Premium,NA,Auto-debit,NA,$79.54,4324.56,2,77.0,Yes,7,27,missing,681.555.0130,,crm_export_v2,,,no
273,CUST101484,"Jun 27, 2021",36,Male,Zurich,Basic,Month-to-month,Credit Card,51,29.37,"$1,535.59",2,95.1,FALSE,6,20,user1484@@gmail,(231) 555 0108,,crm_export_v2,,moved,yes
274,CUST100278,2019/05/23,42,Femail,Zürich,BASIC,Month-to-month,Debit Card,65,$22.92,1552.01,0,12.0,yes,7,51,user278@yahoo.com,905.555.0108,,crm_export_v2,,,FALSE
275,CUST101647,24.12.22,18,Female,Singapore,Standard,Two year,Bank Transfer,45,35.11$,1555.59,3,159.5 GB,1,4,24,user1647@yahoo.com,(385) 555 0187,,crm_export_v2,,,no
276,CUST100036,23/02/2024,49,Female ,Dubai,Basic,Month-to-month,Auto-debit,28,16.49,482.05,three,52.1 GB,yes,7,2,user36@yahoo.com,-,,crm_export_v2,,,N
277,CUST101761,15/06/2021,65,Male,,basic,Month-to-month,Auto-debit,59,10.0,$581.12,2,18.5,n,1,17,user1761@gmail.com,390.555.0197,,crm_export_v2,,moved,Churned
278,CUST101196,2023/04/12,49,male,London,Basic,One year,Debit Card,56,17.32,937.45,2,78.5 GB,True,7,21,user1196@mail.net,(939) 555 0126,,crm_export_v2,,,0
279,CUST100738,06-05-2023,66,Female,London,Premium,One year,Credit Card,68,82.97,"5,415.31",3,43.5,Yes,5,11,user738@gmail.com,9005550166,,crm_export_v2,,,0
280,CUST101507,"Nov 16, 2021",29,Other,Dubai,Standard ,Month-to-month,Credit Card,56,$41.83,2233.65,5,33.4 GB,y,100,80,user1507@yahoo.com,(308) 555 0108,,crm_export_v2,,no longer needed,Y
281,CUST100367,"Nov 22, 2020",46,Female,Toronto,Basic,One year,Credit Card,38,21.3,790.27,1,37.7,y,4,3,,+1-994-555-0130,,crm_export_v2,,,no
282,CUST101784,2023-05-12,36,Female,Zürich,STANDARD,Two year,NA,33,42.45,1423.94,3,-10,y,10,60,user1784@mail.net,393.555.0115,,crm_export_v2,,,N
283,missing,nan,null,?,,NA,NA,?,nan,?,nan,-,?,nan,null,nan,nan,,?,,None,nan,missing
284,CUST101351,05-09-2021,-70,male,Dubaii,STANDARD,Two year,Auto-debit,nan,54.76,2418.1,0,90.1,1,9,20,user1351@mail.net,604.555.0140,,crm_export_v2,,,Retained
285,CUST100699,2019/07/28,44,MALE,Berlin,basic,One year,Bank Transfer,25,null,$797.62,1,134.4 GB,yes,6,35,user699@outlook.com,+1-335-555-0160,,crm_export_v2,,,N
286,CUST101425,"Nov 20, 2023",19, Male,Paris,Standard,two year,AUTO-DEBIT,11,38.99,414.43,4,55.4,y,8,19,None,6455550199,test,crm_export_v2,,,N
287,CUST100151,"Sep 08, 2020",46,Female,Berlin,Std,Month-to-month,Debit Card,28,USD 48.45,1296.45,2,94105 MB,No,0,43,user151@mail.net,+1-964-555-0162,,crm_export_v2,,competitor offer,Churned
288,CUST100936,12-12-2019,39,M,Mumbai,Basic,Month-to-month,Bank Transfer ,58,20.15,"$1,192.96",3,131.5,N/A,7,74,user936@yahoo.com,+1-545-555-0128,,crm_export_v2,,moved,TRUE
289,CUST100828,05.03.24,37,Male,São Paulo,Basic,One year,Auto-debit,34,27.21,901.87,4,121344 MB,yes,7,78,user828@outlook.com,+1-746-555-0164,,crm_export_v2,,,Retained
290,CUST100751,20.11.19,49,Female,Toronto,Standard,One year,paypal,12,41.23,473.25,1,57.3,1,4,58,user751@example.org,(441) 555 0159,,crm_export_v2,,competitor offer,Y
291,CUST100593,11-15-2024,36,Female,ZÜRICH,basic,Month-to-month,auto-debit,69,22.84$,1644.54,3,90.7,Y,7,65,None,N/A,,crm_export_v2,,price,TRUE
292,CUST101774,11.08.23,49,Female,null,BASIC,One year,Credit Card,69,23.21,"$1,676.97",3,192.6,True,4,41,user1774@example.org,+1-267-555-0197,,crm_export_v2,,no longer needed,TRUE
293,CUST100146,17/03/2019,38,Male,Singapore,Standard,One year,PayPal,57,51.54,-,0,64.7,True,2,69,user146@gmail.com,7185550104,,crm_export_v2,,poor service,TRUE
294,CUST101180,2022/08/24,53,Male,Chicago,Basic,One year,Credit Card,14,10.0,134.44,3,105881 MB,n,7,83,user1180@@gmail,+1-512-555-0171,,crm_export_v2,,,0
295,CUST100901,2019/04/03,36,Male ,Chicago,Premium,Month-to-month,Bank Transfer,null,78.62,"$3,110.17",1,185.8 GB,Y,4,35,user901@yahoo.com,275.555.0124,test,crm_export_v2,,poor service,Y
296,CUST100923,2019/11/14,-54,Male,Paris,BASIC,Month-to-month,,2.0,10.0,20.63,3,null,no,6,16,N/A,nan,,crm_export_v2,,price,Churned
297,CUST101203,07-26-2023,None,Female,Toronto,standard,One year,Auto-debit,56,43.93,2515.45,2,56.4,Yes,6,39,,(868) 555 0158,,crm_export_v2,,,Retained
298,CUST100375,2019/07/26,47,Female,London,Basic,One year,bank transfer,6,20.62,127.03,6,112.4 GB,Y,9,58,user375@gmail.com,551.555.0131,,crm_export_v2,,,No
299,CUST100367,"Nov 22, 2020",46,Female,Toronto,Basic,One year,Credit Card,38,21.3,790.27,1,37.7,y,4,3,,+1-994-555-0130,,crm_export_v2,,,no
300,CUST100830,22.06.20,39,Male,New York,Basic,Month-to-month,PayPal,25,22.75,566.87,-,90.4,Y,6,62,user830@gmail.com,6425550108,,crm_export_v2,,moved,1
301,CUST100507,06-26-2020,39,Female,Toronto,premium,Month-to-month,PayPal,32,$80.15, ,3,NA,1,10,87,user507@example.org,000-000-0000,,crm_export_v2,,,Retained
302,CUST100754,2022-04-30,23,Female,Zurich,Premium,Two year,Credit Card,4,78.4,$317.23,-1,41.1,Yes,4,88,user754@outlook.com,+1-720-555-0138,,crm_export_v2,,no longer needed,Y
303,CUST101008,"May 26, 2023",51,Female,Zürich,Basic,One year,PayPal,47,17.89$,$849.86,3,5.6,yes,6,7,user1008@example.org,633.555.0196,,crm_export_v2,,,Retained
304,CUST101433,2022/05/16,35,Other,SYDNEY,Standard,One year,Debit Card,9,49.01,437.81,4,10.9,?,6,42,user1433@outlook.com,409.555.0136,,crm_export_v2,,competitor offer,TRUE
305,CUST101953,"Oct 15, 2021",32,nan,Zürich,Std,Month-to-month,N/A,4,$47.05,$182.37,3,22.2,Y,9,23,user1953@gmail.com,6905550193,,crm_export_v2,,,None
306,CUST101137,13.03.21,37,O,Chicago,Standard,Month-to-month,Bank Transfer,72,43.39,3065.76,2,82022 MB,0,null,16,missing,332.555.0181,,crm_export_v2,,,0
307,CUST101715,07/04/2024,54,Male,Singapore,Prem,Two year,Auto-debit,44.0,$71.23,3208.25,three,42.4,True,5,1,user1715@example.org,353.555.0162,,crm_export_v2,,,None
308,CUST101688,08-19-2024,33,Female,Pariss,Basic,Month-to-month,Credit Card,52,20.14,1098.56,3,96.0,TRUE,null,80,user1688@example.org,+1-799-555-0177,,crm_export_v2,,,no
309,CUST100141,2020-04-14,58,Female,Mumbai,Standard,One year,Debit Card,13,43.43,,2,121036 MB,n,10,30,user141@mail.net,(736) 555 0135,,crm_export_v2,,,N
310,CUST101256,01/05/2020,31,Male,London,Basic,Two year,Debit Card,63,21.19,"$1,396.29",3,86.3,TRUE,7,82,N/A,+1-291-555-0134,,crm_export_v2,,,Retained
311,cust100891,2023-04-04,46,f,NEW YORK,Basic,One year,Auto-debit,45,$18.05,$773.72,2,68.1,True,9,59,user891@outlook.com,6695550130,,crm_export_v2,,,no
312,cust101748,29.10.23,42,Female ,DUBAI,Basic,Month-to-month,Auto-debit,1,21.23,22.03,3,58.0,y,7,45,user1748@gmail.com,(543) 555 0176,,crm_export_v2,,,N
313,CUST100972,2021-11-11,31,Male ,Toronto,Basic,Month-to-month,Bank Transfer,47,31.75,"$1,563.30",4,65.3,False,6,30,user972@yahoo.com,3785550197,,crm_export_v2,,,FALSE
314,CUST101923,"Aug 09, 2021",30,Male ,Singapur,Basic,Month to month,Debit Card ,5,15.73,80.37,null,48.8,N,,87, user1923@example.org ,4615550177,asked for discount,crm_export_v2,,competitor offer,TRUE
315,CUST100328,2019/11/06,52,Female,Berlinn,Bsc,Month-to-month,Credit Card,18,17.5$,322.59,0,50.2,no,7,23,user328@example.org,?,,crm_export_v2,,poor service,1
316,CUST101072,"Jul 15, 2023",-45,female,Dubai,standard,Month-to-month,PayPal,15,33.98,$496.95,7,77.0,Yes,5,80,user1072@outlook.com,+1-307-555-0116,,crm_export_v2,,competitor offer,1
317,CUST100474,21/10/2022,46,Male,sao paulo,Standard,Two year,AUTO-DEBIT,11,39.4,NA,-,9.1,True,6,73,user474@outlook.com,(220) 555 0121,,crm_export_v2,,,Retained
318,CUST101146,03-09-2022,44,m,Singapore,Standard,Month-to-month,Bank Transfer,-12,USD 43.09,2602.31,1,15.6,False,4,0,user1146@mail.net,5075550165,,crm_export_v2,,moved,Churned
319,CUST100094,2024/05/20,60,Female,Mumbai,Basic,Month-to-month,bank transfer,51,21.63,"1,083.15",1,91648 MB,TRUE,5,66,user94@outlook.com,209.555.0135,,crm_export_v2,,no longer needed,Y
320,CUST101077,12-30-2019,23,,null,Standard,Month-to-month,PayPal,65,48.95,3084.42,2,133.7 GB,TRUE,8,NA,no-email,722.555.0142,,crm_export_v2,,,0
321,CUST100638,"Oct 03, 2023",59,Male,Dubai,Standard,Month-to-month,Debit Card,3,40.37,$116.41,0,118.7 GB,True,7,7,user638@mail.net,6655550192,,crm_export_v2,,,no
322,CUST101934,18.11.19,23,female,None,basic,Month-to-month,Bank Transfer,65,$25.87,"$1,705.86",2,133222 MB,Y,5,45,user1934@outlook.com,+1-618-555-0147,,crm_export_v2,,,N
323,CUST100755,2021/08/17,-,male,?,Bsc,Two year,Credit Card,60,20.88,1194.91,1,92569 MB,NA,2,75,user755@mail.net,2065550122,,crm_export_v2,,,0
324,CUST100298,"Sep 15, 2020",39,Male,Sydney,Standard,One year,Debit Card,38,$60.67,2284.1,two,105.1,Yes,9,70,user298@mail.net,+1-540-555-0131,,crm_export_v2,,no longer needed,Yes
325,CUST101209,10.10.24,47,Female,Singapur,STANDARD,Month-to-month,Debit Card,70,35.75,"$2,397.04",0,6.8,y,3,null,user1209@mail.net,231.555.0124,,crm_export_v2,,poor service,Churned
326,CUST100374,24/04/2024,47,Male,Chicago,Basic ,One year,Bank Transfer,61,20.26,"$1,205.25",3,76.4 GB,Y,2,86,user374@mail.net,+1-813-555-0139,,crm_export_v2,,price,TRUE
327,CUST101266,05-01-2019,62,F,Sidney,Standard,month-to-month,Credit Card,24,40.08,952.38,3,21299 MB,TRUE,N/A,32,user1266@example.org,(412) 555 0149,,crm_export_v2,,,Retained
328,CUST101903,2020-06-28,18,Female ,New York,Basic,One year,Credit Card,8,10.0,76.86,4,67.4,True,5,79,user1903@example.org,+1-797-555-0197,,crm_export_v2,,no longer needed,1
329,CUST100845,"Jan 12, 2019",45,None,São Paulo,Basic,One year,Credit Card,4,?,156.2,6,150835 MB,y,7,54, user845@gmail.com ,734.555.0176,,crm_export_v2,,,N
330,CUST100412,2020-09-03,?,Female,Pariss,Standard,One year,Debit Card ,62,45.05,None,2,56.3,N,6,68,user412@example.org,252.555.0129,VIP???,crm_export_v2,,,no
331,CUST100876,03-28-2022,22,M,Dubai,Standard,Month-to-month,Bank Transfer,1.0,48.6,$49.72,null,147.2 GB,True,3,11,?,765.555.0109,asked for discount,crm_export_v2,,no longer needed,yes
332,CUST100556,2023/05/31,39,MALE,Toronto,Standard,Month-to-month,PayPal,32,52.33,"$1,745.33",5,118.3 GB,y,8,6,user556@gmail.com,466.555.0149,,crm_export_v2,,poor service,nan
333,CUST101723,2023-05-21,24,M,LONDON ,Basic,Month-to-month,Debit Card,25,15.41, ,3,None,1,9,1,user1723@@gmail,(934) 555 0181,,crm_export_v2,,,No
334,CUST101944,2021-04-12,66,female,Pariss,Standard,Month-to-month,PayPal,29,$46.73,1328.44,0,95.6,y,5,42,user1944@gmail.com,+1-702-555-0105,,crm_export_v2,,,Retained
335,CUST100558,02/10/2023,55,Male,zurich,Premium,Month-to-month,Debit Card,,87.32,"5,776.56",2,148.1,1,6,64,user558@outlook.com,940.555.0153,,crm_export_v2,,,N
336,CUST101113,"Oct 01, 2020",46,Male,Dubai,Standard ,Month-to-month,Auto-debit,18.0,47.42,864.19,2,146.3 GB,yes,7,63,user1113@example.org,7505550108,,crm_export_v2,,,no
337,CUST101478,2020/05/19,75,Male,Toronto,Standard,Two year,Bank Transfer,36,$50.09,1807.77,1,15.2 GB,No,9,44,user1478@gmail.com,(426) 555 0127,,crm_export_v2,,,no
338,CUST100899,11.09.22,38,female,chicago,Standard,Two year,Debit Card,None,48.48,1015.45,1,,Y,10,34,user899@example.org,+1-242-555-0119,,crm_export_v2,,,Retained
339,CUST100347,11.08.24,48,Female,?,Standard,Month-to-month,Debit Card,59,44.77, ,4,37.4 GB,nan,5,55,user347@mail.net,(596) 555 0187,Recontact in Q3,crm_export_v2,,,FALSE
340,CUST100774,2024-01-28,60,Femail,Dubai,Standard,Two year,Credit Card,39,47.75,"$1,797.43",1,145.3,yes,9,11,user774@example.org,(851) 555 0156,,crm_export_v2,,,No
341,CUST101319,19/05/2021,50,Female,Zurich,Std,One year,Bank Transfer,23,52.68,"$1,194.51",3,173.0 GB,Yes,5,48,NA,000-000-0000,,crm_export_v2,,competitor offer,Yes
342,CUST101461,2020-11-15,41,Male,Sydney,Basic,Month-to-month,,5.0,$26.26,133.91,3,59.8 GB,FALSE,6,42,user1461@yahoo.com,(822) 555 0181,,crm_export_v2,,competitor offer,1
343,CUST100527,2019-11-12,36,Female,Toronto,Basic,Two year,PayPal,53,22.01, ,1,78.9 GB,-,5,71,USER527@EXAMPLE.ORG,256.555.0140,,crm_export_v2,,,FALSE
344,CUST101371,01-21-2021,55,female,Dubai,Premium,Month-to-month,Credit Card,7,$80.89,$576.07,3,33.4,Yes,8,73,user1371@gmail.com,-,,crm_export_v2,,price,Churned
345,CUST100116,03-23-2019,42,F,Mumbai,Standard,month-to-month,PayPal,70,$47.77,3214.77,2,40.0,Yes,5,61,user116@gmail.com,944.555.0138,,crm_export_v2,,no longer needed,TRUE
346,CUST101810,19/06/2020,35,Male,Berlin,BASIC,one year,Credit Card,16,$19.26, ,3,None,True,,32,user1810@mail.net,2575550144,,crm_export_v2,,,0
347,CUST101595,29.12.19,58, Male,Toronto,Standard,One year,Debit Card,42,32.11,1298.14,0,124.1,Yes,9,46,user1595@mail.net,(745) 555 0118,,crm_export_v2,,,No
348,CUST100547,2022-07-18,19,Male,Berlin,Standard,Month-to-month,Bank Transfer,1,58.15,59.53,3,121.5,True,6,81,user547@mail.net,+1-360-555-0100,,crm_export_v2,,price,Y
349,CUST100004,08-06-2021,40,F,Dubaii,Standard,Two year,Auto-debit,32,43.93,1427.63,3,89.8,True,6,45,user4@gmail.com,421.555.0111,,crm_export_v2,,,FALSE
350,CUST101506,2024-06-25,49,Male,Dubai,Basic,Two year,Credit Card ,6,13.21,75.57,1,220.0 GB,FALSE,7,57,user1506@example.org,+1-461-555-0169,,crm_export_v2,,,No
351,CUST100046,"Sep 03, 2021",19,Male,Paris,Basic,One year,Bank Transfer,48,$19.88,952.43,4,20070 MB,1,NA,71,user46@yahoo.com,7625550138,,crm_export_v2,,,No
352,CUST100718,"May 31, 2020",49,Female,london,Premium,Two year,Bank Transfer,60,80.13,"$4,570.13",0,72.7,no,7,61,user718@gmail.com,+1-341-555-0116,,crm_export_v2,,,0
353,CUST101864,"Jan 04, 2024",54,female,London,BASIC,Two year,PayPal,65,17.23,"1,089.20",3,104.1 GB,TRUE,9,66,user1864@gmail.com,(252) 555 0137,,crm_export_v2,,,no
354,CUST100372,06-17-2021,38,N/A,Sydney,Basic,One year,Debit Card,27,$30.46,831.49,2,116.9,yes,6,44,user372@example.org,(870) 555 0116,duplicate account?,crm_export_v2,,,N
355,CUST101320,08/09/2019,missing,,NYC,Basic,nan,Bank Transfer,38,16.46,$603.34,1,44.0,Y,8,89,user1320@outlook.com,5105550122,,crm_export_v2,,,no
356,CUST101260,08-05-2020,49, Male,Paris,Premium,Month-to-month,Auto-debit,55,$72.51,3900.35,2,67.1,y,7,68,user1260@example.org,+1-207-555-0111,,crm_export_v2,,,No
357,CUST101497,2023/09/06,32,f,Chicago,basic,Two year,Debit Card,51,13.17,644.86,4,89.3,True,8,33,user1497@yahoo.com,NA,,crm_export_v2,,,no
358,CUST100713,"Jul 31, 2023",21,m,None,Standard,One year,Auto-debit,33,36.94, ,99,165.2,Yes,2,36,user713@outlook.com,(401) 555 0186,,crm_export_v2,,,Retained
359,CUST101956,2022/03/03,33,Female,Berlin,Premium,Month-to-month,bank transfer,41,72.01,2991.97,2,36454 MB,y,1,30,user1956@outlook.com,343.555.0113,,crm_export_v2,,competitor offer,Y
360,CUST101977,01-19-2021,39,male,CHICAGO ,standard,None,Bank Transfer,2,36.0,69.59,2,14.8,Y,3,85,user1977@@gmail,(904) 555 0176,,crm_export_v2,,price,Y
361,CUST100596,"Jun 22, 2022",26,FEMALE,Bombay,Basic,Month-to-month,Bank Transfer,70,12.89,$940.24,4,0.076 TB,1,10,52,user596@example.org,(662) 555 0113,,crm_export_v2,,,0
362,CUST101034,"May 26, 2019",32,Male,Toronto,Standard,Month-to-month,Debit Card,32,USD 45.95,"$1,514.36",6,224.5,1,8,10,USER1034@YAHOO.COM,3375550101,,crm_export_v2,,,No
363,CUST100579,11/08/2019,18,Female,nan,Premium,Month-to-month,Debit Card,nan,83.28,880.69,2,135884 MB,y,6,68,user579@example.org,(722) 555 0161,,crm_export_v2,,poor service,TRUE
364,CUST101640,2023/04/30,38,M,São Paulo,Standard,?,Debit Card,34,45.22,1613.23,3,11.9,Y,1,77,no-email,7685550159,,crm_export_v2,,price,Churned
365,CUST100578,10.05.24,38,Female,SYDNEY,Basic,Month-to-month,Debit Card,48,21.12$,1046.89,4,60.2,TRUE,6,22,user578@example.org,707.555.0151,,crm_export_v2,,competitor offer,yes
366,CUST100194,"Oct 02, 2024",36,Male,São Paulo,Standard,One year,PayPal,41,$41.11,1718.87,3,48.6,-,10,1,nan,875.555.0133,,crm_export_v2,,,No
367,CUST100426,missing,47,Female,missing,Standard,One year,Auto-debit,38,33.41,1283.23,2,5000,No,7,80,user426@outlook.com,+1-785-555-0116,,crm_export_v2,,moved,Yes
368,CUST101588,02/03/2024,36,Female,SINGAPORE,Basic,ONE YEAR,Auto-debit,0.0,22.3,$976.09,2,54.6 GB,y,5,nan,user1588@example.org,+1-868-555-0101,,crm_export_v2,,poor service,yes
369,CUST101949,12-05-2020,thirty five,Male,Chicago,Standard,One year,Auto-debit,33,$39.10,"$1,292.72",2,87.6 GB,TRUE,,57,user1949@gmail.com,9205550123,,crm_export_v2,,,No
370,CUST101624,04-26-2022,69,Male,Chicago,Standard,Month-to-month,Debit Card,26,$41.05,"$1,089.99",3,110.0,Y,3,70,user1624@gmail.com,9645550126,,crm_export_v2,,competitor offer,1
371,CUST101858,2022/02/21,39,Male,Paris,Basic,Two year,Bank Transfer,36,10.33,$363.77,2,220.4 GB,yes,8,35,user1858@example.org,(572) 555 0155,##,crm_export_v2,,,0
372,CUST100470,06-05-2023,18,NA,Mumbai,Basic,Month to month,nan,24,N/A,453.12,1,66.6,Y,5,69,user470@gmail.com,(513) 555 0120,,crm_export_v2,,price,Yes
373,CUST101727,2022-06-02,59,F,Singapore,Basic,One year,Credit Card,28,23.52,$657.30,5,51.4,Yes,4,15,user1727@gmail.com,4325550182,,crm_export_v2,,,FALSE
374,CUST100113,02/10/2021,44,female,Dubai,Premium,Two year,Credit Card,18,78.24,"$1,461.02",3,114.2 GB,0,10,87,user113@outlook.com,+1-201-555-0197,,crm_export_v2,,,N
375,CUST101943,03-07-2019,35,Female,São Paulo,Prem,Month-to-month,Auto-debit,17,79.66,"$1,301.42",1,15564 MB,yes,4,18,user1943@outlook.com,+1-961-555-0164,,crm_export_v2,,price,yes
376,CUST101022,17/03/2024,23,f,New York,Basic,Two year,Debit Card,58,16.44$,940.85,5,114585 MB,TRUE,2,59,user1022@yahoo.com,+1-651-555-0194,,crm_export_v2,,no longer needed,Y
377,CUST100330,nan,150,Male,N/A,Basic,Two year,bank transfer,64,17.21,1069.34,0,85094 MB,y,8,86,user330@yahoo.com,+1-884-555-0129,VIP???,crm_export_v2,,,N
378,CUST101005,10/07/2024,42,MALE,São Paulo,standard,Month-to-month,Bank Transfer,12,$45.28,547.36,1,77.9,Yes,null,41,user1005@outlook.com,12345,,crm_export_v2,,no longer needed,Yes
379,CUST101714,11-12-2022,38,Male,TORONTO,Premium,Month-to-month,Bank Transfer,25,78.95, ,2,,True,7,54,user1714@outlook.com,(708) 555 0106,,crm_export_v2,,,No
380,CUST100350,13.03.22,46,female,chicago,Premium,Month-to-month,Bank Transfer,19,80.19,1555.27,3,39628 MB,yes,7,82,user350@yahoo.com,5895550167,test,crm_export_v2,,,No
381,CUST101256,01/05/2020,31,Male,London,Basic,Two year,Debit Card,63,21.19,"$1,396.29",3,86.3,TRUE,7,82,N/A,+1-291-555-0134,,crm_export_v2,,,Retained
382,CUST101766,2022-01-09,35,Male,dubai,Premium ,One year,Bank Transfer,61,$79.01,5012.98,0,27.8 GB,TRUE,10,41,USER1766@GMAIL.COM,(814) 555 0123,,crm_export_v2,,,No
383,CUST101893,05.04.23,22,FEMALE,Singapore,Basic,ONE YEAR,debit card,17,26.68,$463.01,5,30.3 GB,y,3,40,user1893@yahoo.com,(644) 555 0152,,crm_export_v2,,no longer needed,Y
384,CUST100109,03-25-2023,58,Female,Torontoo,Standard,one year,PayPal,43,$50.36,"2,259.96",5,61.1 GB,0,6,68,user109@example.org,741.555.0195,,crm_export_v2,,no longer needed,Y
385,CUST100930,03-23-2022,47, Male,Chicago,Standard,Month to month,Credit Card,56,52.78,"2,910.53",0,19.8,y,2,63,user930@mail.net,668.555.0155,Recontact in Q3,crm_export_v2,,poor service,Churned
386,CUST101687,2021/06/12,41,Male,Zurich,Basic,Month-to-month,Debit Card,4,USD 22.48,$86.07,1,58.9 GB,1,6,0,user1687@gmail.com,+1-360-555-0197,,crm_export_v2,,poor service,TRUE
387,CUST101344,13/02/2020,45,Male,Mumbai,Basic,Month-to-month,Bank Transfer,44,16.58, ,2,19.1 GB,TRUE,8,18,user1344@gmail.com,(793) 555 0128,,crm_export_v2,,,N
388,CUST101940,N/A,41,Male,London,Prem,Month-to-month,Debit Card,30,USD 91.07,2731.3,1,139.1 GB,True,7,2,user1940@yahoo.com,+1-908-555-0191,,crm_export_v2,,,Retained
389,cust100180,2024/08/16,36,Female,SINGAPUR,BASIC,Month-to-month,Debit Card,36,14.09,509.19,0,190.8,No,3,80,user180@yahoo.com,+1-526-555-0174,,crm_export_v2,,poor service,Yes
390,CUST101785,"Jun 17, 2020",20,FEMALE,dubai,Standard,Two year,AUTO-DEBIT,54,51.11,"$2,888.47",3,-10,TRUE,8,0,None,718.555.0131,,crm_export_v2,,,0
391,CUST100454,"Jul 31, 2022",38,Femail,Sydney,Premium,One year,Credit Card,999,75.0,2646.91,2,19660 MB,,8,-5,user454@yahoo.com,+1-781-555-0136,,crm_export_v2,,,Retained
392,CUST101353,06-27-2024,46,f,Singapur,BASIC,Month-to-month,PayPal,4,14.54,$59.32,0,134.3 GB,y,10,27,null,(291) 555 0198,,crm_export_v2,,,FALSE
393,CUST100311,"Jan 12, 2023",46,F,São paulo,Premium,One year,Auto-debit,30,86.75,2505.14,0,170393 MB,1,null,21,user311@mail.net,+1-922-555-0144,,crm_export_v2,,,No
394,CUST100095,23/09/2020,35,Male,Mumbai,Basic,One year,Credit Card,14,15.58,227.3,5,72.6 GB,nan,7,63,,483.555.0185,,crm_export_v2,,moved,Yes
395,CUST101582,2022/02/02,47,Female,Mumbai,Standard,Month-to-month,Bank Transfer,,37.84,"$2,315.90",1,40.7 GB,Y,7,41,user1582@mail.net,(471) 555 0188,,crm_export_v2,,,no
396,CUST100762,"Sep 09, 2024",41,Female,Sydney,Basic,One year,Auto-debit,47,18.68,899.37,1,44.0,yes,6,77,user762@outlook.com,+1-287-555-0109,,crm_export_v2,,,N
397,CUST100043,02-15-2021,25,Female,Singapore,Basic,TWO YEAR,Credit Card ,16,$19.84,$328.47,4,50.6 GB,N,3,86,user43@yahoo.com,503.555.0101,,crm_export_v2,,moved,Churned
398,CUST100019,13/09/2021,23,Female,Berlin,Basic,Two year,,44,16.55,719.79,0,65.3,Yes,10,18,user19@outlook.com,(280) 555 0144,n/a,crm_export_v2,,,Retained
399,CUST100357,?,44,Female,Chicago,Basic,Month-to-month,PayPal,6,USD 12.94,79.22,3,83148 MB,N,NA,,user357@outlook.com,6675550156,,crm_export_v2,,no longer needed,Y
400,CUST100360,yesterday,20,FEMALE,singapore,Standard,Month-to-month,Debit Card,68.0,$46.70,3248.81,2,46.2,no,5,64,user360@mail.net,(679) 555 0175,##,crm_export_v2,,,No
401,CUST100788,07.04.22,49, Male,London,Basic,One year,Auto-debit,52,$19.86,"$1,031.64",4,51.4,y,4,33,user788@yahoo.com,(331) 555 0154,,crm_export_v2,,,no
402,CUST101127,"Oct 28, 2022",42,Female,singapore,Standard,One year,Credit Card,52,54.29, ,1,100.0,y,5,68,None,+1-287-555-0116,,crm_export_v2,,,Retained
403,CUST100610,-,54,Femail,Chicago,Bsc,Month-to-month,PayPal,35,USD 20.9,$734.71,3,80486 MB,True,6,19,USER610@GMAIL.COM,272.555.0131,,crm_export_v2,,,0
404,CUST101515,2024-07-30,44,m,london,Prem,Two year,paypal,-,$80.63,"$3,811.13",1,87.1,Y,9,3,user1515@gmail.com,(829) 555 0177,,crm_export_v2,,,no
405,CUST100613,23.04.21,56,Male,New York,Premium,Month-to-month,Auto-debit,14,78.11,1103.22,4,24.4,1,8,15,user613@example.org,+1-312-555-0168,n/a,crm_export_v2,,poor service,1
406,CUST101539,2022-09-20,61,Female,Singapore,Basic,Month-to-month,PayPal,49,26.48,"$1,327.51",2,149.8,True,6,78,user1539@mail.net,8525550169,,crm_export_v2,,price,TRUE
407,CUST100392,2021-03-15,-,f,New Yrok,Basic,Month-to-month,Auto-debit,23,1966.0,460.08,3,32256 MB,yes,5,None,user392@example.org,(731) 555 0163,,crm_export_v2,,moved,Yes
408,CUST101663,27.04.22,42,Female,-,Basic,Month-to-month,Credit Card,26,20.42, ,0,52.8,1,4,73,no-email,(598) 555 0195,,crm_export_v2,,price,Y
409,CUST100795,08.10.20,33,Male,São Paulo,Standard,Month-to-month,Debit Card,52,41.62,2225.21,2,118.5,yes,3,74,NA,(645) 555 0198,,crm_export_v2,,no longer needed,Yes
410,CUST101720,14.07.19,38,Female,Zürich,Premium,Month-to-month,Bank Transfer,50,87.64,4249.82,2,38.1,Yes,8,70,user1720@example.org,9625550110,,crm_export_v2,,,Retained
411,nan,-,N/A,None,None,missing,?,missing,,null,NA,None,null,None,nan,missing,NA,nan,-,N/A,?,missing,NA
412,CUST100222,2023/03/22,39,MALE,New York,Bsc,month-to-month,Bank Transfer,38,19.13,703.55,2,56.0,TRUE,6,59,user222@mail.net,3825550167,,crm_export_v2,,,no
413,CUST100921,06-07-2022,21,Other,toronto,Bsc,One year,Auto-debit,27,16.53,430.83,null,92057 MB,Y,9,31,user921@example.org,+1-634-555-0172,,crm_export_v2,,,N
414,CUST101811,"Nov 30, 2022",,Male,ZÜRICH,Standard,Two year,Bank Transfer,39.0,51.39,"1,931.56",4,27.5,Y,8,65,user1811@yahoo.com,(925) 555 0157,,crm_export_v2,,,Retained
415,CUST101136,"May 07, 2023",51,Female,Mumbai,Standard,One year,Debit Card,71,45.69,"$3,184.00",2,147.4,y,2,43,user1136@gmail.com,402.555.0141,,crm_export_v2,,,Retained
416,CUST101771,06/04/2021,73,Male,Bombay,Standard ,One year,PayPal,54,30.81, ,6,32.0,Yes,9,4,user1771@gmail.com,454.555.0163,,crm_export_v2,,,No
417,CUST100111,09-06-2023,33,FEMALE,Sydney,Standard,Month-to-month,BANK TRANSFER,40,43.79,1758.39,0,104.1,Y,9,42,user111@yahoo.com,(370) 555 0147,,crm_export_v2,,,N
418,CUST100471,10-28-2023,25,Female,Pariss,Premium,ONE YEAR,Bank Transfer,23,USD 67.7,"$1,559.71",2,65.1,True,2,nan,user471@yahoo.com,8525550131,,crm_export_v2,,,FALSE
419,CUST100837,2020-03-10,42,Male,berlin,Standard,Month-to-month,Credit Card,7,USD 50.07,349.44,1,30.2,yes,7,72,user837@example.org,(659) 555 0175,,crm_export_v2,,price,1
420,CUST100397,03-06-2020,36,Other,Sydney,Basic,Two year,None,60,15.57,903.23,0,40.8 GB,no,9,1,user397@yahoo.com,+1-317-555-0154,,crm_export_v2,,,No
421,CUST101134,09-06-2022,19,missing,Toronto,Basic,Month-to-month,debit card,66,$28.50,1881.21,2,91.7,1,4,88,user1134@yahoo.com,NA,,crm_export_v2,,competitor offer,Y
422,CUST101534,24.11.23,44,Female,Zürich,Premium,One year,CREDIT CARD,60,82.22,5052.18,3,79.6,yes,4,5,user1534@gmail.com,560.555.0103,,crm_export_v2,,poor service,TRUE
423,CUST101660,09-19-2022,60,female,Singapore,Standard,Month-to-month,Bank Transfer,53,44.41,2319.72,1,26.8 GB,yes,6,44,user1660@gmail.com,+1-775-555-0111,,crm_export_v2,,,N
424,CUST100313,"Sep 07, 2020",57,Female ,Zurich,Standard,Month-to-month,Credit Card ,9,$41.67,$389.96,0,129638 MB,y,4,38,user313@mail.net,+1-511-555-0106,,crm_export_v2,,no longer needed,Churned
425,CUST100287,06-06-2022,32,Female,Singapore,Premium,Month-to-month,Debit Card,67,$83.43,5468.88,2,44851 MB,True,5,68,user287@mail.net,827.555.0110,,crm_export_v2,,poor service,Churned
426,CUST101611,11.11.19,57,female,Sidney,Basic,Month-to-month,Bank Transfer,-12,USD 20.57,1413.33,2,25.7 GB,no,4,36,user1611@example.org,(968) 555 0190,,crm_export_v2,,poor service,Y
427,CUST100649,02/02/2024,79,Male ,dubai,Basic,Month-to-month,Bank Transfer,8.0,$23.65,$186.34,3,79.4,TRUE,6,15,user649@yahoo.com,+1-606-555-0130,,crm_export_v2,,no longer needed,yes
428,CUST100653,2023-10-28,49,Female,New York,Standard,Month-to-month,PayPal,34,46.23,1614.75,1,96.3,0,9,55,user653@example.org,2385550149,,crm_export_v2,,poor service,1
429,CUST100594,12-03-2020,43,m,TORONTO,Standard,Two year,bank transfer,46,$42.35, ,null,155.4 GB,y,9,13,user594@outlook.com,3325550128,,crm_export_v2,,price,Yes
430,CUST100341,09-29-2020,18,Male ,New York,Basic,One year,PayPal,12,$28.34,$334.60,2,20.8,Y,3,55,user341@mail.net,935.555.0138,,crm_export_v2,,poor service,Y
431,CUST100544,25.12.23,48,m,São Paulo,PREMIUM,Month-to-month,PayPal,71,80.36,5885.18,0,69.3,y,10,84,user544@gmail.com,(749) 555 0197,,crm_export_v2,,,FALSE
432,CUST100848,"Dec 01, 2023",35,Male,London,Premium,missing,None,49,83.33,3902.83,1,61.6 GB,Yes,null,-,user848@outlook.com,(719) 555 0181,,crm_export_v2,,,Retained
433,CUST101717,04-10-2021,22,Male,Chicago,premium,Month-to-month,PayPal ,58,77.35,"$4,632.28",2,68.4,yes,9,84,user1717@yahoo.com,4705550194,,crm_export_v2,,,FALSE
434,CUST101421,"Dec 18, 2024",56,Male,NYC,STANDARD,Month-to-month,PayPal,66,38.94,2463.55,3,14.4 GB,1,4,67,user1421@outlook.com,(892) 555 0153,,crm_export_v2,,moved,TRUE
435,CUST100885,05-28-2023,37,Male ,Mumbai,Standard,Month-to-month,PayPal,62,42.51,"$2,527.25",2,24.4,yes,6,6,user885@example.org,7135550141,,crm_export_v2,,,no
436,CUST100438,2019-06-27,50,m,Mumbai,Standard,Month-to-month,PAYPAL,50,USD 40.05,2079.37,2,63.2,True,4,23,user438@outlook.com,678.555.0130,,crm_export_v2,,poor service,TRUE
437,CUST101138,2023-06-17,34,Male,Singapore,Standard,Month-to-month,auto-debit,46,41.4,1951.08,3,31129 MB,True,4,22,user1138@example.org,723.555.0198,,crm_export_v2,,,Retained
438,CUST101269,"Apr 17, 2019",40,Male,Dubai,STANDARD,Month-to-month,Credit Card,49,58.73,"$2,926.51",3,,1,9,4,user1269@example.org,7995550124,,crm_export_v2,,,0
439,CUST100652,"Mar 19, 2020",31,Female ,New Yrok,Premium,Month-to-month,PayPal,nan,$79.86,"$5,674.18",4,17.4 GB,yes,9,61,user652@yahoo.com,2965550121,,crm_export_v2,,,Retained
440,CUST101725,11/09/2023,0,Female,chicago,N/A,Two year,Bank Transfer,19,16.43,$299.47,3,28467 MB,Yes,None,8,user1725@yahoo.com,+1-373-555-0176,,crm_export_v2,,,no
441,CUST100017,N/A,46,Female,Sydney,Premium,Two year,Bank Transfer,21.0,$86.33,"1,861.67",3,88576 MB,yes,6,47,user17@example.org,(726) 555 0147,,crm_export_v2,,moved,1
442,CUST100701,None,45,Male,Dubai,Basic,Month-to-month,Debit Card,19,14.14,275.75,0,30.8,Y,missing,61,user701@gmail.com,+1-329-555-0177,,crm_export_v2,,competitor offer,TRUE
443,CUST101194,25.02.22,29,Male,Paris,Premium,None,Bank Transfer,16,$71.09, ,1,-,TRUE,7,59,no-email,9815550161,,crm_export_v2,,,N
444,CUST101336,29.10.22,35,m,Paris,Premium,Month-to-month,Debit Card,NA,83.16,"5,759.27",1,134.5 GB,Yes,3,33,user1336@example.org,(884) 555 0167,,crm_export_v2,,price,yes
445,CUST100587,06.08.19,23,Male,Mumbai,Basic,Month-to-month,Debit Card,60,11.63,703.15,3,60.0,y,5,11,user587@example.org,781.555.0172,,crm_export_v2,,poor service,1
446,CUST100351,2019-04-09,22,Female,Bombay,basic,Two year,Credit Card,45.0,?,1019.81,1,98.5 GB,yes,4/10,86,user351@example.org,211.555.0155,,crm_export_v2,,,no
447,CUST101601,06-06-2023,18,Male,London,Standard,One year,Credit Card,63.0,39.23,,2,61.2 GB,1,4,31,user1601@example.org,(574) 555 0129,,crm_export_v2,,,N
448,CUST100927,2020/10/21,38,F,New York,Standard,One year,Bank Transfer,39,42.75,1647.29,3,113.4 GB,y,8,69,user927@outlook.com,(894) 555 0113,VIP???,crm_export_v2,,price,yes
449,CUST101571,03-02-2021,49,Female,ZÜRICH,Standard,Month-to-month,Auto-debit,57,33.76,2014.29,4,110387 MB,Y,7,21,-,-,,crm_export_v2,,,No
450,CUST101522,null,41,Female,?,Basic,One year,Bank Transfer,25,16.86,$417.52,3,99.6,TRUE,9,58,user1522@example.org,796.555.0190,,crm_export_v2,,,no
451,CUST100042,15/03/2023,46,FEMALE,NYC,Bsc,Month-to-month,Bank Transfer,12,$27.66,347.11,0,100.6,Yes,5,65,None,,,crm_export_v2,,,FALSE
452,CUST100054,"Dec 26, 2021",,Female,Chicago,Standard,Month-to-month,Auto-debit,9,48.99,453.8,2,45.6,TRUE,8,37,user54@mail.net,307.555.0188,,crm_export_v2,,,FALSE
453,CUST100263,19.07.24,34, Male,Sydney,Basic,Month-to-month,Auto-debit,1,10.0,$10.07,2,39.0 GB,y,5,61,N/A,+1-411-555-0170,,crm_export_v2,,price,yes
454,CUST100101,2020/03/13,60,Female,Sydney,Premium,One year,Auto-debit,72,80.05,5509.17,4,93.8 GB,FALSE,6,70,user101@outlook.com,+1-803-555-0191,,crm_export_v2,,poor service,Churned
455,CUST100275,"Nov 22, 2021",63,Female,CHICAGO ,Basic,Two year,Auto-debit,58,$16.83,952.63,2,77.0,TRUE,4,49,user275@mail.net,756.555.0130,!!!,crm_export_v2,,,No
456,CUST100286,2019/12/19,45,Male,New York,Basic,Month-to-month,paypal,16,$16.62,264.16,5,50.3,no,4,35,user286@mail.net,6395550159,,crm_export_v2,,,No
457,CUST100446,18/11/2020,57,Female,Dubai,Standard,Month-to-month,paypal,1,45.0,45.51,0,21.8,1,3,45,user446@gmail.com,837.555.0159,,crm_export_v2,,price,yes
458,CUST101116,12-20-2024,43,FEMALE,Singapore,Standard,MONTH-TO-MONTH,Auto-debit,56,45.03$,2564.04,4,60928 MB,0,7,56,user1116@@gmail,+1-551-555-0148,,crm_export_v2,,,N
459,CUST100249,02/04/2019,18,M,Toronto,Premium,Month-to-month,bank transfer,20,$71.67,1410.75,1,86.8,yes,7,64,user249@yahoo.com,(888) 555 0116,,crm_export_v2,,moved,1
460,CUST101448,07.06.23,59,Male,New York,Standard,ONE YEAR,debit card,16,42.69,651.28,7,99.4 GB,TRUE,7,73,user1448@yahoo.com,6285550155,,crm_export_v2,,poor service,Yes
461,CUST101047,2022/08/08,62,Femail,Zürich,Standard,Month-to-month,Auto-debit,52,53.04, ,2,33.0,1,5,10,user1047@yahoo.com,754.555.0167,,crm_export_v2,,price,Churned
462,CUST100731,"Jul 05, 2021",18,f,zurich,Premium,One year,Auto-debit,57,USD 78.66,4279.42,three,68.7,?,2,0,?,(951) 555 0129,,crm_export_v2,,,Retained
463,CUST101879,08-08-2019,34,male,?,Premium,Month-to-month,Bank Transfer,8,74.48,$569.20,2,90.6,Yes,10,80,user1879@example.org,643.555.0131,,crm_export_v2,,poor service,Churned
464,CUST101187,"Aug 03, 2022",44,m,New York,Standard,Month-to-month,Auto-debit,24,43.39,1008.45,1,37.7 GB,y,7,50,user1187@outlook.com,(601) 555 0171,,crm_export_v2,,,0
465,CUST101252,2019/06/12,22, Male,Singapore,Basic ,One year,Debit Card,2,24.06,50.43,0,76.9 GB,Yes,100,49,user1252@mail.net,9265550180,,crm_export_v2,,,no
466,CUST100344,06.06.24,51,Female,SYDNEY,STANDARD,Month-to-month,PayPal,71,$50.75,3739.3,3,35.7,Yes,5,19,user344@gmail.com,5145550157,,crm_export_v2,,,no
467,CUST100748,2020-11-16,43 yrs,Male,Singapore,Basic,Month-to-month,PayPal,6,26.54,156.5,2,100.5 GB,Yes,7,37,user748@gmail.com,+1-743-555-0161,,crm_export_v2,,moved,yes
468,CUST101170,09.10.22,52,Female,São Paulo,Standard,Two year,Auto-debit,65,nan,"$2,608.40",2,?,TRUE,9,68,user1170@outlook.com,+1-808-555-0111,,crm_export_v2,,,0
469,CUST100717,13.12.21,-, Male,Mumbai,Standard ,one year,PayPal,31,None,nan,3,148.1 GB,yes,null,2,USER717@MAIL.NET,571.555.0140,,crm_export_v2,,,0
470,CUST101446,,22,Female,Mumbai,Prem,Month-to-month,Bank Transfer,20,N/A,"$1,358.57",2,13.5,yes,7,9,no-email,+1-772-555-0113,,crm_export_v2,,competitor offer,Churned
471,CUST101962,11-09-2019,37,Male,Paris,Standard,Month-to-month,N/A,23,47.52,1087.06,3,61.6,No,7,44,user1962@outlook.com,289.555.0122,,crm_export_v2,,price,yes
472,CUST100060,07-13-2024,41,null,Toronto,Basic,Two year,Bank Transfer,4,$21.16,87.21,4,48.8,TRUE,7,9,user60@yahoo.com,285.555.0181,,crm_export_v2,,,FALSE
473,CUST100540,02.04.23,40,Male,Sydney,Standard,Month-to-month,PayPal,19,45.72,865.86,2,82.0,Yes,7,13,user540@@gmail,7205550160,,crm_export_v2,,poor service,1
474,CUST100674,"Sep 23, 2022",48,Female,Dubai,Basic,Month to month,PayPal,59,USD 27.18,"1,559.59",1,,Y,5,40,user674@yahoo.com,+1-201-555-0196,,crm_export_v2,,moved,1
475,CUST101733,"Mar 10, 2024",52,Male,New York,Premium,ONE YEAR,missing,31,$87.34,2712.13,7,47.1 GB,TRUE,7,35,None,(821) 555 0115,,crm_export_v2,,poor service,missing
476,CUST101490,08-24-2020,33,F,Sydney,Basic,One year,AUTO-DEBIT,56,16.83,938.85,0,91.5 GB,TRUE,9,80,user1490@gmail.com,-,,crm_export_v2,,,0
477,CUST100363,10.05.24,18,F,Sydney,Standard,Two year,Bank Transfer,64,$42.93,2632.27,1,23.3,TRUE,7,68,user363@outlook.com,(566) 555 0115,,crm_export_v2,,,FALSE
478,CUST100450,2024/10/04,54,f,Paris,Premium,TWO YEAR,PayPal,52,78.31$,"$4,185.58",1,90.8,1,5,80,no-email,+1-828-555-0173,,crm_export_v2,,price,Churned
479,CUST101967,2021/10/23,31,Female,Zürich,Basic,Month-to-month,Credit Card,43,21.29,951.70,1,38.3 GB,Y,9,40,user1967@gmail.com,546.555.0119,,crm_export_v2,,,Retained
480,CUST100210,25/07/2020,43,Female,Zürich,BASIC,Month-to-month,Auto-debit,56,USD 15.25,859.20,0,36.0 GB,True,8,4,user210@example.org,298.555.0132,,crm_export_v2,,,Retained
481,CUST100410,2020/01/17,43,MALE,-,Basic,Month-to-month,Auto-debit,9,13.38,125.36,3,73.8 GB,True,8,57,user410@example.org,564.555.0121,,crm_export_v2,,,N
482,CUST100281,2021/12/01,39,f,New York,Standard,Two year,Bank Transfer,37,$54.54,2046.02,1,11.2,yes,7,N/A,user281@mail.net,+1-728-555-0150,,crm_export_v2,,,No
483,CUST101543,31/05/2022,33,Male,Zürich,Basic,Month-to-month,Debit Card,44,10.0,423.89,3,44.1,n,2,3,user1543@mail.net,567.555.0158,,crm_export_v2,,moved,Churned
484,CUST100757,19/04/2021,56,MALE,Berlin,standard,Month-to-month,PayPal,40,,"$1,870.84",1,20.9 GB,Y,8,11,user757@mail.net,432.555.0192,,crm_export_v2,,,FALSE
485,CUST101294,2024-09-15,31,Female,CHICAGO ,Standard,One year,PayPal,2,44.33$,91.59,2,41.8 GB,Y,7,57,user1294@outlook.com,nan,complained about billing,crm_export_v2,,,Retained
486,CUST100694,2019-07-17,27,Female,Chicago,Standard,Month-to-month,auto-debit,34,46.36,1625.89,2,39.4 GB,TRUE,5,83,user694@mail.net,5795550196,,crm_export_v2,,price,yes
487,CUST100977,"Jun 07, 2022",36,Female ,Zürich,Basic,Two year,PayPal,2,11.08,22.89,1,7.9,,4,84,user977@outlook.com,+1-734-555-0156,complained about billing,crm_export_v2,,price,Churned
488,CUST101960,"Jan 13, 2024",45,Male,Zurich,Basic,Month-to-month,Debit Card,33,15.43$,$523.07,1,27.7 GB,1,3,29,user1960@outlook.com,null,,crm_export_v2,,competitor offer,Churned
489,CUST100574,01-16-2019,52,m,Chicago,Basic,Month-to-month,Auto-debit,65,21.51,1399.9,0,65.5,Yes,8,31,user574@yahoo.com,5835550137,,crm_export_v2,,,0
490,CUST101792,22.01.21,52,male,São paulo,nan,Month-to-month,Bank Transfer ,21,22.17,462.19,4,95027 MB,TRUE,10,89,user1792@example.org,+1-580-555-0155,,crm_export_v2,,no longer needed,Churned
491,CUST101842,24/11/2023,23,Female ,dubai,Std,two year,Credit Card,41,42.59,"$1,745.66",2,81.0 GB,1,4,75,user1842@example.org,5385550146,,crm_export_v2,,,no
492,CUST101083,02.05.22,51,m,Paris,Basic ,One year,Bank Transfer,25,20.02,$494.58,6,51.2 GB,y,6,84,user1083@example.org,9315550177,,crm_export_v2,,competitor offer,1
493,CUST101041,02-19-2024,56,Female,Chicago,Basic,two year,Auto-debit,32,$22.04,?,7,77.0 GB,y,8,77,user1041@gmail.com,760.555.0132,,crm_export_v2,,no longer needed,yes
494,CUST101442,08/08/2024,34,Male,Berlin,Basic,One year,PayPal,27,10.0,281.99,0,61.9 GB,TRUE,5,33,user1442@outlook.com,486.555.0111,Recontact in Q3,crm_export_v2,,,0
495,CUST100324,"Nov 05, 2024",35,Female,Toronto,STANDARD,Month to month,PayPal,19.0,39.65, ,2,nan,y,7,None,NA,8465550171,,crm_export_v2,,poor service,yes
496,CUST100606,08.12.20,41,Male,Toronto,Premium,missing,CREDIT CARD,37,81.1,3060.92,3,80.3 GB,yes,4,61,user606@outlook.com,6005550178,complained about billing,crm_export_v2,,,N
497,CUST100587,06.08.19,23,Male,Mumbai,Basic,Month-to-month,Debit Card,60,11.63,703.15,3,60.0,y,5,11,user587@example.org,781.555.0172,,crm_export_v2,,poor service,1
498,CUST100028,2022/04/09,46,Female,São Paulo,Standard,One year,Credit Card,51,$48.89,"$2,374.54",1,81.9,Y,10,27,user28@example.org,+1-980-555-0173,call back,crm_export_v2,,,0
499,CUST101777,2019-13-45,-54,Female,Toronto,Standard ,One year,Debit Card,55,$50.83,"$2,789.79",3,154419 MB,Y,8,16,user1777@outlook.com,,,crm_export_v2,,,No
500,CUST100493,"Aug 13, 2022",54,None,Torontoo,standard,One year,AUTO-DEBIT,44,50.7,2224.29,0,93.5,Y,6,45,user493@yahoo.com,(771) 555 0188,,crm_export_v2,,,N
501,CUST100729,11.12.22,35,Male,NEW YORK,Basic,Month-to-month,Auto-debit,71,21.88,1556.76,0,79564 MB,True,7,71, user729@gmail.com ,null,,crm_export_v2,,no longer needed,TRUE
502,CUST100359,2023-06-28,45,Female,Sydney,Standard,Month-to-month,Bank Transfer,12,$42.10,511.34,0,0.026 TB,Yes,10,12,user359@gmail.com,616.555.0118,,crm_export_v2,,,no
503,CUST100951,10-29-2020,37,Male,LONDON ,STANDARD,Month-to-month,PayPal,20,$54.75,"$1,084.88",3,66.3,N,7,1,user951@example.org,909.555.0102,,crm_export_v2,,competitor offer,TRUE
504,CUST101939,2020/03/30,56,Female,New York,Standard,One year,Bank Transfer,13,null,583.67,0,72908 MB,TRUE,3,57,user1939@gmail.com,409.555.0123,VIP???,crm_export_v2,,,N
505,CUST100224,2023/04/30,54,Male,Dubai,Basic,One year,Credit Card ,52,null,519.1,5,76.7,y,3,3,user224@example.org,(573) 555 0174,,crm_export_v2,,,N
506,CUST101983,03/07/2023,26,Female,London,Basic ,Month-to-month,Credit Card,66,14.58,957.9,2,125.6,Y,4,54,user1983@example.org,6525550174,,crm_export_v2,,competitor offer,Churned
507,CUST101753,2021-05-14,43,Male,london,Standard,Month-to-month,PayPal,62,43.06,"$2,650.73",2,83.8,False,7,4,user1753@outlook.com,+1-810-555-0141,,crm_export_v2,,,Retained
508,CUST100635,10/02/2023,57,Male,São Paulo,Basic,Month-to-month,NA,3,NA,45.72,3,0.043 TB,y,8,44,user635@gmail.com,562.555.0197,,crm_export_v2,,,No
509,CUST101281,06-08-2023,40,f,CHICAGO ,Premium,Two year,PayPal,16,94.38,"1,566.76",null,10.9,yes,4,84,user1281@outlook.com,827.555.0195,asked for discount,crm_export_v2,,no longer needed,Churned
510,CUST101886,"Nov 26, 2022",44,Male,Chicago,basic,Month-to-month,PayPal,57,15.91,918.35,3,88.5 GB,Yes,8,24,user1886@yahoo.com,+1-338-555-0194,,crm_export_v2,,,no
511,CUST100734,missing,35,Female,sao paulo,Basic,Month-to-month,Bank Transfer ,55,13.57$,$776.89,2,37.4,yes,5,51,no-email,(379) 555 0148,,crm_export_v2,,price,Y
512,CUST101526,29/11/2020,31,Male,Singapore,,Month-to-month,Debit Card,50,16.74,857.95,five,214835 MB,True,6,18,user1526@yahoo.com,+1-344-555-0196,,crm_export_v2,,price,TRUE
513,CUST101016,2021-04-20,38,Female,Mumbai,Basic,One year,Auto-debit,52.0,26.98,1424.24,0,34.9 GB,Y,100,38,user1016@example.org,+1-235-555-0165,,crm_export_v2,,poor service,yes
514,CUST100215,08-19-2020,31,Female,Toronto,PREMIUM,Month-to-month,debit card,-12,80.96,"4,391.41",None,74342 MB,yes,-,83,user215@example.org,+1-984-555-0151,,crm_export_v2,,no longer needed,TRUE
515,CUST100098,"Oct 26, 2022",40,MALE,Chicago,Basic,Two year,Credit Card,8,14.6,116.07,1,101171 MB,FALSE,9,87,user98@yahoo.com,9385550193,,crm_export_v2,,,no
516,CUST100804,2023/06/05,42,Male,Mumbai,Premium,ONE YEAR,Debit Card,31,82.56,2647.91,1,nan,Yes,6,36,user804@mail.net,12345,,crm_export_v2,,,FALSE
517,CUST101375,01.10.24,18,Male,NEW YORK,Standard,Month-to-month,Credit Card,43,$44.90,1992.3,2,84.3,y,2,18,user1375@mail.net,745.555.0145,,crm_export_v2,,competitor offer,Yes
518,null,nan,?,?,None,None,None,,nan,N/A,null,None,None,,?,nan,?,NA,N/A,,missing,NA,missing
519,CUST101602,"Dec 14, 2023",47,Female,chicago,Premium,Two year,Auto-debit,64,-80,"$4,857.86",None,57548 MB,yes,8,nan,user1602@gmail.com,+1-683-555-0120,,crm_export_v2,,,No
520,CUST101513,25.12.20,65,Female,Zürich,Basic,Month-to-month,Auto-debit,46,23.29,"$1,090.96",1,94.0,TRUE,6,14,USER1513@GMAIL.COM,(324) 555 0185,,crm_export_v2,,,Retained
521,CUST100167,2020-01-01,39,f,New York,Standard,Month-to-month,PayPal,32,39.6,"$1,204.15",1,94.4 GB,Yes,5,38,user167@example.org,4225550177,,crm_export_v2,,,FALSE
522,CUST101688,08-19-2024,33,Female,Pariss,Basic,Month-to-month,Credit Card,52,20.14,1098.56,3,96.0,TRUE,null,80,user1688@example.org,+1-799-555-0177,,crm_export_v2,,,no
523,CUST100740,2023/11/25,44,Female,sydney,Basic,Month-to-month,Credit Card,68,16.46,1163.35,1,24.4,0,7,76,user740@yahoo.com,947.555.0169,,crm_export_v2,,,no
524,CUST100492,07-08-2023,46,Male,,Basic,One year,Debit Card,19,17.45,$325.69,2,58.9 GB,1,5,72,user492@gmail.com,(905) 555 0144,,crm_export_v2,,poor service,NA
525,CUST100455,30.04.22,46,Female,London,Basic,Month-to-month,Credit Card,40,14.4,550.93,2,53.7 GB,N,?,19,user455@example.org,6295550189,,crm_export_v2,,competitor offer,Yes
526,CUST101369,21/10/2022,77,Male ,London,Standard ,One year,paypal,71,43.2,3023.53,1,11.5 GB,y,7,56,user1369@outlook.com,(925) 555 0171,,crm_export_v2,,,N
527,CUST101891,2020-06-21,37,Male,SINGAPORE,Basic,One year,None,38,15.24,552.1,2,102.8,1,9,22,user1891@example.org,(463) 555 0159,,crm_export_v2,,,Retained
528,CUST101459,04/02/2022,68,male,Mumbai,Premium,Month-to-month,Bank Transfer,68,81.24,5661.25,2,93.2,FALSE,5,81,user1459@gmail.com,(531) 555 0107,,crm_export_v2,,,No
529,cust100557,2024/03/31,35,female,SAO PAULO,Standard,Two year,Auto-debit,13,47.27,$601.35,2,53.0 GB,1,3,42,no-email,236.555.0155,##,crm_export_v2,,poor service,TRUE
530,CUST100013,2023-07-25,47,Female,None,Basic,Month-to-month,PayPal,24,23.8,594.41,2,18.0,True,2,16,no-email,565.555.0110,,crm_export_v2,,moved,yes
531,CUST100389,"Dec 02, 2019",36,Male,Berlin,Basic,Month-to-month,Debit Card,54,24.64,"$1,270.36",3,20.5 GB,N,5,19,user389@gmail.com,934.555.0141,,crm_export_v2,,,0
532,CUST100744,"Oct 08, 2023",-18,female,London,Standard,Month to month,PayPal,41,35.03,1397.82,1,139.7,y,4,84,user744@example.org,+1-711-555-0161,n/a,crm_export_v2,,,no
533,CUST101391,03-05-2022,57,Male,TORONTO,Prem,Month-to-month,PayPal,62,86.46,5144.48,4,91.8,Yes,4,25,user1391@outlook.com,+1-903-555-0186,,crm_export_v2,,poor service,TRUE
534,CUST101308,27/06/2021,18,Male,london,Basic,Month-to-month,Debit Card,30,18.76,$549.59,2,62.8 GB,Yes,10,37,user1308@mail.net,N/A,,crm_export_v2,,,no
535,CUST101440,2023-09-04,36,Female,TORONTO,Standard,Two year,PayPal,55.0,40.84,"$2,198.08",4,68812 MB,True,4,33,user1440@@gmail,(973) 555 0157,,crm_export_v2,,,N
536,CUST101078,03.07.21,28,F,Chicago,Standard,month-to-month,Bank Transfer,38,$40.51,"$1,562.54",2,51814 MB,yes,8,25,USER1078@MAIL.NET,5625550155,,crm_export_v2,,,no
537,CUST101420,2024/09/11,50,Male,Singapur,Std,Month-to-month,Auto-debit,15,USD 56.84,837.81,one,56.6,True,10,61,user1420@example.org,8935550156,complained about billing,crm_export_v2,,competitor offer,Y
538,CUST100823,24/11/2022,19,Female,DUBAI,Basic,Month-to-month,Auto-debit,57,18.37,1058.99,1,39.4 GB,Yes,8,40,user823@yahoo.com,527.555.0164,,crm_export_v2,,,FALSE
539,CUST101128,03.05.22,51,Male,Singapore,STANDARD,One year,Debit Card,56,39.13,2251.21,NA,29.5,Yes,6,7,user1128@yahoo.com,+1-450-555-0173,,crm_export_v2,,,0
540,CUST100501,"Nov 28, 2022",22,Male,London,Basic,Month-to-month,Credit Card,21,$19.57,428.5,0,49459 MB,1,10,18,user501@mail.net,+1-669-555-0120,Recontact in Q3,crm_export_v2,,,N
541,CUST101918,15/09/2021,45,Other,PARIS,BASIC,Month to month,PayPal,13.0,14.14,179.13,2,115.3,yes,9,50,user1918@gmail.com,8675550185,,crm_export_v2,,,FALSE
542,CUST101906,2020-10-10,18,Male,Singapore,BASIC,Month-to-month,Debit Card,46,19.93,923.94,2,97.0,True,2,46,None,+1-731-555-0108,,crm_export_v2,,moved,Yes
543,CUST101102,"Jul 05, 2024",38,Female,Berlin,Basic,One year,Credit Card,44,24.33,"$1,052.10",3,110.8,Yes,6,76,user1102@outlook.com,+1-930-555-0198,,crm_export_v2,,moved,Churned
544,CUST101772,05/03/2021,59,None,Zürich,Basic ,Month-to-month,Auto-debit,72,USD 19.52,1459.07,0,15.5,False,6,78,no-email,6565550101,,crm_export_v2,,,No
545,CUST101192,?,31,Male,Zürich,basic,One year,Auto-debit,3.0,26.97,77.87,3,60.4,y,7,63,user1192@example.org,(287) 555 0101,,crm_export_v2,,moved,TRUE
546,CUST100025,11/11/2022,64,Female,Dubaii,STANDARD,One year,PayPal,33,52.65,"$1,720.64",0,0.105 TB,yes,9,45,user25@mail.net,731.555.0114,,crm_export_v2,,,no
547,CUST101997,15/12/2024,41,NA,new york,Std,One year,PayPal,12,44.42,523.05,1,139673 MB,Yes,5,70,user1997@yahoo.com,+1-753-555-0136,,crm_export_v2,,competitor offer,Y
548,CUST101637,"Sep 23, 2022",56,Male,toronto,Premium,Two year,Bank Transfer,65,83.1,5305.58,0,64.9 GB,yes,9,76,user1637@mail.net,+1-241-555-0156,,crm_export_v2,,,0
549,CUST100984,2022-07-09,44,Female,London,Standard,Two year,Auto-debit,17,55.42,953.9,7,50.3,True,5,28,user984@mail.net,7615550174,,crm_export_v2,,moved,Y
550,CUST101443,"Aug 06, 2021",29,female,LONDON ,Standard,Month-to-month,Auto-debit,70,$40.42,2714.99,4,91.2,True,4,76,user1443@yahoo.com,+1-259-555-0178,,crm_export_v2,,poor service,1
551,CUST100115,2022/05/30,-,male,Sydney,Premium,Month-to-month,nan,missing,USD 78.13,3974.71,3,89.8,True,9,77,user115@outlook.com,6475550165,,crm_export_v2,,,N
552,CUST101268,18.09.24,27,Male,Zürich,Standard,One year,Bank Transfer,41,40.42,1625.39,1,None,True,9,29,user1268@mail.net,+1-846-555-0157,,crm_export_v2,,,FALSE
553,CUST100669,"Oct 17, 2019",18,Male,Toronto,Standard,Month-to-month,Auto-debit,59,41.01,2306.57,1,53.9,yes,7,38,USER669@MAIL.NET,(432) 555 0129,,crm_export_v2,,,Retained
554,CUST100370,04.01.21,50,Female,mumbai,Standard,Two year,PayPal,38,43.35,"$1,625.25",2,105.1 GB,False,6,28,user370@outlook.com,2285550148,,crm_export_v2,,,No
555,CUST101028,22/05/2022,46,Female,London,Basic,One year,PayPal,19,34.9,691.21,4,43.6,True,,53,user1028@outlook.com,+1-790-555-0152,,crm_export_v2,,competitor offer,Churned
556,CUST101699,06.10.24,36,Female,Mumbai,Premium,Month-to-month,Auto-debit,23,79.24,"1,818.92",1,64204 MB,yes,5,16,user1699@yahoo.com,258.555.0146,n/a,crm_export_v2,,moved,Yes
557,CUST101606,2019-11-20,43,Male,Chicago,Premium ,month-to-month,Auto-debit,7,93.33,670.01,1,83.8,TRUE,99,68,user1606@outlook.com,923.555.0189,,crm_export_v2,,moved,Y
558,CUST100702,03/01/2020,32,F,São Paulo,Standard,Month-to-month,Credit Card,24,$38.20,942.43,1,89.6,1,5,56,user702@yahoo.com,836.555.0122,,crm_export_v2,,,No
559,CUST100096,08/06/2020,56,Female,Sydney,Standard ,Two year,Credit Card,46,USD 52.2,2318.52,1,41.0 GB,yes,6,78,user96@outlook.com,+1-281-555-0196,,crm_export_v2,,,Retained
560,CUST100660,2020/01/23,62, Male,Mumbai,Basic ,Month-to-month,Bank Transfer,49,13.22,673.38,3,76.3,1,4,51, user660@example.org ,+1-666-555-0159,,crm_export_v2,,,FALSE
561,CUST101636,2019-12-29,44,Male,Paris,Basic,Two year,Debit Card,52.0,19.09,$966.23,2,0.206 TB,no,3,50,user1636@gmail.com,3905550129,,crm_export_v2,,,N
562,CUST101623,2019-02-06,30,Female,Paris,Basic,Two year,Bank Transfer,56,26.39,"1,467.63",3,N/A,1,2,48,user1623@example.org,,,crm_export_v2,,,0
563,CUST100976,"Jul 28, 2019",18,Male,Mumbai,Premium ,One year,Bank Transfer,None,$78.29,"3,653.84",nan,213.2,missing,10,64,null,2875550178,n/a,crm_export_v2,,,N
564,CUST101117,07-08-2022,54,m,new york,Premium ,Month-to-month,PayPal,49,91.35,"$4,541.44",1,128.9,0,7/10,7,user1117@example.org,4855550165,,crm_export_v2,,,FALSE
565,CUST101244,31.03.24,54,Female,Dubai,Standard,Two year,Credit Card,37.0,43.78,1630.5,4,4.3 GB,True,7,19,user1244@yahoo.com,9945550134,,crm_export_v2,,,No
566,CUST100565,06-02-2020,54,Male,Pariss,Basic,Month-to-month,PayPal,2,27.19,52.11,2,35.1,True,7,N/A,user565@mail.net,+1-350-555-0102,,crm_export_v2,,poor service,TRUE
567,CUST100687,2022/07/24,38,Female,Berlin,Standard,One year,PayPal,43,$47.91,2115.0,2,nan,N,7,44,NA,983.555.0161,n/a,crm_export_v2,,,N
568,CUST100118,2020/06/21,36,Male,London,basic,Two year,Credit Card,35,29.89,1094.86,1,75.5,Yes,4,70,user118@mail.net,8255550151,,crm_export_v2,,moved,1
569,CUST100857,06.05.19,30,Female,Zürich,Basic,One year,Bank Transfer ,21,15.75,314.65,1,65.9 GB,Y,6,65,user857@@gmail,774.555.0178,,crm_export_v2,,,N
570,CUST100997,2021-02-28,31,f,Sydney,Basic ,Month-to-month,Bank Transfer,53,24.22,1238.31,2,54067 MB,yes,7,missing,USER997@EXAMPLE.ORG,6715550186,,crm_export_v2,,,N
571,CUST100021,23.03.21,-,Female,PARIS,Basic,One year,PAYPAL,58,13.17,799.68,2,35.2,Y,4,1,user21@outlook.com,910.555.0115,,crm_export_v2,,no longer needed,TRUE
572,CUST100500,2019-09-07,23,Femail,Dubai,Basic,Month-to-month,Debit Card,56,14.76,$822.50,4,50.6 GB,Y,7,31,no-email,(751) 555 0147,,crm_export_v2,,,N
573,CUST100651,30.11.22,45,Male ,São Paulo,Premium,One year,,60,79.41,"4,820.24",0,0.012 TB,1,7,83,user651@example.org,8175550151,,crm_export_v2,,price,1
574,CUST100797,"Oct 01, 2021",27,Male,Mumbai,basic,Month-to-month,PayPal ,62,15.91,$992.53,3,51.0 GB,1,8,84,user797@gmail.com,(926) 555 0150,,crm_export_v2,,,Retained
575,CUST101841,01.08.19,45,Male ,São Paulo,Standard,Two year,Auto-debit,48,45.68,"$2,222.39",2,49.6,True,6,48,user1841@yahoo.com,+1-217-555-0163,,crm_export_v2,,,0
576,CUST101186,"Nov 08, 2019",27,Male ,new york,Basic,Month-to-month,Debit Card,12,20.35,253.53,3,169.2 GB,Y,4,72,user1186@yahoo.com,(271) 555 0185,,crm_export_v2,,moved,1
577,CUST100164,07-04-2021,38,Female,DUBAI,Premium,Month-to-month,Credit Card,69,75.3,4943.79,NA,44.3 GB,Y,-,5,user164@yahoo.com,220.555.0186,,crm_export_v2,,no longer needed,Churned
578,CUST100688,09-01-2021,-21,Male,sao paulo,Basic,One year,PayPal,5.0,30.39,148.13,5,88.7,Yes,7,66,user688@gmail.com,+1-234-555-0155,,crm_export_v2,,no longer needed,yes
579,CUST101615,"Jan 14, 2020",40,f,null,Premium,Two year,null,46,66.93,"$3,118.89",2,122.2 GB,1,10,31,user1615@gmail.com,324.555.0101,Recontact in Q3,crm_export_v2,,,N
580,CUST101952,2019/06/07,53,Male,paris,Premium,Two year,paypal,19,75.59,1434.93,4,93.4,1,4,1,,,,crm_export_v2,,,0
581,CUST101165,2019/08/18,36,Male,Chicago,Basic,Month-to-month,Bank Transfer,11,null,$159.72,3,117.5,yes,8,44,no-email,8755550121,,crm_export_v2,,no longer needed,Y
582,CUST101849,29.12.19,22,f,TORONTO,Basic,Month-to-month,Auto-debit,15,25.85,396.79,4,94105 MB,TRUE,,69,user1849@gmail.com,+1-469-555-0179,,crm_export_v2,,price,TRUE
583,CUST100378,12/04/2021,71,Male,Mumbai,Premium,Month-to-month,Bank Transfer,11.0,81.25,$866.95,2,103.8,TRUE,10,missing,user378@mail.net,6905550199,,crm_export_v2,,,Retained
584,CUST100063,10-19-2024,56,MALE,sao paulo,Standard,Month-to-month,Debit Card,65,$54.17,"3,665.28",0,125.7 GB,True,3,27,user63@gmail.com,(231) 555 0167,,crm_export_v2,,moved,TRUE
585,CUST101476,"Dec 10, 2021",51,Female,Paris,Standard,Month-to-month,Auto-debit,64,46.24,3054.36,1,0.073 TB,yes,9,85,user1476@mail.net,+1-854-555-0105,,crm_export_v2,,,FALSE
586,CUST100802,03.02.22,78,Male,Singapore,Standard,One year,Debit Card,35,42.74,"$1,474.60",2,133.1,Y,7,59,user802@example.org,265.555.0102,,crm_export_v2,,,Retained
587,CUST100294,08/04/2022,42,Male,sao paulo,Basic,Month-to-month,Auto-debit,35,25.94,$871.65,4,98.1,Y,8,23,user294@gmail.com,+1-326-555-0170,,crm_export_v2,,,No
588,CUST101435,08-12-2019,45,Female,DUBAI,Basic,One year,Bank Transfer ,45,$25.41,None,0,60.3 GB,FALSE,8,18,user1435@outlook.com,+1-600-555-0100,,crm_export_v2,,,Retained
589,CUST100978,"Feb 07, 2021",18,Male,New York,Standard,Month-to-month,Debit Card,38,$36.06,"$1,413.06",3,10.5 GB,TRUE,4,49,user978@yahoo.com,+1-321-555-0160,,crm_export_v2,,price,Y
590,CUST100315,"Dec 15, 2022",18,Male,London,Standard,Two year,Debit Card,48,USD 57.86,2896.55,1,19.7,None,3,87,USER315@MAIL.NET,538.555.0147,,crm_export_v2,,price,1
591,CUST100528,06-27-2024,27,Male ,Chicago,Premium,Month-to-month,N/A,22.0,80.34,1804.89,2,135.7,yes,9,87,user528@yahoo.com,567.555.0185,,crm_export_v2,,,N
592,CUST100130,05-23-2022,47,f,Berlin,Standard,One year,PayPal,53,$52.69,2656.73,5,11.5,Y,8,79,user130@gmail.com,867.555.0115,,crm_export_v2,,competitor offer,1
593,CUST100961,14.06.21,52,male,Paris,Standard,Two year,Credit Card,-,,1071.92,4,62.9,y,8,79,None,3565550169,,crm_export_v2,,competitor offer,null
594,CUST100189,22.10.20,41,Male,Paris,Standard,Month-to-month,Debit Card,57,N/A,2566.51,3,50790 MB,No,missing,80,user189@outlook.com,5545550126,,crm_export_v2,,no longer needed,1
595,CUST100027,2023/12/07,40,MALE,London,Basic,Month-to-month,Auto-debit,27,USD 10.12,283.04,2,35.0,Yes,9,64,user27@example.org,(410) 555 0112,,crm_export_v2,,,0
596,CUST100704,"Oct 11, 2019",20,Male,berlin,Basic ,One year,NA,51,USD 19.75,1041.89,0,48.3,True,7,59,user704@gmail.com,+1-313-555-0185,,crm_export_v2,,,N
597,CUST101042,2021/06/28,49,Female,Chicago,Premium,one year,Debit Card,51,77.44,3775.09,1,112.9,TRUE,6,80,user1042@yahoo.com,3845550110,,crm_export_v2,,no longer needed,1
598,CUST101044,2023/04/03,64,m,Singapore,Premium,Month-to-month,PayPal,22,$70.73,"$1,556.18",1,50.9,Y,5,83,user1044@gmail.com,2485550134,n/a,crm_export_v2,,price,TRUE
599,CUST101331,21.04.23,34,Male,Dubai,Basic,one year,Bank Transfer,29,10.17,299.65,1,77.3 GB,Y,9,44,,881.555.0151,,crm_export_v2,,,Retained
600,CUST100737,"Dec 31, 2020",44,f,London,Standard ,One year,PayPal,13,40.96,$551.02,3,57.1,1,6,56,no-email,8295550153,,crm_export_v2,,competitor offer,Yes
601,CUST100882,09/09/2021,50,Female,paris,Standard,Month-to-month,PayPal,55,39.64,"$2,226.36",2,31.2 GB,1,7,27,user882@mail.net,+1-226-555-0182,,crm_export_v2,,,FALSE
602,CUST101050,2022/01/18,32,F,toronto,Standard,Month-to-month,PayPal,22,40.11,$874.68,0,33.6,yes,5,81,user1050@outlook.com,+1-441-555-0135,,crm_export_v2,,price,yes
603,CUST101703,12/03/2020,50,Male,Toronto,Basic,One year,PayPal,71,23.47,1739.91,1,5000,,8,10,user1703@yahoo.com,(898) 555 0156,,crm_export_v2,,,FALSE
604,CUST101801,10-22-2021,52,Male ,Singapur,Basic,Month-to-month,CREDIT CARD,47,17.4,nan,0,missing,no,7,11,user1801@gmail.com,(481) 555 0107,,crm_export_v2,,,0
605,CUST101011,18.10.23,61,M,Paris,basic,Month-to-month,Auto-debit,61,$21.99, ,0,70.6,Yes,10,34,user1011@yahoo.com,2045550167,,crm_export_v2,,,0
606,CUST100266,06/09/2021,42, Male,Berlin,Standard,Month-to-month,Auto-debit,11,46.41, ,3,107.3 GB,1,4,82,user266@mail.net,282.555.0133,,crm_export_v2,,poor service,Yes
607,CUST101574,2019-11-22,46,Female,Mumbai,Premium,Month-to-month,credit card,None,77.99,1423.74,0,64000 MB,Yes,3,24,user1574@example.org,+1-580-555-0152,,crm_export_v2,,moved,yes
608,CUST101905,2020/06/20,27,Female,Sydney,Basic ,Two year,Auto-debit,14,12.42,173.56,4,113152 MB,y,10,78,user1905@example.org,803.555.0149,,crm_export_v2,,,Retained
609,CUST101471,03-10-2023,54,-,Dubai,Premium,One year,Credit Card,28,76.22,"2,040.41",2,12.5,yes,99,50,user1471@example.org,+1-283-555-0154,,crm_export_v2,,,Retained
610,CUST101627,2022/07/04,20,m,London,standard,month-to-month,Bank Transfer,13,3184.0,$397.36,2,141312 MB,yes,9,60,user1627@example.org,+1-934-555-0152,,crm_export_v2,,competitor offer,TRUE
611,CUST100075,"Nov 07, 2021",50, Male,Mumbai,Basic ,Month-to-month,Debit Card,63,25.05,1515.35,4,137.2,TRUE,7,14,user75@gmail.com,+1-724-555-0182,,crm_export_v2,,,0
612,CUST101565,22/09/2021,44,Female,Berlin,Premium,Month-to-month,Bank Transfer,18,78.0,1338.56,0,15.3 GB,Y,5,19,user1565@example.org,(407) 555 0143,,crm_export_v2,,moved,yes
613,CUST101504,08-01-2022,35,MALE,Paris,Basic,Month-to-month,Credit Card,46,27.82,"1,277.52",1,42.1,Y,6,22,user1504@example.org,6825550163,,crm_export_v2,,,N
614,CUST101297,2023-01-23,47,Male,São Paulo,Basic,Month-to-month,AUTO-DEBIT,70,20.32,"$1,383.06",2,-,False,6,50, user1297@yahoo.com ,545.555.0157,##,crm_export_v2,,no longer needed,Y
615,CUST101760,04-22-2021,39,M,,Std,One year,Credit Card,53,37.5,2075.46,3,51.2,True,5,48,user1760@gmail.com,(223) 555 0144,,crm_export_v2,,,no
616,CUST101532,05/08/2024,57,Male,DUBAI,standard,Two year,auto-debit,64,USD 45.52,2886.14,3,124.7,1,3,75,user1532@gmail.com,(462) 555 0104,,crm_export_v2,,,FALSE
617,CUST100571,06-30-2021,missing,Male,London,Prem,Month-to-month,Auto-debit,26,75.05,"1,979.79",1,60.6,y,5,44,user571@example.org,3105550147,,crm_export_v2,,competitor offer,1
618,CUST101780,04-13-2019,35,Male ,Mumbai,Basic,Month-to-month,Bank Transfer ,72,$16.90,1267.34,1,161.2,NA,9,16,user1780@yahoo.com,4335550132,,crm_export_v2,,,No
619,CUST101502,2020-05-16,41,Female ,Dubai,Premium,Month-to-month,Bank Transfer,2,84.49,$160.58,4,32.5,FALSE,10,34,USER1502@MAIL.NET,,,crm_export_v2,,price,yes
620,CUST101754,04/10/2022,58,Female,Singapore,Basic,Two year,Debit Card,25,12.58,$301.40,3,68.3,-,10,None,user1754@@gmail,730.555.0133,,crm_export_v2,,,FALSE
621,CUST101803,22.07.20,150,NA,Berlin,-,Two year,Bank Transfer,65,50.38,"$3,222.79",1,79.4,True,3,50,user1803@outlook.com,8435550177,,crm_export_v2,,,N
622,CUST101343,06-12-2022,52,Female,Chicago,Standard ,Month-to-month,Auto-debit,38,38.13,"$1,511.14",0,77.9 GB,y,3,70,None,921.555.0197,,crm_export_v2,,price,Yes
623,CUST101188,25/05/2022,49, Male,São Paulo,Bsc,One year,BANK TRANSFER,27,19.48,541.44,3,57.5,TRUE,N/A,50,-,355.555.0129,,crm_export_v2,,poor service,TRUE
624,CUST101738,01-08-2019,39,m,Dubai,Premium,Month-to-month,Auto-debit,72,83.27,"6,222.11",0,70348 MB,True,10,67,user1738@mail.net,None,,crm_export_v2,,,0
625,CUST100180,2024/08/16,36,Female,Singapur,BASIC,Month-to-month,Debit Card,36,14.09,509.19,0,190.8,No,3,80,user180@yahoo.com,+1-526-555-0174,,crm_export_v2,,poor service,Yes
626,CUST100883,12-06-2019,33,Female,Berlin,basic,Two year,paypal,12.0,18.66,222.4,3,127.0,y,100,31,user883@example.org,747.555.0127,test,crm_export_v2,,no longer needed,Yes
627,CUST101510,31/12/2020,44,Male,Dubai,basic,MONTH-TO-MONTH,Credit Card ,33,1878.0,630.06,4,10.9,Yes,8,0,user1510@@gmail,639.555.0140,,crm_export_v2,,,N
628,CUST101423,01-17-2023,18,Male,Berlinn,Basic,One year,PayPal,21,$22.17,488.76,4,21.4,yes,7,34,no-email,(495) 555 0100,,crm_export_v2,,,Retained
629,CUST100376,2023/06/02,34,Male,Mumbai,Standard,Month-to-month,Auto-debit,56,43.69,"$2,486.77",2,80691 MB,y,5,83,user376@example.org,249.555.0104,n/a,crm_export_v2,,poor service,Y
630,CUST101409,"Sep 12, 2020",48,Male,Sydney,Basic,One year,Debit Card,52.0,21.24, ,1,92.7,True,5,6,user1409@gmail.com,(944) 555 0103,,crm_export_v2,,,FALSE
631,CUST100023,2024-07-22,52,male,Berlin,Premium,One year,Bank Transfer,64,79.19,5066.05,2,41.5 GB,Y,null,?,user23@gmail.com,+1-735-555-0138,test,crm_export_v2,,,FALSE
632,CUST101441,2022/01/27,18,Female,sao paulo,Standard,month-to-month,PayPal,49,37.63,"$1,927.51",-3,44.1,True,4,70,user1441@outlook.com,7265550145,,crm_export_v2,,competitor offer,TRUE
633,CUST100346,11.12.24,46,Female,LONDON ,Premium,One year,Auto-debit,55,NA,"$4,515.36",3,76.8,yes,6,28,-,353.555.0165,,crm_export_v2,,,FALSE
634,CUST101782,"Feb 21, 2019",51,female,Singapur,Standard,Month-to-month,Debit Card,58,49.57,"3,004.60",4,61.0,no,5/10,13,user1782@yahoo.com,2075550137,asked for discount,crm_export_v2,,,0
635,CUST101399,,56,Female,London,Basic,One year,Debit Card,61,20.11,1208.56,2,32.7 GB,Y,11,44,user1399@example.org,661.555.0125,,crm_export_v2,,,0
636,CUST101867,null,47,m,São Paulo,Premium,One year,Bank Transfer,38,82.71,3211.89,4,N/A,None,NA,73,user1867@yahoo.com,935.555.0174,,crm_export_v2,,moved,Yes
637,CUST100008,2020/03/17,27,male,Paris,Prem,Month-to-month,DEBIT CARD,30,76.73,2246.78,1,78.1,TRUE,5,5,user8@gmail.com,6665550138,,crm_export_v2,,poor service,TRUE
638,CUST100228,2022/04/12,66,Male,Dubai,Standard ,Two year,Bank Transfer,37,37.41,1414.62,3,77.3,yes,10,65,user228@mail.net,889.555.0145,,crm_export_v2,,,no
639,CUST100489,2022-08-20,71,Female,Zürich,Basic,Month-to-month,Auto-debit,23,14.86,328.23,2,89.7 GB,1,7,88,user489@example.org,436.555.0187,,crm_export_v2,,poor service,Y
640,CUST100213,11.09.21,24,Female,Singapore,Standard,Month-to-month,Auto-debit,22.0,48.8,1087.14,2,49.5 GB,1,10,86,user213@outlook.com,+1-785-555-0143,,crm_export_v2,,,FALSE
641,CUST100970,2020/10/16,26,Male,São Paulo,Standard,One year,Debit Card,7,N/A,305.46,2,44.2,yes,3,52,user970@mail.net,6835550173,,crm_export_v2,,,FALSE
642,CUST101709,09.04.20,61,Male,london,Standard,Two year,Credit Card,1,46.42,44.12,0,42.5 GB,y,None,72,USER1709@OUTLOOK.COM,548.555.0152,,crm_export_v2,,,no
643,CUST100449,19/09/2020,70,Female,Berlin,Premium,One year,Auto-debit,20,69.23,"1,447.35",1,91.4,Yes,9,22, user449@gmail.com ,+1-730-555-0186,call back,crm_export_v2,,competitor offer,yes
644,CUST100862,2019/09/21,38,Male,London,Basic,month-to-month,Credit Card,64,29.74,1942.48,0,78.4 GB,1,10,24,null,8305550174,,crm_export_v2,,,FALSE
645,CUST100015,"Sep 18, 2023",44,Female,Toronto,Standard,Month-to-month,Bank Transfer,54,44.46,2487.99,three,78.3,True,6,10,user15@outlook.com,2925550126,,crm_export_v2,,,N
646,CUST101604,29.09.19,49,Male,Chicgo,Basic,Month-to-month,Credit Card,65,21.11, ,3,114.4 GB,N,7,47,user1604@gmail.com,+1-587-555-0190,,crm_export_v2,,,Retained
647,CUST101971,2024/07/09,36,female,Paris,Standard,Month-to-month,PayPal,20,38.84,777.37,1,115.2,yes,8,43,?,-,Recontact in Q3,crm_export_v2,,,No
648,CUST100765,"Sep 05, 2023",38,Male,Paris,Standard,Month-to-month,Credit Card,37.0,49.3,1888.75,1,88.5,Yes,nan,21,user765@gmail.com,563.555.0150,,crm_export_v2,,,N
649,CUST101829,21/11/2024,48,FEMALE,São Paulo,Standard,Month-to-month,Debit Card,32,$46.46, ,50,48.9,Yes,7,87,user1829@gmail.com,+1-928-555-0137,,crm_export_v2,,price,yes
650,CUST101025,2019-05-02,44,FEMALE,Sao Paulo,Basic,two year,Debit Card,25,26.68,635.92,5,98.0,yes,-,36,user1025@yahoo.com,456.555.0152,,crm_export_v2,,,0
651,CUST101330,2021/09/12,31,Male,Sydney,Basic,Month-to-month,Credit Card,72,10.92,$747.68,2,53.8 GB,y,2,59,user1330@gmail.com,+1-785-555-0174,,crm_export_v2,,poor service,Y
652,CUST100546,07-29-2021,18,F,Paris,Standard,Month-to-month,Debit Card ,42,45.8,1951.53,6,83.5 GB,Yes,3,39,user546@yahoo.com,N/A,,crm_export_v2,,price,yes
653,CUST101261,N/A,69,Male,ZÜRICH,Standard ,Month-to-month,Bank Transfer,48,42.43,"1,967.76",1,38.7 GB,y,6,32,user1261@yahoo.com,(623) 555 0182,,crm_export_v2,,,FALSE
654,CUST100716,2022-02-07,57,Female,New York,Basic,Month to month,PayPal,60,USD 17.2,"$1,055.96",3,63.1 GB,y,5,51,user716@gmail.com,450.555.0180,,crm_export_v2,,,No
655,CUST100354,23.10.24,34,Male,London,Basic,One year,AUTO-DEBIT,53,28.29,1449.85,4,28.6,Yes,8,13,user354@yahoo.com,missing,!!!,crm_export_v2,,,no
656,CUST101178,21/07/2020,32,Male,Paris,Standard,Month-to-month,Auto-debit,2,44.82,$86.14,1,NA,y,3,56,user1178@mail.net,+1-924-555-0126,,crm_export_v2,,no longer needed,Yes
657,CUST100207,2024-10-23,40,Female,Berlin,Basic,Two year,Debit Card,35,11.73,$395.62,2,39.3,y,5,80,user207@example.org,4445550127,,crm_export_v2,,,N
658,CUST101455,05-24-2019,61,Female,Zürich,premium,Month-to-month,Debit Card,5,USD 74.86,$385.63,4,0.092 TB,True,7,74,user1455@yahoo.com,(807) 555 0167,,crm_export_v2,,price,1
659,CUST100860,"Oct 21, 2024",61,FEMALE,Toronto,Basic ,Month-to-month,null,N/A,25.32,$100.57,2,29.9,FALSE,7,59,user860@mail.net,+1-252-555-0191,,crm_export_v2,,price,yes
660,CUST101177,2020/02/24,32,male,Sao Paulo,Standard,Month-to-month,PayPal,49,41.22,"1,992.51",N/A,34.1,n,6,43,user1177@example.org,+1-991-555-0121,,crm_export_v2,,,FALSE
661,CUST100416,2024/10/23,39,female,Chicgo,Basic ,Month-to-month,Bank Transfer,26,25.33,669.87,1,NA,True,6,75,user416@outlook.com,(443) 555 0188,,crm_export_v2,,price,yes
662,CUST101552,"Mar 13, 2022",19,Female,Dubai,Premium,Month-to-month,PayPal,62,84.63$,"5,200.12",4,213401 MB,Yes,7,22,user1552@gmail.com,(902) 555 0149,,crm_export_v2,,,FALSE
663,CUST101159,"Jan 15, 2021",70,Male,São paulo,STANDARD,Month-to-month,PayPal,62,$41.50,"2,593.98",1,58.1 GB,y,8,34,user1159@yahoo.com,+1-447-555-0122,,crm_export_v2,,price,Y
664,CUST101275,2023-04-12,23,Female ,sydney,Basic,Month-to-month,Debit Card,35,11.82,$421.26,0,11.8,yes,4,30,user1275@yahoo.com,7405550180,,crm_export_v2,,moved,Yes
665,CUST101190,28.06.21,30,Female, Berlin,BASIC,Two year,Bank Transfer,44,$16.04,739.39,2,missing,y,1,75,user1190@example.org,?,complained about billing,crm_export_v2,,no longer needed,TRUE
666,CUST100442,10-17-2019,48,Female,Pariss,Standard,month-to-month,Credit Card,56,48.3,2595.58,2,64.1,Yes,9,6,no-email,441.555.0197,,crm_export_v2,,,no
667,CUST101195,19.10.22,58,F,mumbai,Basic,Month-to-month,Auto-debit,17,$22.84,$377.11,0,26.7,Y,7,68,user1195@outlook.com,,test,crm_export_v2,,,no
668,CUST101822,22/10/2020,35,Female ,Berlin,Bsc,One year,Bank Transfer,None,16.67,$473.00,1,39.8,TRUE,5,79,user1822@yahoo.com,725.555.0115,call back,crm_export_v2,,,no
669,CUST100536,09-24-2021,999,Male,Singapore,Standard,Two year,Auto-debit,59,USD 41.06,2346.56,2,36.2,Y,8,11,user536@outlook.com,+1-697-555-0165,duplicate account?,crm_export_v2,,,FALSE
670,CUST100304,2022-04-03,60,f,Zürich,Standard,One year,Auto-debit,26,$42.24,1141.45,2,78.1 GB,n,4,14,user304@outlook.com,(726) 555 0101,,crm_export_v2,,,0
671,CUST100348,31/01/2020,65,Female,Zürich,Std,Month-to-month,Credit Card,70,37.13,2650.63,2,70.6,no,10,14,user348@mail.net,+1-545-555-0134,,crm_export_v2,,,No
672,CUST101293,null,18,f,sydney,Basic,Month-to-month,Auto-debit,nan,18.54,$636.22,2,107827 MB,Y,9,24,user1293@mail.net,+1-903-555-0187,,crm_export_v2,,,no
673,CUST100403,10-29-2024,21,Male,Berlin,Premium,Two year,Auto-debit,32,USD 75.61,"$2,512.35",2,73.8,1,8,23,user403@outlook.com,+1-871-555-0196,,crm_export_v2,,,N
674,CUST100362,04.05.20,51,Male, Berlin,Basic,One year,Credit Card,27,$10.00,281.11,3,31.4 GB,Y,5,20,user362@outlook.com,287.555.0107,,crm_export_v2,,,Retained
675,CUST100026,2021/05/31,58,Male,paris,Standard,MONTH-TO-MONTH,Auto-debit,10,52.99,506.74,2,43.6,N,6,79,user26@outlook.com,(976) 555 0179,,crm_export_v2,,poor service,1
676,CUST101210,2022/09/27,48,Male,berlin,premium,one year,Bank Transfer,28,81.33,2386.58,2,208.1,TRUE,4,87,user1210@mail.net,410.555.0107,,crm_export_v2,,competitor offer,Y
677,CUST101276,09.12.22,53,Femail,São paulo,Basic,One year,Credit Card,30,25.12,783.54,five,102.1 GB,-,4,1,None,393.555.0195,,crm_export_v2,,,FALSE
678,CUST100177,nan,41,Female,Singapore,Basic,One year,CREDIT CARD,6,$15.88,98.45,5,90.7,Yes,7,67,USER177@EXAMPLE.ORG,(889) 555 0197,VIP???,crm_export_v2,,,Retained
679,CUST100356,2019/11/28,?,Female,dubai,Standard,MONTH-TO-MONTH,Credit Card ,27,52.68,1399.14,1,19.7 GB,yes,5,36,user356@gmail.com,nan,,crm_export_v2,,price,Y
680,CUST101228,04/12/2019,18,Female,Toronto,Basic,Two year,credit card,30,29.28,$839.80,1,17.9 GB,1,2,67,user1228@mail.net,+1-315-555-0127,,crm_export_v2,,,FALSE
681,CUST100779,06/02/2024,33,Male,Paris,Standard,Two year,Bank Transfer,6,45.56,274.52,2,37.6,yes,7,7,user779@example.org,+1-459-555-0186,,crm_export_v2,,,no
682,CUST100789,27/01/2019,63,Female,sao paulo,Standard,two year,Bank Transfer ,64,27.34,1679.65,2,30.8,No,10,3, user789@yahoo.com ,(248) 555 0101,VIP???,crm_export_v2,,,FALSE
683,CUST100252,02-17-2020,58,Male,MUMBAI ,Prem,Two year,CREDIT CARD,14,$71.28,978.18,1,28057 MB,Yes,8,57,user252@outlook.com,284.555.0113,,crm_export_v2,,poor service,yes
684,CUST100414,09.02.19,18,Female,london,Std,One year,Debit Card,42,40.29,"$1,758.69",1,207360 MB,TRUE,None,73,user414@gmail.com,(549) 555 0137,,crm_export_v2,,price,Y
685,CUST100558,02/10/2023,55,Male,zurich,Premium,Month-to-month,Debit Card,,87.32,"5,776.56",2,148.1,1,6,64,user558@outlook.com,940.555.0153,,crm_export_v2,,,N
686,CUST100553,2020/11/27,25,Female,Toronto,Premium,Month-to-month,PayPal,43,$81.11, ,2,22.6 GB,y,6,55,N/A,7325550197,,crm_export_v2,,no longer needed,Yes
687,CUST101946,2019/12/10,18,Male,Sydney,Prem,month-to-month,Bank Transfer,?,-,$443.93,0,null,Y,10,49,user1946@outlook.com,5575550158,,crm_export_v2,,,Retained
688,CUST100193,03-03-2021,26,Female,Berlin,Std,TWO YEAR,CREDIT CARD,21,$45.02,$968.56,1,75.6 GB,yes,5,27,user193@gmail.com,(829) 555 0133,,crm_export_v2,,poor service,Y
689,CUST101363,2020/03/18,29,Male,Dubai,Premium,One year,PayPal,23,67.42,1610.61,2,125.4,Yes,7,10,user1363@mail.net,+1-826-555-0191,!!!,crm_export_v2,,,Retained
690,CUST100820,22.02.19,20,Male,Mumbai,Basic,Month-to-month,Bank Transfer,36,18.48,$674.76,5,missing,TRUE,9,34,user820@outlook.com,(378) 555 0143,,crm_export_v2,,,FALSE
691,CUST100746,11.03.22,40,Female,Dubai,?,Month-to-month,Auto-debit,23,25.39,577.96,0,83.0,y,7,72,user746@outlook.com,+1-875-555-0188,duplicate account?,crm_export_v2,,price,1
692,CUST101123,2020/06/17,44,Male ,Chicago,Basic,Month-to-month,Debit Card,28,27.67$,784.15,-,nan,y,4,70,user1123@gmail.com,3655550130,,crm_export_v2,,,N
693,CUST100445,12-22-2022,21,Male,Mumbai,STANDARD,Month-to-month,PayPal ,26,35.96,973.57,3,17.4,yes,4,18,user445@example.org,4025550180,,crm_export_v2,,moved,Yes
694,CUST101970,2023/12/20,59,Male,Mumbai,Standard,Month to month,PayPal,71,44.87,3161.44,5,116.9 GB,TRUE,8,57,user1970@gmail.com,+1-941-555-0140,,crm_export_v2,,,no
695,CUST101153,06-14-2024,48, Male,zurich,Basic,One year,Credit Card,?,24.35,887.39,three,55193 MB,yes,7,69,user1153@@gmail,5835550162,,crm_export_v2,,,0
696,CUST101088,26.11.22,49,Male,Zürich,PREMIUM,Month-to-month,Bank Transfer,40,81.05,3093.69,5,65024 MB,TRUE,5,7,user1088@mail.net,(951) 555 0196,,crm_export_v2,,price,1
697,CUST101586,NA,18,Female,Sydney,Standard,One year,Auto-debit,68,USD 42.06,2764.3,2,69.0,y,8,89,user1586@outlook.com,(317) 555 0154,test,crm_export_v2,,,No
698,CUST100451,"Jul 18, 2024",54,nan,São Paulo,Basic ,two year,Auto-debit ,41,27.73,"$1,170.09",null,18.9 GB,1,4,31,no-email,+1-431-555-0134,,crm_export_v2,,,N
699,CUST101516,11-22-2021,41,Female,Berlin,Standard,Month-to-month,Auto-debit,62,,"$2,868.50",1,23.7 GB,y,6/10,11,user1516@example.org,3865550141,,crm_export_v2,,poor service,1
700,CUST100464,15.01.19,29,Female,Chicago,Standard,Month-to-month,Debit Card,47,41.83$, ,4,62771 MB,Y,6,41,null,927.555.0114,,crm_export_v2,,,0
701,CUST100800,01-27-2019,52,null,Toronto,Basic,MONTH-TO-MONTH,PAYPAL,49,24.92,"$1,215.89",3,102.0 GB,Y,10,50,user800@gmail.com,null,,crm_export_v2,,,No
702,CUST100458,2024-01-16,29,Female,-,Bsc,Two year,Auto-debit,53,N/A,710.73,3,47.2,Yes,4,17,user458@gmail.com,(910) 555 0117,,crm_export_v2,,,FALSE
703,CUST101554,2021-09-29,64,female,São Paulo,Standard,Month-to-month,Bank Transfer,64,null,3043.08,2,60.1,y,7,83,USER1554@GMAIL.COM,(599) 555 0149,complained about billing,crm_export_v2,,,No
704,CUST101056,11.09.21,40,Female ,Toronto,Standard,Month-to-month,Bank Transfer,32,USD 43.11,1325.23,3,242.7,True,7,82,user1056@gmail.com,4855550167,,crm_export_v2,,,FALSE
705,CUST101058,2021/07/18,22,Male,Paris,Standard,Month-to-month,Bank Transfer,29,41.57$,1261.16,4,88.1 GB,y,9,64,user1058@yahoo.com,885.555.0144,,crm_export_v2,,,no
706,CUST100868,09-04-2021,nan,f,Zürich,Basic,Month-to-month,Bank Transfer,None,USD 31.56,$712.88,4,125.8,TRUE,6,22,user868@example.org,437.555.0138,n/a,crm_export_v2,,poor service,TRUE
707,CUST100369,18.08.23,null,Female,London,Basic,Two year,Bank Transfer,56,23.18, ,2,69939 MB,Yes,6,36,user369@yahoo.com,588.555.0102,,crm_export_v2,,,FALSE
708,CUST100484,10/10/2021,48,Female,PARIS,Bsc,Month-to-month,Credit Card,38,USD 20.56, ,1,107.3 GB,Y,2,67,user484@yahoo.com,2535550191,,crm_export_v2,,moved,yes
709,CUST101286,2024-06-11,18,Female ,TORONTO,Basic,Month-to-month,Bank Transfer,19.0,30.79,575.07,1,41.2,FALSE,4,73,user1286@example.org,+1-314-555-0153,,crm_export_v2,,moved,Yes
710,CUST101287,2020/05/28,54,Female,Dubai,Bsc,Month-to-month,Credit Card,37,27.73,1072.52,3,54.7,TRUE,9,88,user1287@gmail.com,6575550126,,crm_export_v2,,,FALSE
711,CUST100307,2022-04-28,33, Male,Chicago,Premium,One year,Debit Card,16,$73.11,1188.14,2,47.0 GB,TRUE,9,56,user307@gmail.com,+1-505-555-0124,,crm_export_v2,,,No
712,CUST100285,"Aug 15, 2024",31,Male,New York,Basic,Month-to-month,Bank Transfer,51,21.54,1062.16,2,58.9,Y,9,76,user285@outlook.com,870.555.0142,,crm_export_v2,,,N
713,CUST101950,2024/06/27,65, Male,Sydney,Basic,Two year,Bank Transfer,49,USD 17.0,797.69,2,71.4,y,4,56,user1950@example.org,+1-639-555-0112,,crm_export_v2,,competitor offer,TRUE
714,CUST101157,"Feb 06, 2024",41,Female,São Paulo,Standard,Month-to-month,Credit Card,56,$43.52,"$2,512.27",1,101.4,TRUE,7,53,user1157@yahoo.com,(226) 555 0165,,crm_export_v2,,poor service,Yes
715,cust100448,02-15-2022,30,Female ,SINGAPORE,Standard,One year,Bank Transfer,4,55.79,233.98,2,97.2,no,5,36,user448@outlook.com,6155550196,VIP???,crm_export_v2,,,Retained
716,CUST100816,"Apr 05, 2019",28,missing,New York,BASIC,Month-to-month,Debit Card,53,21.45,"$1,153.16",2,43.0 GB,N,9,20,user816@gmail.com,761.555.0124,,crm_export_v2,,,No
717,CUST101411,2022/05/14,42,Male,Zürich,STANDARD,Month-to-month,Auto-debit,42,40.27,null,4,97075 MB,n,7,63,user1411@outlook.com,954.555.0183,,crm_export_v2,,poor service,Y
718,CUST100863,18.08.23,51, Male,Dubai,Standard,Month-to-month,Debit Card,32,40.83,1300.93,2,133.4,missing,9,7,user863@mail.net,5205550159,,crm_export_v2,,moved,1
719,CUST101302,13/03/2023,-35,Male,Dubai,standard,Month-to-month,Debit Card,70,46.35,3165.28,4,26.2,Y,6,24,user1302@gmail.com,(922) 555 0181,,crm_export_v2,,,No
720,CUST100735,"Jan 09, 2023",43,Female,Sidney,Basic,Month-to-month,PayPal,12,$19.58,234.49,3,188.7,y,4,86,user735@yahoo.com,4665550177,,crm_export_v2,,price,yes
721,CUST100905,"Apr 03, 2023",33, Male,London,Standard,Month-to-month,Credit Card,63,43.49,2813.93,1,96.1,1,7,missing,user905@outlook.com,+1-351-555-0161,Recontact in Q3,crm_export_v2,,,No
722,CUST101686,2021/07/26,30,Female,New York,Premium,Two year,Credit Card,14.0,88.98,1288.92,1,26.9 GB,True,7,1,user1686@gmail.com,4035550152,,crm_export_v2,,poor service,1
723,CUST101578,"Sep 05, 2019",35,male,Mumbai,Standard,Month-to-month,Bank Transfer,6,50.6,318.11,1,29.3,1,3,1,user1578@gmail.com,3505550174,,crm_export_v2,,,No
724,CUST101887,"Jun 24, 2021",30,m,London,Premium,One year,null,None,81.11,"$1,536.25",1,12185 MB,1,6,45,user1887@outlook.com,+1-506-555-0165,,crm_export_v2,,price,?
725,CUST101396,09-19-2022,47,Female,Dubai,STANDARD,Month to month,Auto-debit,41,43.89,"1,858.14",2,75.0 GB,yes,4,68,user1396@gmail.com,(881) 555 0189,,crm_export_v2,,moved,1
726,CUST100758,"Oct 08, 2019",42,Male,Zürich,Std,One year,Debit Card,8,39.81$,316.58,1,98.3,TRUE,7,50,user758@gmail.com,7845550125,,crm_export_v2,,competitor offer,Y
727,CUST101412,07-02-2020,40,Male,New York,Bsc,Month-to-month,Auto-debit,24,$18.44,462.78,0,117.7,y,7,83,user1412@@gmail,985.555.0104,test,crm_export_v2,,,no
728,CUST100835,2023/08/29,37,Male,Zurich,Standard,Month-to-month,Bank Transfer,27,53.04,1375.52,0,25.1,1,7,87,user835@example.org,653.555.0141,,crm_export_v2,,competitor offer,TRUE
729,CUST101915,07.02.22,None,Male,Paris,standard,MONTH-TO-MONTH,PayPal,62,USD 38.71,"2,304.44",4,94.6,yes,7,42,null,4505550106,,crm_export_v2,,,N
730,CUST101283,2023/10/20,0,NA,london,Standard,One year,PayPal,22,40.09,920.91,two,59.2,TRUE,2,35,user1283@example.org,959.555.0196,,crm_export_v2,,,No
731,CUST101360,2019-06-30,60,m,sydney,Premium,One year,Bank Transfer,62.0,83.32,5044.79,null,159.7,TRUE,5,37,user1360@outlook.com,N/A,,crm_export_v2,,,no
732,CUST100824,2022-09-27,41,m,Sydney,Basic,Month-to-month,Auto-debit,62,USD 23.31,1431.18,4,69.9,True,4,41,user824@yahoo.com,(674) 555 0157,,crm_export_v2,,,No
733,CUST100097,"Feb 03, 2023",33,Male,New York,Standard,Two year,Auto-debit,52,40.92,2091.0,2,null,Yes,6/10,47,USER97@MAIL.NET,2175550126,duplicate account?,crm_export_v2,,,No
734,CUST100918,"Jul 11, 2020",44,Female,Mumbai,Standard,Two year,Auto-debit,29,46.91,"$1,422.09",2,67.4,yes,7,82,null,+1-620-555-0104,duplicate account?,crm_export_v2,,,no
735,CUST101213,"Mar 13, 2024",69,M,Dubai,Standard,one year,Auto-debit,6,USD 48.28,298.65,2,19.6,,10,51,user1213@yahoo.com,(606) 555 0150,##,crm_export_v2,,,0
736,CUST101702,2023-02-02,32,nan,Sidney,Std,Month-to-month,Credit Card,55,41.72,2383.76,2,75.6,yes,7,28,user1702@outlook.com,9705550182,,crm_export_v2,,,no
737,CUST100139,14.08.21,N/A,Female,Dubai,Std,Month-to-month,Bank Transfer,63,52.04,"$3,368.66",?,35942 MB,yes,8,35,no-email,954.555.0141,complained about billing,crm_export_v2,,,FALSE
738,CUST100933,2022-11-22,34,Male,Singapore,STANDARD,two year,Credit Card,38,43.81,"1,707.47",1,61.0,yes,4,33,user933@yahoo.com,(973) 555 0187,,crm_export_v2,,,Retained
739,CUST101821,08-02-2023,34,Male,Toronto,BASIC,One year,Auto-debit,46,19.35,$929.53,1,48.0 GB,Yes,5,62,user1821@gmail.com,+1-546-555-0175,,crm_export_v2,,moved,Yes
740,CUST101610,2023/08/28,28,Other,toronto,Basic,Month-to-month,Debit Card,44,13.82,584.75,3,55.1,yes,8,20,user1610@gmail.com,+1-818-555-0124,,crm_export_v2,,,No
741,cust101116,12-20-2024,43,FEMALE,SINGAPORE,Standard,MONTH-TO-MONTH,Auto-debit,56,45.03$,2564.04,4,60928 MB,0,7,56,user1116@@gmail,+1-551-555-0148,,crm_export_v2,,,N
742,CUST101048,32/01/2020,43,M,Toronto,Basic,Month-to-month,Credit Card,67,15.95,"$1,041.91",5,94.1,y,6,38,user1048@yahoo.com,5385550137,,crm_export_v2,,price,Yes
743,CUST101957,2022-03-10,0,Female,São Paulo,Basic ,Month-to-month,Debit Card,5.0,$15.72,$78.32,0,64.7,True,3,63,user1957@yahoo.com,6665550136,,crm_export_v2,,poor service,yes
744,CUST101806,01-19-2019,39, Male,São Paulo,basic,Month-to-month,Auto-debit,36,16.56,615.74,1,73.7,0,7,65,user1806@yahoo.com,(880) 555 0168,,crm_export_v2,,,No
745,CUST101280,2023/06/09,31,Female,São Paulo,Bsc,two year,Credit Card,37,21.65,784.88,2,84.3,No,7,75,user1280@@gmail,3855550176,complained about billing,crm_export_v2,,,Retained
746,CUST101587,21.06.19,46,Female,Singapore,Basic,Two year,Bank Transfer,18,18.7,347.04,1,36.0,1,6,6,user1587@outlook.com,+1-422-555-0162,VIP???,crm_export_v2,,,0
747,CUST101913,"Aug 30, 2023",45,Female,Zürich,Basic,ONE YEAR,Bank Transfer,19,10.0,$184.82,1,111.3 GB,1,None,41,user1913@yahoo.com,265.555.0126,,crm_export_v2,,,N
748,CUST100128,12.06.22,57,Female,paris,Standard ,month-to-month,Debit Card,?,51.91,3534.33,4,35.8,None,5,86,user128@mail.net,(595) 555 0187,,crm_export_v2,,poor service,Y
749,CUST101271,2019/08/28,29,Female,São Paulo,Basic,Two year,Credit Card,32,12.97,429.17,1,49.1,y,8,89,user1271@gmail.com,6165550187,,crm_export_v2,,,0
750,CUST101704,2024/07/07,60,Female,Mumbai,Standard,One year,Bank Transfer,59,45.55, ,?,49049 MB,True,5,33,user1704@mail.net,+1-700-555-0159,,crm_export_v2,,,0
751,CUST100920,26.03.24,44,Female,Sydney,standard,Month-to-month,Bank Transfer,61,42.23,"$2,560.99",3,70.4,yes,10,60,user920@yahoo.com,(586) 555 0192,,crm_export_v2,,,Retained
752,CUST101473,2020/03/29,NA,Female,Chicago,nan,One year,Debit Card,37,51.04,"$1,909.68",0,91.2 GB,True,6,1,user1473@yahoo.com,443.555.0193,,crm_export_v2,,,N
753,CUST100522,"Feb 26, 2020",43,Female ,TORONTO,Basic,One year,PayPal,72,$16.47,1165.34,2,81.0,Y,9,69,missing,640.555.0115,,crm_export_v2,,,FALSE
754,CUST100264,07.12.24,26,M,Toronto,Premium,Month-to-month,PayPal,3,79.68,$229.34,0,-,False,4,71,user264@outlook.com,421.555.0156,duplicate account?,crm_export_v2,,,FALSE
755,CUST100166,12-04-2020,59,Femail,Paris,Standard ,null,Debit Card,3,45.35,$142.17,1,17.2,y,6,84,user166@outlook.com,(362) 555 0149,,crm_export_v2,,moved,Churned
756,CUST101229,"Sep 23, 2020",39,FEMALE,Berlin,Standard,MONTH-TO-MONTH,Debit Card,61,43.89,2665.23,0,116.6 GB,y,10,1,user1229@mail.net,(630) 555 0103,,crm_export_v2,,,FALSE
757,CUST101724,15/03/2022,28,female,LONDON ,Standard,Month-to-month,Debit Card,51,40.02,2137.56,2,132.5,Yes,100,35,user1724@mail.net,(993) 555 0146,,crm_export_v2,,moved,1
758,CUST100663,19.03.20,25,Male ,mumbai,Standard ,Month-to-month,Bank Transfer,13,53.69,688.51,2,35532 MB,TRUE,7,?,user663@mail.net,406.555.0104,,crm_export_v2,,poor service,1
759,CUST100631,"Dec 18, 2020",62,Male,Chicago,Premium,Month-to-month,Debit Card,None,None,347.04,0,93.8 GB,Y,99,55,user631@@gmail,7865550195,,crm_export_v2,,moved,Y
760,CUST100498,21/07/2024,42, Male,Paris,Basic,Two year,Bank Transfer,51,24.94,1244.73,0,74.3,TRUE,N/A,13,user498@yahoo.com,(303) 555 0122,,crm_export_v2,,,0
761,CUST101752,10-08-2022,27,Female,Singapur,Premium,MONTH-TO-MONTH,PayPal,13,USD 75.72,994.41,1,62.0 GB,TRUE,5,88,user1752@yahoo.com,+1-245-555-0161,,crm_export_v2,,moved,Yes
762,CUST101909,20/08/2024,24,Female,mumbai,Standard,Month-to-month,Auto-debit,49,$45.56,2287.98,5,41.0,Yes,6,84,user1909@outlook.com,(773) 555 0162,,crm_export_v2,,no longer needed,1
763,CUST101438,2020/11/29,20,Male,Berlin,Standard,Month-to-month,AUTO-DEBIT,31,44.95, ,2,171.4,1,8,37,user1438@gmail.com,944.555.0102,,crm_export_v2,,,No
764,CUST101798,2021-11-14,32,F,London,Standard,ONE YEAR,Auto-debit,61,50.47,2952.1,0,38502 MB,yes,7,77,user1798@@gmail,5665550151,,crm_export_v2,,,Retained
765,CUST101674,04-21-2023,40,m,Singapore,Standard,One year,Bank Transfer ,40,55.26$,2212.76,1,57446 MB,FALSE,6,2,USER1674@EXAMPLE.ORG,732.555.0163,,crm_export_v2,,,Retained
766,CUST100432,2023/12/14,23,Male,São Paulo,Standard,Month-to-month,nan,7,46.8,$321.09,6,36.7 GB,Y,4,37,user432@yahoo.com,8465550147,,crm_export_v2,,competitor offer,Y
767,CUST101257,2022-05-01,27,m,Londn,Premium,One year,Bank Transfer,28,$81.80,2273.04,1,54579 MB,N,7,22,user1257@gmail.com,8925550134,,crm_export_v2,,,Retained
768,CUST101241,2023-08-30,49,Male,Berlin,Basic,Two year,Debit Card,44,$26.51,"$1,206.43",2,73.9,y,missing,25,user1241@yahoo.com,553.555.0121,,crm_export_v2,,,Retained
769,CUST101813,"Dec 21, 2021",61,Male,São Paulo,Basic,Month-to-month,Auto-debit,33,20.25,nan,3,169.5,True,7,62,user1813@mail.net,(409) 555 0175,,crm_export_v2,,competitor offer,Y
770,CUST100068,2019-06-17,41,Female,Berlin,Premium,One year,Debit Card,44,USD 71.46,"$3,254.80",2,75.2,Y,9,68,user68@gmail.com,null,,crm_export_v2,,,Retained
771,CUST100617,08-06-2020,39,male,SINGAPORE,Standard,Two year,Auto-debit,15,-,$581.59,0,31.6 GB,y,9,33,user617@outlook.com,NA,,crm_export_v2,,,No
772,CUST101836,2024-08-23,28,Male,Dubai,basic,Two year,PayPal,32,20.22,$670.51,1,nan,1,10,69,user1836@gmail.com,986.555.0157,,crm_export_v2,,,No
773,CUST101748,29.10.23,42,Female ,Dubai,Basic,Month-to-month,Auto-debit,1,21.23,22.03,3,58.0,y,7,45,user1748@gmail.com,(543) 555 0176,,crm_export_v2,,,N
774,CUST101809,2024-10-01,48,Male ,Chicago,Basic,Month-to-month,Auto-debit,53,19.54$,989.26,3,101.5 GB,No,4,82,user1809@outlook.com,+1-327-555-0188,,crm_export_v2,,,FALSE
775,CUST100573,"Apr 18, 2019",38,Male,São Paulo,Basic,Month-to-month,PayPal,25,$31.57,812.17,3,50.2,yes,4,35,user573@mail.net,+1-347-555-0133,Recontact in Q3,crm_export_v2,,poor service,yes
776,CUST100334,04/10/2021,18,Male,chicago,Standard,Month-to-month,Debit Card,62,37.4,-,3,78.6,y,5,14,user334@mail.net,9735550163,,crm_export_v2,,,Retained
777,CUST100338,19.03.20,18,Male,Sydney,Standard,null,Bank Transfer,26,$41.67,1042.78,3,51.5,True,7,71,user338@yahoo.com,7545550111,,crm_export_v2,,no longer needed,Churned
778,CUST101301,"May 28, 2021",18,Male,New York,Standard,Month-to-month,paypal,61,41.17,"2,503.78",None,5.3 GB,Y,9,66,nan,2925550189,,crm_export_v2,,,no
779,CUST101368,10-10-2024,42,Male,paris,Standard,Month-to-month,Debit Card,39,28.81,1106.29,6,67.1 GB,y,10,60,user1368@outlook.com,+1-690-555-0147,,crm_export_v2,,,No
780,CUST100664,08-01-2022,30,Male,sydney,Standard,Month-to-month,Debit Card,14,$44.77, ,3,99.9,True,7,46,user664@gmail.com,313.555.0109,,crm_export_v2,,no longer needed,TRUE
781,CUST100383,2020/06/11,38,Male,London,premium,Month-to-month,BANK TRANSFER,22,83.51,"$1,771.38",50,47.6 GB,True,4,16,user383@example.org,+1-573-555-0142,,crm_export_v2,,price,1
782,CUST101609,2019/10/03,30,Male,Berlin,Standard ,Two year,Bank Transfer,2,46.04,93.18,2,116736 MB,yes,8,10,user1609@outlook.com,420.555.0191,,crm_export_v2,,competitor offer,yes
783,CUST100055,06.04.19,46,Female,TORONTO,Basic,Month-to-month,Auto-debit,17,20.02,342.68,1,24.8,TRUE,6,82,user55@outlook.com,+1-589-555-0188,,crm_export_v2,,poor service,Yes
784,CUST101010,08-11-2020,44,Male,London,premium,Month-to-month,PayPal,66,76.88,"$4,931.84",2,36.4,True,5,6,user1010@mail.net,317.555.0195,,crm_export_v2,,,FALSE
785,CUST100903,2024/04/20,52,Female,CHICAGO ,Bsc,Month-to-month,Credit Card,69,14.12,943.25,0,57753 MB,False,10,44,None,(601) 555 0114,test,crm_export_v2,,,FALSE
786,CUST100875,"Jan 09, 2022",52,Female,Paris,Standard,Month-to-month,Bank Transfer,3,40.62,122.31,4,40.4,1,6,62,user875@mail.net,708.555.0142,,crm_export_v2,,moved,Y
787,CUST101898,"Jun 25, 2023",25, Male,São paulo,BASIC,Month-to-month,Debit Card,32,-,542.81,1,97280 MB,Yes,7,46,user1898@outlook.com,(463) 555 0149,duplicate account?,crm_export_v2,,,Retained
788,CUST101263,"Dec 07, 2023",N/A,Female,toronto,Premium,ONE YEAR,Debit Card,51,$75.62,"$4,008.65",1,91.7,1,5,46, user1263@gmail.com ,585.555.0175,,crm_export_v2,,no longer needed,yes
789,CUST100186,31/12/2019,-34,Female,Dubai,Basic,one year,BANK TRANSFER,14,24.51,350.58,2,52.2,Y,?,17,user186@outlook.com,9435550100,,crm_export_v2,,,N
790,CUST100170,21/08/2019,41,MALE,Zürich,Standard,month-to-month,Credit Card,46,44.0,2093.2,0,88.6 GB,True,7,40,user170@outlook.com,995.555.0102,,crm_export_v2,,,no
791,CUST100173,2023/05/01,63,Male,Toronto,Basic,One year,Debit Card,40,18.32,711.0,2,50.4 GB,Yes,6,37,user173@example.org,2705550119,,crm_export_v2,,,0
792,CUST101082,2024-09-29,26,FEMALE,London,Standard,ONE YEAR,PayPal,50,41.77,"2,124.27",3,23.9 GB,No,10,80,?,2425550140,,crm_export_v2,,,no
793,CUST100326,2020/06/01,18,Male,Zürich,Standard,Two year,Auto-debit ,36,42.79,1555.76,3,40.6,False,10,56,user326@@gmail,770.555.0158,,crm_export_v2,,,N
794,CUST100503,"Mar 14, 2024",42,Male,Dubai,Std,Month-to-month,Auto-debit,70,$47.09,3386.66,2,132.6 GB,yes,8,88,user503@yahoo.com,(609) 555 0106,,crm_export_v2,,,0
795,CUST101094,20.12.20,63,Femail,São Paulo,BASIC,One year,PayPal,71,21.97,1575.53,3,47.1,1,6,15,user1094@yahoo.com,(229) 555 0192,,crm_export_v2,,,No
796,CUST101355,12-24-2021,56,Male,Pariss,Basic,One year,PAYPAL,7,24.12, ,4,125952 MB,1,7,63,user1355@example.org,+1-791-555-0144,,crm_export_v2,,moved,Churned
797,CUST100409,31.01.19,48,Female,Singapore,Basic,Two year,PayPal,10,16.85,168.04,2,18.2,y,8,60,user409@mail.net,+1-677-555-0140,,crm_export_v2,,,0
798,CUST101282,11/05/2021,56,female,singapore,Premium,Month-to-month,Credit Card,28,69.65,1863.2,3,33.5,TRUE,7,58,no-email,(537) 555 0137,,crm_export_v2,,poor service,Y
799,CUST100297,08-19-2021,40,Male,Zürich,Standard,Month-to-month,Credit Card,63,45.65,2885.98,1,9.3 GB,TRUE,7,46,-,2115550159,,crm_export_v2,,,FALSE
800,CUST101321,"Aug 24, 2020",54,Female,Toronto,Standard,Two year,Credit Card,61,$53.39,?,2,0.034 TB,Y,5,10,no-email,7015550127,,crm_export_v2,,,0
801,CUST101162,2024/02/01,55,FEMALE,N/A,Premium,Month-to-month,Debit Card,66,77.69,4949.94,2,59.9 GB,1,4,14,user1162@gmail.com,(991) 555 0155,asked for discount,crm_export_v2,,,N
802,CUST100895,01/09/2022,59,F,Sydney,Basic ,One year,Bank Transfer,9,$20.75,$193.50,1,86.4,1,6,25,user895@yahoo.com,451.555.0134,,crm_export_v2,,no longer needed,Y
803,CUST100728,05.12.21,46,Male,London,Standard,One year,Bank Transfer,27,49.68,"1,400.72",1,63897 MB,Yes,8,40,user728@example.org,6735550155,,crm_export_v2,,,FALSE
804,CUST100975,05-09-2020,25.0,Male,Mumbai,Basic,Month-to-month,Credit Card,62,$16.51,1023.93,4,49.5,TRUE,4,82,user975@yahoo.com,+1-608-555-0102,,crm_export_v2,,moved,Churned
805,CUST100915,2021/10/01,200,Male,Berlin,Standard,MONTH-TO-MONTH,Auto-debit,3,43.51,$130.44,3,245.1,yes,9,38,user915@outlook.com,6985550198,,crm_export_v2,,,FALSE
806,CUST100855,2024/02/04,57, Male,London,STANDARD,One year,Credit Card,47.0,46.03,2227.59,2,44.9,Yes,4,36,user855@outlook.com,7315550186,VIP???,crm_export_v2,,,Retained
807,CUST100671,"Sep 07, 2022",41,Male,London,Basic,Month-to-month,DEBIT CARD,13,21.02,269.92,5,63078 MB,y,?,23,user671@outlook.com,(550) 555 0147,,crm_export_v2,,poor service,Churned
808,CUST100648,04/10/2024,48,Male,Toronto,Prem,Two year,Auto-debit,57,70.27,4007.39,4,69324 MB,1,7,65,user648@yahoo.com,+1-266-555-0189,,crm_export_v2,,,Retained
809,NA,?,-,None,-,nan,nan,null,None,NA,,null,?,,-,nan,null,None,missing,NA,,missing,
810,CUST101824,20.08.23,40,Male,Singapore,Standard,Month-to-month,Bank Transfer,58,41.59,2446.67,1,58.1 GB,Y,9,66,user1824@outlook.com,713.555.0158,,crm_export_v2,,,N
811,CUST100725,14.09.19,23,Other,TORONTO,Basic,One year,Debit Card,52,16.95,845.9,2,105.4,True,7,4,user725@example.org,+1-623-555-0133,,crm_export_v2,,,0
812,CUST101817,07-06-2020,46,Female,Dubai,Standard,Month-to-month,PayPal,18,41.91, ,2,45.6 GB,n,-,49,user1817@yahoo.com,3415550155,,crm_export_v2,,moved,yes
813,CUST101673,2023-07-19,49, Male,Toronto,Bsc,One year,Credit Card,44,18.19,791.22,3,68.4,y,8,36,user1673@gmail.com,381.555.0162,,crm_export_v2,,,No
814,CUST100201,12/06/2024,36,Femail,Singapore,Standard,Two year,Debit Card,67,36.07, ,2,32.7,0,4,78, user201@outlook.com ,7495550146,,crm_export_v2,,,no
815,CUST101768,"May 29, 2019",36,Male,Berlin,Standard,One year,Credit Card,42,44.85,"$1,806.45",3,73.4 GB,True,10,58,user1768@outlook.com,330.555.0124,,crm_export_v2,,,N
816,CUST100838,N/A,18,Male,Paris,BASIC,One year,CREDIT CARD,45,28.56,1324.96,1,57446 MB,y,4,81,user838@gmail.com,?,,crm_export_v2,,,0
817,CUST100531,12-29-2019,50,f,Singapore,Standard,Two year,Debit Card,37,47.26,"$1,768.00",1,13.4,Yes,7,41, user531@yahoo.com ,missing,,crm_export_v2,,,no
818,CUST100407,2019/11/12,41,male,Mumbai,Premium,Month-to-month,debit card,54,80.8,4580.98,4,68.3,yes,5/10,24,user407@@gmail,+1-912-555-0108,,crm_export_v2,,,no
819,CUST100199,07/10/2024,73,Male,Chicago,Basic,Two year,PayPal,57,18.86, ,3,24576 MB,null,7,5,user199@outlook.com,(583) 555 0159,,crm_export_v2,,,no
820,CUST100473,10-20-2021,32,Female,nan,Standard,Two year,Auto-debit,24,$42.60,"$1,073.33",1,142.9,No,7,59,user473@gmail.com,(284) 555 0145,,crm_export_v2,,,FALSE
821,CUST100714,08.07.24,28,Male,DUBAI,Standard,MONTH-TO-MONTH,PayPal,55,USD 49.4,"$2,599.97",1,38.4,y,4,73,user714@gmail.com,4705550185,,crm_export_v2,,price,TRUE
822,CUST101863,"Mar 24, 2021",29,Female,Dubai,Premium,One year,PayPal,52,76.99,4030.75,0,104.5,Yes,7,86,user1863@mail.net,None,,crm_export_v2,,,no
823,CUST101622,2024/07/16,49,m,NA,Standard,Month-to-month,Bank Transfer,60,49.77,2960.51,4,64.7,True,6,87,user1622@yahoo.com,642.555.0178,,crm_export_v2,,moved,yes
824,CUST100871,"Mar 17, 2020",60,Female,São Paulo,Standard,Month-to-month,Debit Card,29,45.54,"$1,285.66",2,32.7,no,7,6,user871@gmail.com,(793) 555 0183,,crm_export_v2,,,N
825,CUST101125,01-22-2024,43,Female,Sydney,Standard,month-to-month,PayPal,35,46.18,1579.84,1,93.8 GB,1,3,3,user1125@yahoo.com,+1-631-555-0135,,crm_export_v2,,price,Churned
826,CUST100216,23.06.19,49,Female,Zürich,Basic,Month-to-month,Auto-debit,7,21.39,$149.30,2,38.5,True,9,47,-,226.555.0124,,crm_export_v2,,,Retained
827,CUST101761,15/06/2021,65,Male,,basic,Month-to-month,Auto-debit,59,10.0,$581.12,2,18.5,n,1,17,user1761@gmail.com,390.555.0197,,crm_export_v2,,moved,Churned
828,CUST100253,2020-12-23,40,m,Paris,Basic,Month-to-month,PayPal,52,25.79,1332.03,2,51.8,yes,9,12,USER253@YAHOO.COM,(759) 555 0172,,crm_export_v2,,,0
829,CUST100152,"Jul 02, 2024",28,Femail,mumbai,Basic,Month-to-month,PayPal,54,17.98, ,1,62976 MB,yes,6,12,user152@outlook.com,5345550133,,crm_export_v2,,,FALSE
830,CUST101382,2021/01/29,51,MALE,dubai,Premium,One year,credit card,49.0,USD 71.34,3461.32,2,35.9,y,6,38,user1382@yahoo.com,8705550126,duplicate account?,crm_export_v2,,price,Churned
831,CUST100817,2019/08/22,50,male,ZÜRICH,Standard,Month-to-month,Bank Transfer,4,47.5,192.89,2,69.2,yes,6,67,user817@yahoo.com,(851) 555 0138,complained about billing,crm_export_v2,,no longer needed,Churned
832,CUST101124,"Jan 15, 2024",49,Male,New York,Basic,Month-to-month,Debit Card,25,29.79$,757.8,1,82.9,1,5,19,user1124@mail.net,7965550175,,crm_export_v2,,no longer needed,1
833,CUST100478,2022-12-24,45,female,Sydney,Standard,Two year,PayPal,26,51.55,1292.64,2,143.3,1,8,73,user478@example.org,+1-776-555-0102,,crm_export_v2,,,FALSE
834,CUST101683,10.10.23,27,Female,São Paulo,Std,Two year,Debit Card,58,$46.26,"$2,730.04",1,63.7 GB,y,8,9,user1683@mail.net,NA,,crm_export_v2,,,FALSE
835,CUST101566,21.10.24,43,Female ,SYDNEY,Premium,Month-to-month,Credit Card,66,78.13,5212.24,5,47308 MB,Y,5,33,user1566@example.org,+1-960-555-0149,,crm_export_v2,,,0
836,CUST101075,2019/12/25,66,Male,Singapore,Premium,Two year,PayPal,24,83.31,"$2,000.91",4,81.5,1,3,67,user1075@example.org,248.555.0150,,crm_export_v2,,poor service,yes
837,CUST100840,09-24-2020,41,Male,São Paulo,standard,Month-to-month,PayPal,26,44.02,"$1,134.77",one,223.2,TRUE,6,68,user840@outlook.com,+1-456-555-0141,,crm_export_v2,,,no
838,CUST101749,"Apr 25, 2023",42,Female,null,Basic ,Month-to-month,Auto-debit,44,-20,$964.51,1,88064 MB,Yes,9,1,user1749@yahoo.com,9255550197,,crm_export_v2,,,N
839,cust101742,09-25-2021,40,Male ,SINGAPORE,Premium,One year,,16,83.16,"1,308.94",4,54.7 GB,y,10,38,user1742@gmail.com,(642) 555 0126,,crm_export_v2,,price,1
840,CUST101342,"Sep 19, 2019",44,Male,Dubai,Premium,Month to month,PayPal,8,77.24,628.02,2,162.6,TRUE,8,60,user1342@gmail.com,724.555.0196,,crm_export_v2,,poor service,1
841,CUST100530,03.08.22,26,Female,Zürich,standard,Month-to-month,Auto-debit,18.0,32.32,561.05,0,103.0,No,6,57,user530@outlook.com,420.555.0188,,crm_export_v2,,,FALSE
842,CUST101238,2020/10/14,37,Female,SYDNEY,Basic,One year,bank transfer,56,20.87,"1,122.09",1,195.8 GB,True,8,74,user1238@yahoo.com,+1-928-555-0134,,crm_export_v2,,,No
843,CUST101830,02-16-2021,38,Male,Chicago,Standard,Month-to-month,Credit Card,55,33.57,1919.99,3,104.6,1,7,79,user1830@example.org,540.555.0103,,crm_export_v2,,price,Y
844,CUST100240,04.11.19,30,Female,Sydney,Standard,Month-to-month,Credit Card,1,N/A,41.17,5,70.7,TRUE,3,38,user240@gmail.com,+1-222-555-0125,,crm_export_v2,,no longer needed,1
845,CUST101730,09-02-2023,43,m, Berlin,BASIC,Month-to-month,Auto-debit,37,27.76,"$1,050.52",1,null,Yes,5,86,user1730@mail.net,+1-693-555-0167,,crm_export_v2,,no longer needed,TRUE
846,CUST101682,2019/03/19,72,Female,Singapore,Premium,Month-to-month,Credit Card,nan,81.61,"5,040.92",2,27.4,1,6,-5,user1682@yahoo.com,+1-317-555-0146,duplicate account?,crm_export_v2,,moved,TRUE
847,CUST100187,04-14-2021,50,Female,Paris,Standard,Month-to-month,Credit Card,7,48.14,$343.32,3,69.4 GB,TRUE,5,37,user187@mail.net,255.555.0162,n/a,crm_export_v2,,no longer needed,Y
848,CUST100246,2023/07/17,32,Male,Toronto,Basic,One year,PayPal,39,18.14,680.81,0,56.3 GB,yes,8,85,user246@gmail.com,6825550175,,crm_export_v2,,,No
849,CUST101033,"Nov 18, 2020",35,Female,New York,Std,ONE YEAR,DEBIT CARD,62,44.54$,,1,50.8,Yes,5,50,user1033@yahoo.com,554.555.0178,,crm_export_v2,,competitor offer,1
850,CUST101509,2023/02/05,18,Male,Mumbai,Standard,One year,Credit Card,14.0,45.96,$655.57,1,nan,Yes,8,87,USER1509@MAIL.NET,2605550149,asked for discount,crm_export_v2,,,N
851,CUST101133,07-29-2023,44,Female,New York,Standard,Month-to-month,Bank Transfer,10,40.72, ,1,35.6 GB,yes,10,5,USER1133@YAHOO.COM,12345,,crm_export_v2,,,No
852,CUST100462,2023-06-28,51,f,Zürich,Std,Two year,Credit Card,62,USD 42.29,2504.91,2,47308 MB,y,4,51,user462@example.org,+1-844-555-0107,,crm_export_v2,,,N
853,CUST100692,08-01-2024,?,Male,Dubai,Basic,Month-to-month,PAYPAL,36,15.49,564.46,0,115.1,yes,5,72,user692@example.org,547.555.0103,,crm_export_v2,,,N
854,CUST100302,22.01.19,49,Female,Toronto,Basic,Month-to-month,Bank Transfer,17,25.59,431.61,3,60.4,1,5,50,user302@outlook.com,+1-952-555-0196,,crm_export_v2,,poor service,Yes
855,CUST100283,2021-12-10,54,Male,Berlinn,standard,Month to month,Credit Card,31,52.48,1696.11,2,154.9,TRUE,8,42,user283@mail.net,(427) 555 0105,call back,crm_export_v2,,,N
856,CUST101191,31/08/2020,50,F,MUMBAI ,Basic,TWO YEAR,Credit Card,49,USD 10.0,505.12,1,50.7,Yes,None,missing,user1191@outlook.com,+1-928-555-0189,call back,crm_export_v2,,,N
857,CUST100505,21/09/2021,41,Female ,SINGAPORE,premium,Month-to-month,Auto-debit,68,77.78,5096.79,1,67481 MB,Yes,4,88,user505@mail.net,+1-699-555-0190,,crm_export_v2,,,
858,cust100492,07-08-2023,46,Male,,Basic,One year,Debit Card,19,17.45,$325.69,2,58.9 GB,1,5,72,user492@gmail.com,(905) 555 0144,,crm_export_v2,,poor service,NA
859,CUST100321,08-24-2019,67,female,Paris,Basic,One year,Auto-debit ,44,$33.66,"$1,458.60",2,51609 MB,Yes,8,85,None,459.555.0189,,crm_export_v2,,,0
860,CUST101600,22.10.20,47, Male,Berlin,Basic,Month to month,Credit Card,44,$11.37,523.96,3,103.8,0,5,47,user1600@example.org,(539) 555 0105,,crm_export_v2,,,N
861,CUST101632,"Jul 19, 2019",54,M,Chicago,Basic ,Two year,Debit Card ,24,16.41,374.85,2,51.7 GB,y,7,45,missing,461.555.0127,,crm_export_v2,,,0
862,CUST100986,"Sep 12, 2022",32,Male,London,Premium,Two year,Credit Card,66,USD 70.6,"4,718.09",3,108.7,Y,99,3,user986@yahoo.com,863.555.0137,,crm_export_v2,,,N
863,CUST100621,11-12-2021,28,MALE,New York,Standard,Month-to-month,Auto-debit,38,50.44,1855.26,2,90.9 GB,N,7,78,user621@yahoo.com,(587) 555 0184,,crm_export_v2,,price,TRUE
864,CUST101206,2022/02/02,25,Female,mumbai,Bsc,Month-to-month,Auto-debit,15,15.99$,232.38,2,13.8 GB,y,7,32,no-email,+1-715-555-0193,,crm_export_v2,,,no
865,CUST101132,10-06-2023,61,male,Sydney,Basic,month-to-month,PayPal,71,16.18,1165.65,1,17920 MB,TRUE,4,27,user1132@mail.net,+1-254-555-0141,,crm_export_v2,,poor service,TRUE
866,CUST100122,"Dec 04, 2022",37,Male,New Yrok,Basic,Month-to-month,Bank Transfer,22,10.76,$237.19,5,14.2 GB,y,6,32,user122@mail.net,(565) 555 0181,,crm_export_v2,,no longer needed,Y
867,CUST101064,08/07/2023,35,N/A,Chicago,basic,Two year,bank transfer,52,16.69,843.09,2,143.3,Yes,5,11,user1064@example.org,437.555.0113,VIP???,crm_export_v2,,,No
868,CUST100510,18/12/2024,22,male,Zürich,Premium,Month-to-month,Credit Card,-1,$74.86, ,1,95.5,y,5,48,user510@mail.net,+1-602-555-0139,##,crm_export_v2,,competitor offer,Churned
869,CUST100280,2020/08/27,18,Male,Chicgo,Standard ,Month-to-month,Bank Transfer,25,32.5,$845.45,5,208.6,y,9,28,user280@gmail.com,missing,,crm_export_v2,,moved,yes
870,CUST101545,07-16-2022,44,Female,Dubai,Basic,One year,Debit Card ,38,16.7,650.76,0,28.1 GB,Yes,10,60,user1545@example.org,8425550168,,crm_export_v2,,,FALSE
871,CUST101358,-,48,missing,São paulo,Standard,Month-to-month,Debit Card ,53,53.38,2823.26,3,35.6,TRUE,3/10,54,user1358@yahoo.com,None,,crm_export_v2,,moved,yes
872,CUST101348,28/05/2023,46,Male,São Paulo,Basic,Two year,PayPal,57,18.68,"$1,065.28",4,49.1,False,8,61,user1348@yahoo.com,511.555.0169,,crm_export_v2,,,0
873,CUST101805,2019/04/09,38,Female,Sydney,Premium,One year,Bank Transfer,72,$78.58,5813.59,2,47.8,1,9,62,user1805@example.org,N/A,Recontact in Q3,crm_export_v2,,,No
874,CUST100869,"Mar 29, 2019",44,Male ,London,STANDARD,Two year,Debit Card,55,$34.86,"$1,989.55",2,67.7 GB,yes,7,44,user869@example.org,781.555.0113,,crm_export_v2,,,FALSE
875,CUST101085,"Jan 12, 2024",-56,Female,ZÜRICH,basic,ONE YEAR,PayPal,16,$18.66,$285.29,3,50.4,N,6,89,user1085@gmail.com,(236) 555 0142,,crm_export_v2,,no longer needed,1
876,CUST101089,11-07-2019,35,Other,Dubai,Basic,Two year,Credit Card,40,10.3,414.57,0,0.065 TB,1,5,65,user1089@gmail.com,(363) 555 0102,,crm_export_v2,,,FALSE
877,CUST101121,07-04-2019,33,Female,São Paulo,Premium,MONTH-TO-MONTH,PayPal,20,N/A,N/A,2,92.0,yes,8,88,USER1121@GMAIL.COM,676.555.0188,,crm_export_v2,,poor service,TRUE
878,CUST101267,2021/03/27,29,Other,São paulo,Premium ,Month-to-month,Credit Card ,33,USD 83.41,2616.36,2,59.9,Yes,8,65,user1267@outlook.com,8735550107,,crm_export_v2,,competitor offer,Churned
879,CUST100756,"Jun 04, 2023",?,Male,sao paulo,Basic ,Two year,Bank Transfer,14,30.29,409.97,2,178.1,n,7,40,user756@mail.net,834.555.0175,,crm_export_v2,,,Retained
880,CUST100677,05/07/2019,22,Other,São Paulo,Basic,One year,Debit Card,70,18.93,"$1,268.94",None,22937 MB,Yes,4,20,user677@yahoo.com,934.555.0114,,crm_export_v2,,,FALSE
881,CUST100518,11-07-2021,30,Femail,Paris,basic,One year,Auto-debit,71,10.0,712.23,2,103.5,TRUE,7,75, user518@gmail.com ,9085550163,,crm_export_v2,,,0
882,CUST101547,04/02/2024,43,Female,New York,Basic,Month-to-month,Debit Card,15.0,15.56, ,4,69.6,True,7,73,missing,+1-553-555-0124,,crm_export_v2,,competitor offer,1
883,CUST101634,2021-06-27,59,Male,london,Standard,Two year,Credit Card,15,$50.64,778.73,3,37.3 GB,y,4,18,user1634@yahoo.com,+1-495-555-0174,,crm_export_v2,,,Retained
884,CUST100067,2021-03-22,34,Femail,Toronto,Premium,ONE YEAR,Debit Card ,31.0,78.86$,2504.26,2,29.3 GB,Y,null,45,no-email,978.555.0116,,crm_export_v2,,,No
885,CUST100332,09/11/2020,28,Female,ZÜRICH,Basic,One year,Auto-debit ,16,USD 24.38,NA,1,99999,Y,6,67,user332@example.org,null,,crm_export_v2,,,N
886,CUST100568,2022/11/08,29,Male,Dubaii,Basic,Two year,Credit Card,59,missing,1164.84,3,64.5,FALSE,6,84,no-email,+1-693-555-0130,,crm_export_v2,,,0
887,CUST100631,"Dec 18, 2020",62,Male,Chicago,Premium,Month-to-month,Debit Card,None,None,347.04,0,93.8 GB,Y,99,55,user631@@gmail,7865550195,,crm_export_v2,,moved,Y
888,CUST101298,03-08-2022,51,Male,Chicago,Standard,ONE YEAR,Auto-debit ,9,38.42,$335.93,3,126.6,TRUE,7,86, user1298@example.org ,(955) 555 0194,,crm_export_v2,,price,TRUE
889,CUST101553,17.09.22,38,F,NYC,Standard,One year,PayPal,34,$43.65,"$1,461.18",2,48.4,yes,6,44,user1553@@gmail,+1-656-555-0149,,crm_export_v2,,,0
890,CUST101120,31/01/2019,?,Male,berlin,Std,N/A,Credit Card,65,$38.11,"$2,539.10",4,79667 MB,TRUE,9,0,user1120@yahoo.com,3665550136,,crm_export_v2,,,Retained
891,CUST100472,2021-08-04,56,Femail,São paulo,Basic,month-to-month,Debit Card,57,19.16,1139.08,1,128.3,y,6,75,user472@yahoo.com,900.555.0153,,crm_export_v2,,moved,TRUE
892,CUST101309,11/02/2024,24,FEMALE,Chicago,Basic,One year,AUTO-DEBIT,48,USD 17.1,858.64,1,43.8,1,100,57,user1309@outlook.com,5335550148,,crm_export_v2,,moved,yes
893,CUST101313,"Feb 12, 2024",57,Female ,London,Basic,One year,PayPal,54,$19.62,"1,023.97",1,33.9 GB,False,4/10,50,user1313@example.org,8915550166,,crm_export_v2,,,no
894,CUST100511,2023-06-22,36,Male,Toronto,basic,One year,Debit Card,61,22.01,?,0,20.6,y,6,74,missing,8355550120,,crm_export_v2,,,FALSE
895,CUST101740,01.08.21,18,Male,Toronto,STANDARD,Month-to-month,DEBIT CARD,34,42.98,1404.4,0,66.3,FALSE,3,11,user1740@example.org,(246) 555 0194,,crm_export_v2,,,no
896,CUST100477,2019/02/09,39,Other,Chicago,Basic,Month-to-month,Debit Card,15,$25.95,-,2,68.6,1,6/10,65,user477@yahoo.com,(243) 555 0192,,crm_export_v2,,price,1
897,CUST101167,05-22-2021,31,Male,São paulo,basic,Month to month,Auto-debit,21,10.0,214.44,1,64.9 GB,0,7,38,user1167@mail.net,4895550161,,crm_export_v2,,poor service,Yes
898,CUST101518,19/12/2021,40,Female,chicago,Basic,Month-to-month,Credit Card,5,21.1,105.71,2,77.1,TRUE,5,87,user1518@example.org,338.555.0107,,crm_export_v2,,competitor offer,Churned
899,CUST100318,"Aug 17, 2024",44,Male,London,Standard,Month to month,BANK TRANSFER,22,$41.51,925.31,1,25.2,Yes,6,73,user318@mail.net,704.555.0110,,crm_export_v2,,,FALSE
900,CUST101691,05-02-2024,nan,Female,toronto,None,Month-to-month,Credit Card,43,25.49,"1,043.40",zero,0.056 TB,False,6,55,no-email,+1-920-555-0177,,crm_export_v2,,,No
901,CUST101861,"Oct 10, 2020",19,Male ,Berlinn,Standard ,One year,Credit Card,8,49.88,NA,2,143.2,1,10,9,user1861@outlook.com,2555550171,,crm_export_v2,,,Retained
902,CUST101633,2024-04-12,34,Female,Chicgo,Standard,TWO YEAR,PayPal,19,54.01,"1,063.07",2,10.7,1,6,66,user1633@mail.net,(424) 555 0165,,crm_export_v2,,,Retained
903,CUST100581,"Dec 31, 2023",48,Male,London,STANDARD,One year,Credit Card ,25,36.89,$918.56,4,70.8 GB,TRUE,4,25,user581@mail.net,?,,crm_export_v2,,price,TRUE
904,CUST100132,18.07.19,57,Male,Dubai,Standard ,Two year,Bank Transfer,40,46.36,1820.62,2,23.1 GB,True,7,32,user132@yahoo.com,+1-564-555-0140,,crm_export_v2,,,0
905,CUST101868,08.03.19,40,Female,São Paulo,Standard,MONTH-TO-MONTH,PayPal,15,46.17,703.01,3,58.6,Yes,4,65,user1868@yahoo.com,428.555.0150,,crm_export_v2,,poor service,1
906,CUST101537,2019-08-31,57,Male,Singapore,-,Month-to-month,Credit Card,54,12.59,676.47,2,71.0 GB,True,8,43,user1537@gmail.com,334.555.0188,,crm_export_v2,,,no
907,CUST101369,21/10/2022,77,Male ,London,Standard ,One year,paypal,71,43.2,3023.53,1,11.5 GB,y,7,56,user1369@outlook.com,(925) 555 0171,,crm_export_v2,,,N
908,CUST101996,25.04.22,31,Female,Toronto,basic,One year,Auto-debit,10,$21.74,218.17,4,None,TRUE,6,30,user1996@gmail.com,+1-917-555-0106,,crm_export_v2,,,No
909,CUST100604,2023/12/15,38,Female,Zürich,basic,MONTH-TO-MONTH,Bank Transfer,39,23.0$,870.46,2,90.2,True,7,55,user604@example.org,828.555.0104,,crm_export_v2,,competitor offer,Yes
910,CUST100368,2019/02/18,65,Female,New York,Standard ,Two year,Credit Card,60,47.43,"$2,779.48",1,,,9,37,user368@gmail.com,(420) 555 0178,,crm_export_v2,,,no
911,CUST100732,11/07/2024,44,Male,Toronto,Standard,Two year,Auto-debit,72,$50.59,3672.97,2,116.1 GB,1,5,65,user732@gmail.com,(343) 555 0168,,crm_export_v2,,,N
912,CUST101475,23.10.20,-,Female,Berlin,Standard,One year,PayPal,25,43.83, ,3,78.0,True,7,14,user1475@mail.net,+1-928-555-0189,,crm_export_v2,,,N
913,CUST100125,N/A,51,other,São Paulo,Std,Month-to-month,missing,49,$45.25,"$2,178.24",4,16.2,True,7,53,user125@mail.net,916.555.0179,,crm_export_v2,,,FALSE
914,CUST100993,02/08/2021,43,Male,Chicago,Standard,Month-to-month,Credit Card,4,45.65,179.41,4,73.6 GB,Yes,5,52,user993@yahoo.com,(980) 555 0180,,crm_export_v2,,competitor offer,yes
915,CUST100832,09-19-2021,35,Male,New York,Basic,month-to-month,Bank Transfer,46,16.31,770.56,3,143.4 GB,No,8,10,user832@mail.net,9195550142,,crm_export_v2,,,Retained
916,CUST101517,17/04/2019,40,Male,LONDON ,Bsc,One year,AUTO-DEBIT,13,16.29,nan,4,68.5,FALSE,4,13,user1517@example.org,963.555.0165,,crm_export_v2,,,no
917,CUST100256,01-24-2023,51,Femail,Chicago,Premium,Two year,PayPal,59,80.17, ,3,133.0,y,7,35,user256@example.org,8445550180,,crm_export_v2,,,no
918,CUST100550,2023-10-25,58,Female,Sydney,Bsc,Month-to-month,Credit Card,70,USD 20.8,1511.47,4,68.5,Y,nan,48,null,(218) 555 0159,,crm_export_v2,,,No
919,CUST100764,01/03/2021,41,Male,Londn,Basic ,Month-to-month,Bank Transfer,46,18.91,850.39,2,90.7,Yes,2,6,user764@yahoo.com,missing,,crm_export_v2,,,No
920,CUST100898,"Jun 03, 2019",43,Male,New York,Standard,?,Auto-debit,51,43.27,2172.37,4,nan,1,7,58, user898@mail.net ,552.555.0188,,crm_export_v2,,poor service,Yes
921,CUST100289,02/11/2021,51,Female ,Singapore,Standard,Two year,Bank Transfer,44,47.2,"2,160.97",1,134.1,Y,4,14,user289@yahoo.com,+1-823-555-0187,,crm_export_v2,,,N
922,CUST101389,2024-06-13,43,Female,Toronto,Standard ,One year,Auto-debit,14,43.27,582.18,1,99999,1,10,45,user1389@example.org,+1-424-555-0156,,crm_export_v2,,competitor offer,
923,CUST100777,2019-09-17,50,Female,New Yrok,Basic,ONE YEAR,DEBIT CARD,9,21.99,196.72,0,0.041 TB,yes,10,8,user777@gmail.com,206.555.0108,,crm_export_v2,,,N
924,CUST100081,08-15-2021,29, Male,Berlin,Basic,One year,Bank Transfer,23,19.35,$460.08,?,N/A,True,NA,65,user81@example.org,469.555.0157,,crm_export_v2,,price,Yes
925,CUST100053,2021/10/19,45,Female,London,Basic ,MONTH-TO-MONTH,PAYPAL,42,1085.0,462.24,2,59.8,TRUE,8,1,user53@example.org,+1-951-555-0113,,crm_export_v2,,,0
926,CUST100783,2019-09-25,31,Female,Paris,Basic,One year,Credit Card,61,21.09,1333.97,1,51.4 GB,Yes,10,79,USER783@EXAMPLE.ORG,9485550141,duplicate account?,crm_export_v2,,,FALSE
927,CUST101564,04.05.22,48,Male,Mumbai,Std,Month-to-month,Credit Card,16,37.22,584.72,1,26.1,Yes,10,44,user1564@gmail.com,(351) 555 0141,,crm_export_v2,,,?
928,CUST100557,2024/03/31,35,female,sao paulo,Standard,Two year,Auto-debit,13,47.27,$601.35,2,53.0 GB,1,3,42,no-email,236.555.0155,##,crm_export_v2,,poor service,TRUE
929,CUST101535,03-10-2019,54,Male,Dubai,standard,month-to-month,PayPal,51,49.97,2430.73,2,71.7,Yes,7,1, user1535@outlook.com ,12345,,crm_export_v2,,,FALSE
930,CUST100040,12-28-2019,36,Female,Singapore,Standard,Month-to-month,PayPal,67,USD 37.05,2430.28,1,70.2,1,6,76,user40@gmail.com,(564) 555 0146,,crm_export_v2,,competitor offer,Y
931,CUST101625,"Dec 14, 2024",47,Female,Berlin,Standard,Month-to-month,Credit Card,37,60.78,2272.33,2,86.3,True,9,63,user1625@example.org,508.555.0176,,crm_export_v2,,no longer needed,yes
932,CUST101225,24/10/2024,28,Female,NYC,Premium,Two year,AUTO-DEBIT,0,USD 73.49,"1,894.66",1,19.1,Yes,6/10,34,user1225@example.org,(704) 555 0123,,crm_export_v2,,,Retained
933,CUST100261,09/01/2020,48,Female,Zürich,Premium,One year,Auto-debit,43,$79.25,"$3,239.32",0,42.9,Yes,6,15,user261@mail.net,(591) 555 0157,,crm_export_v2,,,no
934,CUST100668,05.07.24,55,Female,New York,Basic ,Month-to-month,,41,20.56,$875.59,None,89.7,Y,8,16,NA,565.555.0142,##,crm_export_v2,,,0
935,CUST101037,"Feb 02, 2019",23, Male, Berlin,Basic,One year,Credit Card,9,15.28,142.21,3,29.6 GB,Yes,6,85,user1037@outlook.com,3445550108,,crm_export_v2,,price,Yes
936,CUST100083,29/12/2023,25, Male,Mumbai,Premium,Month-to-month,PayPal,6.0,81.15,$492.55,2,28.0,yes,8,45,user83@yahoo.com,+1-223-555-0132,##,crm_export_v2,,no longer needed,Yes
937,CUST101742,09-25-2021,40,Male ,Singapore,Premium,One year,,16,83.16,"1,308.94",4,54.7 GB,y,10,38,user1742@gmail.com,(642) 555 0126,,crm_export_v2,,price,1
938,CUST101316,04/04/2023,45,MALE,Singapore,Basic,Month-to-month,Bank Transfer,44,$17.17,785.28,5,20.6 GB,True,-,29,user1316@mail.net,5075550151,,crm_export_v2,,,FALSE
939,CUST101684,2021-02-23,18,Male,Mumbai,Standard,Month-to-month,Bank Transfer,14,nan,$635.33,3,83.3,1,5,50,user1684@mail.net,8245550113,,crm_export_v2,,,N
940,CUST101493,"Dec 30, 2020",25,Male,Paris,BASIC,Two year,Bank Transfer,39,17.22,684.62,4,89.7 GB,Y,6,89,user1493@yahoo.com,643.555.0184,,crm_export_v2,,,no
941,CUST100957,21/10/2022,40,MALE,toronto,Premium,Month-to-month,PayPal,9,$75.74,653.96,3,125440 MB,TRUE,9,31,user957@gmail.com,9155550177,,crm_export_v2,,,N
942,CUST100030,"Sep 13, 2021",43,m,Dubai,Premium,Month-to-month,PAYPAL,49,77.23,3698.45,4,98.8,Yes,6,69,user30@yahoo.com,+1-400-555-0168,,crm_export_v2,,,0
943,CUST100513,24/11/2023,None,Male,Mumbai,Standard,One year,Bank Transfer,27,39.57,"$1,074.72",2,125.2 GB,Yes,4,6,user513@@gmail,+1-236-555-0162,,crm_export_v2,,price,Yes
944,CUST101090,2022-01-06,18,Male,Mumbai,Premium,Two year,Debit Card,19,$85.96,1588.22,five,71.9,TRUE,6,60,user1090@gmail.com,590.555.0166,!!!,crm_export_v2,,price,Yes
945,CUST101403,12-07-2020,27,Male,São Paulo,Basic,Month-to-month,debit card,60,17.08,1065.33,-,64.8,no,7,2,user1403@mail.net,828.555.0177,,crm_export_v2,,,0
946,CUST101814,19.04.24,32,Female,Dubai,Std,Month-to-month,Auto-debit,27,45.89,1294.62,0,59.3,0,8,4,user1814@mail.net,9335550142,VIP???,crm_export_v2,,,N
947,CUST101679,31.01.22,62,Femail,London,Basic,Month-to-month,Auto-debit,37,25.39,936.91,1,147.9 GB,y,7,41,user1679@example.org,7685550103,,crm_export_v2,,,no
948,CUST101324,"Mar 12, 2024",56,f,nan,Standard ,Month-to-month,Credit Card,65,53.4,3557.1,0,124.8 GB,yes,9,68,user1324@mail.net,945.555.0163,,crm_export_v2,,,Retained
949,CUST101644,2019-10-17,52,Female,Sao Paulo,Premium,Month-to-month,credit card,29,$68.07,2012.32,2,50.7,1,4,70,,203.555.0186,,crm_export_v2,,competitor offer,TRUE
950,CUST101413,2023-10-01,37,Female,São Paulo,Standard,Month-to-month,Bank Transfer,31,45.87,null,3,34.3 GB,Yes,6,7,user1413@gmail.com,428.555.0138,,crm_export_v2,,poor service,1
951,CUST101726,10.09.24,36,Female,Mumbai,Premium,Month-to-month,PayPal,65,78.82,"$5,265.07",2,68.8 GB,N/A,10,85,user1726@@gmail,479.555.0186,asked for discount,crm_export_v2,,competitor offer,Y
952,CUST101457,"Sep 23, 2021",42,Other,Paris,standard,Two year,Auto-debit,11,USD 42.28,$467.57,zero,58.0,1,null,67,user1457@mail.net,8205550151,,crm_export_v2,,,FALSE
953,CUST100992,2020-03-07,33,Female ,Mumbai,basic,Two year,?,56,19.28,1084.71,1,112.2,yes,3,26,null,881.555.0136,,crm_export_v2,,,FALSE
954,CUST101994,2023/07/10,41,Male,toronto,Standard,One year,Bank Transfer,31,$44.90,"$1,442.20",1,37.5,N,6,60,user1994@mail.net,206.555.0140,,crm_export_v2,,no longer needed,1
955,CUST100056,2022-04-11,999,F,Mumbai,Basic,Month-to-month,PayPal,41,35.32, ,1,98.2 GB,N,6,21,USER56@EXAMPLE.ORG,missing,,crm_export_v2,,,no
956,CUST100048,01-24-2023,28,Female,SINGAPORE,Basic,One year,PayPal,35,16.08,589.50,1,75.5,N,9,54,user48@example.org,5125550141,,crm_export_v2,,,no
957,CUST101668,12/03/2022,57,Male,Berlin,Standard,Month-to-month,Bank Transfer,63,52.46,3160.72,0,96665 MB,y,4,85,user1668@gmail.com,5705550194,,crm_export_v2,,,FALSE
958,CUST101264,2020/06/06,27,Female,São paulo,Standard,Month-to-month,Auto-debit,46,USD 45.5,2142.34,1,23.4,Yes,6,21,user1264@gmail.com,+1-903-555-0116,,crm_export_v2,,,no
959,CUST100467,"Jul 29, 2022",44,MALE,Paris,Standard,MONTH-TO-MONTH,Bank Transfer,4,51.4,195.97,1,41.5,True,6,80,user467@example.org,+1-213-555-0101,,crm_export_v2,,no longer needed,Y
960,CUST100893,-,50,Male,New York,basic,Month-to-month,Credit Card ,45,20.44,$959.26,2,71.3,y,5,43,user893@outlook.com,6615550119,,crm_export_v2,,price,1
961,CUST100153,04.10.20,150,Male,São Paulo,Standard,One year,Debit Card,38,$34.23,"$1,342.32",4,86.7 GB,FALSE,10,48,user153@outlook.com,(216) 555 0144,,crm_export_v2,,,No
962,CUST101701,"Jan 26, 2020",41,Femail,New York,STANDARD,MONTH-TO-MONTH,Debit Card,29,$43.87,1299.3,2,35.2,True,7,51,user1701@outlook.com,+1-835-555-0160,,crm_export_v2,,poor service,1
963,CUST100868,09-04-2021,nan,f,Zürich,Basic,Month-to-month,Bank Transfer,None,USD 31.56,$712.88,4,125.8,TRUE,6,22,user868@example.org,437.555.0138,n/a,crm_export_v2,,poor service,TRUE
964,CUST100394,26.04.23,53,Female ,Berlin,Basic,One year,PayPal,41,21.07,844.33,2,89.8,yes,6,48,user394@outlook.com,5175550172,asked for discount,crm_export_v2,,,0
965,CUST100123,28/10/2021,33,Female,Zurich,Basic,Month-to-month,CREDIT CARD,4,11.47,43.98,1,27.5,Y,9,81,user123@mail.net,6895550141,,crm_export_v2,,no longer needed,Yes
966,CUST100355,2024-12-13,41,M,Paris,Basic ,One year,Credit Card,23,32.46,755.13,?,N/A,yes,4,79,user355@@gmail,619.555.0170,,crm_export_v2,,poor service,Churned
967,CUST100943,04/11/2021,-,Female,Berlin,Standard,ONE YEAR,PayPal,36.0,43.02,1498.85,1,100.7,1,9,18,user943@outlook.com,(748) 555 0156,,crm_export_v2,,,0
968,CUST100134,07.10.23,49,FEMALE,zurich,Standard,Month-to-month,PayPal,64,45.44,"$3,040.15",2,92.4 GB,True,9,0,user134@example.org,314.555.0178,,crm_export_v2,,,missing
969,CUST100268,"Sep 03, 2022",31,Other,Chicago,Basic,Month-to-month,Credit Card,31,24.46,793.45,1,134.8,yes,,NA,user268@@gmail,(734) 555 0131,,crm_export_v2,,,No
970,CUST100385,nan,24,Female,New York,Basic,Month-to-month,Credit Card,52,10.0,514.95,2,47.8,,7,84,user385@gmail.com,(228) 555 0186,,crm_export_v2,,price,yes
971,CUST100609,22/02/2024,41,Male,toronto,Standard,Month-to-month,Bank Transfer,16,48.88,779.09,6,205.1,yes,7,55,user609@mail.net,352.555.0132,n/a,crm_export_v2,,no longer needed,TRUE
972,CUST100220,07.10.19,46,f,Torontoo,Prem,Month-to-month,Debit Card,31,N/A,"$2,458.54",1,127.2,True,9,85,user220@outlook.com,6715550173,,crm_export_v2,,,no
973,CUST100041,19/07/2023,51,Male,Torontoo,Standard,Month-to-month,Credit Card,54,49.66,2779.53,nan,78.5 GB,FALSE,9,16,user41@yahoo.com,(264) 555 0141,,crm_export_v2,,,FALSE
974,CUST100219,30/05/2024,0,Male,Toronto,Premium,One year,PayPal,11,86.57, ,0,?,no,6,41,user219@mail.net,+1-648-555-0195,test,crm_export_v2,,price,TRUE
975,CUST100597,04.09.23,29,Female,London,Premium ,Month to month,Credit Card,30,78.37,2286.53,0,13.9,1,7,24,user597@outlook.com,+1-875-555-0147,,crm_export_v2,,,Retained
976,CUST101361,28.05.19,43,Male,Berlin,Basic,One year,Debit Card,63,27.76,1719.73,one,None,no,10,60,user1361@gmail.com,5985550184,,crm_export_v2,,poor service,Yes
977,CUST101273,"Jan 18, 2023",57,Female,Chicgo,Basic,Month to month,Bank Transfer,46,$26.89,"1,257.87",3,11.0 GB,False,8,75,,None,,crm_export_v2,,competitor offer,1
978,CUST101350,13.05.19,46,Female,Singapore,Standard,Month-to-month,Credit Card,7,48.29,341.94,3,70.0,1,10,2,user1350@yahoo.com,6865550136,,crm_export_v2,,,No
979,CUST100680,04.05.23,56,Female,singapore,Premium,Month-to-month,Auto-debit,59,83.47,"$4,835.87",1,110.9,0,6,66,user680@mail.net,9115550119,,crm_export_v2,,,FALSE
980,CUST101732,2023/03/12,30,Female,None,Bsc,One year,PAYPAL,51,14.59,730.62,1,116531 MB,TRUE,5,-,user1732@mail.net,(580) 555 0151,,crm_export_v2,,,no
981,CUST100524,29.11.20,41,Female,São Paulo,Basic,Two year,AUTO-DEBIT,51,27.88,1391.81,1,82.4,yes,4,74,no-email,(933) 555 0155,,crm_export_v2,,poor service,1
982,CUST101888,15.05.19,61,Female ,New York,Standard,Month-to-month,Auto-debit,47,43.96,"$2,144.09",1,63.4 GB,Y,8,14,user1888@gmail.com,390.555.0195,,crm_export_v2,,,no
983,CUST100541,02.05.19,67,Female,N/A,Standard,Month-to-month,Bank Transfer,42,$34.70,,0,40.3,Y,7,41,nan,901.555.0145,,crm_export_v2,,,0
984,CUST101520,07/03/2024,52,Female,London,Premium,MONTH-TO-MONTH,Debit Card,71,87.05,6220.3,2,40.2,Y,5,72,user1520@mail.net,549.555.0176,,crm_export_v2,,moved,Yes
985,CUST101995,01-06-2019,45,Male,London,Standard,One year,Auto-debit,56,53.23,"3,057.32",2,0.110 TB,True,1,53,user1995@mail.net,5775550189,,crm_export_v2,,no longer needed,TRUE
986,CUST101479,2021/07/01,?,Male,Berlinn,Standard,Month-to-month,Credit Card,17.0,48.49,813.06,4,153.9,,6,56,user1479@yahoo.com,756.555.0153,,crm_export_v2,,competitor offer,1
987,CUST100675,"May 09, 2023",18,female,New York,Basic,One year,Credit Card,10,18.63,$180.80,3,71.3,TRUE,nan,84,user675@outlook.com,(911) 555 0174,,crm_export_v2,,,Retained
988,CUST101171,"Oct 13, 2022",45,Male,Mumbai,Standard,One year,PayPal,57,42.21,"2,359.24",2,126.5,y,6,23,USER1171@OUTLOOK.COM,(509) 555 0194,,crm_export_v2,,,FALSE
989,CUST101246,2024-02-27,64,MALE,London,Basic,Two year,Bank Transfer,48,24.75,1130.43,zero,26.5 GB,TRUE,6,44,user1246@gmail.com,(923) 555 0139,,crm_export_v2,,no longer needed,NA
990,CUST101398,"Feb 24, 2019",60,Male,Dubaii,Basic,Month-to-month,PayPal,17,$15.59,$267.89,1,65536 MB,TRUE,,34,user1398@mail.net,(530) 555 0126,,crm_export_v2,,moved,
991,CUST101799,"Feb 17, 2022",18,Male,Torontoo,Standard,Two year,?,64,39.19,"$2,621.99",1,28.3,Y,2,88,user1799@mail.net,+1-203-555-0131,,crm_export_v2,,,No
992,CUST101922,"Dec 13, 2023",37,Male,dubai,Basic,missing,PayPal,40,16.92,672.74,2,107.3,y,6,0,user1922@example.org,690.555.0183,,crm_export_v2,,,N
993,CUST101993,2022-10-31,25,Female,Mumbai,Premium,Two year,Debit Card,46,82.29,3859.53,1,94.1,Y,8,53,user1993@outlook.com,(429) 555 0153,,crm_export_v2,,,Retained
994,CUST101982,29/04/2019,56,male,Dubaii,Standard,One year,PayPal,54,37.51,"$2,011.19",1,27.0 GB,yes,10,39,user1982@outlook.com,628.555.0142,,crm_export_v2,,,no
995,CUST101936,-,34,Male,Singapore,Basic,Month-to-month,Debit Card,null,19.65,$412.43,1,32.0,1,5,55,no-email,NA,,crm_export_v2,,,FALSE
996,CUST101333,2023-11-04,35,Male,London,Premium ,One year,paypal,57,84.88,4858.88,3,113152 MB,missing,7,3,user1333@mail.net,(936) 555 0126,,crm_export_v2,,competitor offer,Churned
997,CUST101981,"Sep 25, 2022",50,null,Chicago,Standard,ONE YEAR,Bank Transfer,45,46.24,1985.18,2,74.4,1,4,40,user1981@gmail.com,4885550193,##,crm_export_v2,,,no
998,CUST101081,"Dec 06, 2024",42,Female,London,Basic,Month-to-month,Bank Transfer,5,$19.68,97.42,3,99999,No,6,77,user1081@gmail.com,277.555.0121,,crm_export_v2,,,Retained
999,cust100503,"Mar 14, 2024",42,Male,DUBAI,Std,Month-to-month,Auto-debit,70,$47.09,3386.66,2,132.6 GB,yes,8,88,user503@yahoo.com,(609) 555 0106,,crm_export_v2,,,0
1000,CUST101318,10.09.21,46,Male,Londn,Std,One year,Credit Card,14,41.37,$560.08,0,145.8,yes,7,85,user1318@mail.net,(796) 555 0164,asked for discount,crm_export_v2,,,FALSE
1001,CUST100336,10.10.24,51,Male,Toronto,Basic,Month-to-month,PayPal,64,USD 21.26,"$1,352.79",2,122.0,y,4,36,user336@yahoo.com,+1-487-555-0168,##,crm_export_v2,,competitor offer,yes
1002,CUST100232,"Feb 12, 2019",27,Femail,london,Premium ,Month-to-month,Bank Transfer,25,81.83,"$2,084.53",1,50.1,True,4,7,user232@gmail.com,(309) 555 0196,,crm_export_v2,,poor service,yes
1003,CUST100899,11.09.22,38,female,chicago,Standard,Two year,Debit Card,None,48.48,1015.45,1,,Y,10,34,user899@example.org,+1-242-555-0119,,crm_export_v2,,,Retained
1004,CUST101542,07-14-2019,37,M,Chicgo,Basic,One year,credit card,52,missing,$851.23,0,72.2,y,7,78,user1542@outlook.com,+1-833-555-0184,,crm_export_v2,,,0
1005,CUST100158,2022-01-10,37,N/A,nan,Standard,Two year,PayPal,21,32.6$,678.47,2,70.3 GB,No,7,4,user158@yahoo.com,6045550189,,crm_export_v2,,,no
1006,CUST100468,02/02/2020,40,Female,London,Premium,One year,PayPal,29,80.77,"$2,421.86",2,48.0 GB,yes,7,36,user468@yahoo.com,(328) 555 0178,,crm_export_v2,,,Retained
1007,CUST101020,?,31,female,Singapore,Basic,Two year,Auto-debit,57,16.97,"1,001.12",4,103.3,TRUE,5,48,user1020@yahoo.com,791.555.0171,Recontact in Q3,crm_export_v2,,price,TRUE
1008,CUST100872,07.09.19,29,FEMALE,São Paulo,Premium,Two year,debit card,50,USD 83.31, ,1,33.9 GB,1,7,15,user872@yahoo.com,+1-728-555-0142,,crm_export_v2,,,No
1009,CUST101755,"Nov 29, 2020",18,Female,Singapore,Standard,Month-to-month,Bank Transfer,67,49.36,"$3,448.94",0,198758 MB,yes,1,35,user1755@yahoo.com,(849) 555 0160,,crm_export_v2,,price,Y
1010,CUST101122,"Aug 11, 2020",47, Male,Zürich,PREMIUM,Month-to-month,Auto-debit,-12,74.88,4959.04,0,29.7 GB,Yes,8,20,user1122@gmail.com,12345,,crm_export_v2,,,N
1011,CUST101626,06-19-2022,50,Female,Zürich,Premium,ONE YEAR,Bank Transfer,16,81.18,"1,273.16",2,73.3,missing,3,73,user1626@mail.net,9285550169,,crm_export_v2,,price,Y
1012,CUST101765,08-10-2024,63,m,Dubai,Basic,Month-to-month,BANK TRANSFER,49,missing,"$1,505.42",1,101.6,yes,8,35,user1765@outlook.com,+1-916-555-0169,,crm_export_v2,,moved,TRUE
1013,CUST100985,2022-11-29,18,Male,Berlin,PREMIUM,Month-to-month,Bank Transfer,53,$77.81, ,0,85.0,y,8,82,user985@example.org,811.555.0148,,crm_export_v2,,price,TRUE
1014,CUST100585,2024/07/18,33,Female,Paris,Premium,Two year,Credit Card ,4,87.78,367.01,2,110.6,TRUE,10,73,user585@gmail.com,+1-833-555-0128,,crm_export_v2,,poor service,?
1015,CUST100205,2020/08/05,39,Female,New Yrok,Standard,Month-to-month,Bank Transfer,66,45.93, ,0,76.9,Yes,4,77,USER205@YAHOO.COM,3595550167,,crm_export_v2,,,N
1016,CUST100003,2021/08/19,37,Male,Chicago,Basic,Month-to-month,Auto-debit,38,$12.82,508.28,0,65.7,1,7,62,-,,!!!,crm_export_v2,,,0
1017,CUST101791,"Apr 13, 2024",51,-,Paris,Standard,Two year,Debit Card,57,44.62,"$2,424.31",7,50.3,True,6,68,null,+1-390-555-0180,,crm_export_v2,,price,Y
1018,CUST101038,08-14-2021,56,Male,Berlin,Standard,One year,Credit Card,68,47.83,"3,150.04",2,129.4,True,10,82,user1038@mail.net,8995550132,,crm_export_v2,,,Retained
1019,CUST101226,23.08.19,41,Female,Paris,Premium,Month-to-month,Debit Card,25,81.2,"$2,038.74",one,63.0,y,5,21,user1226@yahoo.com,(532) 555 0169,,crm_export_v2,,,FALSE
1020,CUST101636,2019-12-29,44,Male,Paris,Basic,Two year,Debit Card,52.0,19.09,$966.23,2,0.206 TB,no,3,50,user1636@gmail.com,3905550129,,crm_export_v2,,,N
1021,CUST101323,04-25-2024,47,Male,LONDON ,Basic,One year,paypal,53,18.24,995.35,3,130.0,True,4,52,user1323@mail.net,8855550161,,crm_export_v2,,,no
1022,CUST100967,11-25-2020,23,F,Londn,Standard,Month-to-month,PayPal,17,38.23, ,0,5000,Y,8,20,user967@gmail.com,None,,crm_export_v2,,,N
1023,CUST101151,2022-01-10,44,Male,NEW YORK,Basic,One year,Debit Card,6,-,$126.16,N/A,24.5,0,4,12,user1151@outlook.com,2765550150,duplicate account?,crm_export_v2,,,N
1024,CUST100693,02.09.24,72,Female,zurich,Standard,Month-to-month,Bank Transfer,14,45.95,$648.27,3,83.5,Y,8,49,user693@gmail.com,(801) 555 0171,,crm_export_v2,,,FALSE
1025,CUST101062,2019-11-12,missing,Female,São paulo,Basic,Month-to-month,Auto-debit,53,21.52,"$1,195.41",0,46.4,Y,10,2,user1062@mail.net,None,,crm_export_v2,,,No
1026,CUST101152,01/08/2021,51,M,Mumbai,Bsc,One year,Auto-debit ,21,USD 23.66,511.81,1,0.065 TB,Y,7,78,user1152@example.org,(268) 555 0178,,crm_export_v2,,poor service,Y
1027,CUST101973,17.01.21,62,Female,Chicago,Premium,Month-to-month,Auto-debit,33,80.93,2696.17,1,195.4,yes,6,67,user1973@gmail.com,000-000-0000,,crm_export_v2,,poor service,1
1028,CUST101581,"Apr 18, 2020",18,Male,London,Basic,Month-to-month,bank transfer,21,10.0,$216.75,1,44.1 GB,y,9,42,user1581@@gmail,231.555.0168,,crm_export_v2,,,FALSE
1029,CUST101618,09-23-2019,54,male,London,Basic,One year,Credit Card,30,25.47,800.48,1,109.9,1,9,33, user1618@gmail.com ,6725550139,,crm_export_v2,,,No
1030,CUST100157,04.05.22,39,FEMALE,Paris,Basic,MONTH-TO-MONTH,AUTO-DEBIT,31,19.56,$611.45,3,72.5,False,6,2,missing,-,,crm_export_v2,,no longer needed,Y
1031,CUST101147,11.08.23,47,Femail,Mumbai,Standard,Month-to-month,Auto-debit,7,42.35,301.65,1,102.7,1,,79,user1147@yahoo.com,(493) 555 0109,,crm_export_v2,,poor service,yes
1032,CUST100305,2019/11/04,36,MALE,Singapur,Premium,Month-to-month,Debit Card,37,78.4,"$2,969.71",2,42.5,Yes,6,53,user305@mail.net,(817) 555 0129,test,crm_export_v2,,price,Churned
1033,CUST100656,2023-08-06,56,Female ,Dubai,Basic,Month to month,BANK TRANSFER,10,27.1,$279.62,4,27.3,Yes,7,-,user656@outlook.com,7745550148,,crm_export_v2,,competitor offer,yes
1034,CUST100399,11-10-2020,26,Male,Zürich,Standard,One year,Bank Transfer,54,$42.09,"2,230.01",2,36.3,yes,10,70,user399@@gmail,+1-219-555-0141,,crm_export_v2,,,FALSE
1035,CUST100798,2020/11/21,39,Male,Sidney,Premium,One year,Bank Transfer,19,83.18,1631.09,0,79.9,TRUE,None,82,user798@gmail.com,636.555.0178,,crm_export_v2,,moved,TRUE
1036,CUST101968,12.01.24,forty,Male,Zürich,Basic,Month-to-month,AUTO-DEBIT,68,$27.57,1919.75,4,48.9 GB,Yes,6,41,user1968@gmail.com,(342) 555 0106,,crm_export_v2,,,No
1037,CUST100618,2019-05-14,20,Male,chicago,Std,Month-to-month,Credit Card,20,48.21,$949.21,3,24.6,True,4,21,user618@example.org,nan,,crm_export_v2,,price,Churned
1038,CUST100508,?,39,Male,Singapore,Standard,Two year,PayPal,10,45.14,$441.33,-,136.7,Yes,6,nan,user508@mail.net,+1-473-555-0181,,crm_export_v2,,,0
1039,CUST101487,01-03-2019,36,F,Zürich,standard,month-to-month,Bank Transfer,27,37.09,nan,zero,127.5 GB,yes,5,68,user1487@yahoo.com,8695550111,,crm_export_v2,,competitor offer,TRUE
1040,CUST100736,2023-05-19,18,Female,Zürich,Standard,Two year,Auto-debit,22,57.8,1305.35,0,99.9,TRUE,NA,62,user736@yahoo.com,3695550123,,crm_export_v2,,,0
1041,CUST101469,"May 13, 2019",28,male,ZÜRICH,Standard ,One year,Bank Transfer,17,42.93,None,3,15.9,1,6,16,user1469@mail.net,612.555.0133,,crm_export_v2,,,no
1042,CUST101815,2019-08-31,48,Male,Londn,Standard,Month-to-month,PayPal,18,56.02,1040.84,2,66.5,yes,5,4,user1815@gmail.com,+1-307-555-0147,,crm_export_v2,,price,1
1043,CUST101084,2020-03-15,25,Male ,São Paulo,Standard,Two year,Debit Card,66,41.6$,"$2,840.61",4,,True,5,2,user1084@mail.net,7135550120,,crm_export_v2,,,N
1044,CUST100867,2024-01-10,49,F,Singapore,STANDARD,One year,paypal,59,40.31,"$2,299.83",1,12.9,Yes,6,60,user867@outlook.com,8555550198,,crm_export_v2,,,no
1045,CUST100459,2019/08/20,52,M,Sydney,Prem,ONE YEAR,Debit Card,5,80.71,386.88,1,28.0 GB,1,1,66,user459@example.org,+1-808-555-0119,,crm_export_v2,,,Retained
1046,CUST101447,10-02-2024,55,Female,Berlin,Standard,Two year,Auto-debit,22,39.55,871.78,1,109.3,TRUE,10,80,user1447@gmail.com,(969) 555 0162,asked for discount,crm_export_v2,,,N
1047,CUST100062,13.03.21,55,Male,Paris,Standard,Month-to-month,Credit Card,24,$39.08,$932.87,2,54.0,False,3,41,?,590.555.0179,asked for discount,crm_export_v2,,moved,Churned
1048,CUST101991,2021/08/17,43,male,Sydney,Basic,TWO YEAR,Debit Card,15,1728.0,$251.64,3,33.2,True,3,33,user1991@gmail.com,(300) 555 0106,,crm_export_v2,,,N
1049,CUST101173,N/A,40,Male ,Torontoo,Basic,Month-to-month,PayPal,25,missing,$254.91,0,80.1,TRUE,5,-,user1173@gmail.com,406.555.0127,,crm_export_v2,,no longer needed,Yes
1050,CUST101718,2021/06/23,43,Male,None,Premium,Month-to-month,DEBIT CARD,71,78.54,"5,309.72",-,59801 MB,y,6,80,user1718@example.org,871.555.0194,,crm_export_v2,,no longer needed,1
1051,CUST100457,2022-10-20,43,Female,Chicago,Premium,Month-to-month,Debit Card,21,76.22,1601.02,1,60.2,Yes,3,N/A,user457@mail.net,371.555.0151,,crm_export_v2,,moved,N/A
1052,CUST101296,07-29-2020,38,Female,Zurich,Premium,Month-to-month,Auto-debit,63,$70.02, ,2,N/A,TRUE,8,6,user1296@example.org,3055550116,complained about billing,crm_export_v2,,,N
1053,CUST100870,26/09/2021,38,Female ,sydney,Premium,Month-to-month,Bank Transfer,N/A,$90.29,2031.69,0,88473 MB,1,1,50,user870@yahoo.com,?,,crm_export_v2,,moved,Churned
1054,CUST100790,29/07/2019,70,F,New York,-,Two year,Debit Card,44,55.07,"$2,487.56",2,8806 MB,FALSE,6,67,user790@mail.net,(662) 555 0117,,crm_export_v2,,,FALSE
1055,CUST100654,26.04.22,null,Male,chicago,Standard,Two year,Auto-debit,45,40.85,1846.49,0,23.3,y,8,15,no-email,?,,crm_export_v2,,,No
1056,CUST101818,2019/10/24,42,Male,nan,standard,month-to-month,PayPal,22,$33.55,713.5,4,58.2 GB,y,7,81,user1818@mail.net,+1-800-555-0145,n/a,crm_export_v2,,price,Yes
1057,CUST100760,2020-01-21,34,Female,Toronto,Standard,One year,Bank Transfer,18.0,USD 43.76,759.14,0,24.9,Yes,2,84,user760@outlook.com,12345,,crm_export_v2,,,Retained
1058,CUST100954,09-17-2023,54,Other,London,Basic,Month-to-month,Debit Card,67,35.54$,"2,383.93",2,73.0,y,7,0,user954@example.org,422.555.0157,,crm_export_v2,,poor service,Y
1059,CUST100650,2021/12/07,18,Male ,Sydney,Basic,Month-to-month,PayPal,63,USD 20.67, ,0,92.2,y,7,37,user650@outlook.com,+1-237-555-0110,,crm_export_v2,,,N
1060,cust100547,2022-07-18,19,Male,BERLIN,Standard,Month-to-month,Bank Transfer,1,58.15,59.53,3,121.5,True,6,81,user547@mail.net,+1-360-555-0100,,crm_export_v2,,price,Y
1061,CUST100379,07-28-2020,45,Male,mumbai,Standard,Month-to-month,Bank Transfer,7,41.97,287.94,1,0.085 TB,Yes,5,24,null,+1-319-555-0174,,crm_export_v2,,competitor offer,Y
1062,CUST100564,01.05.24,45,Male,New Yrok,basic,Month-to-month,Credit Card,1,14.25,14.41,4,99.8 GB,1,4,5,user564@yahoo.com,(871) 555 0156,,crm_export_v2,,no longer needed,yes
1063,CUST101390,01.11.20,45,MALE,London,basic,One year,PayPal,36,N/A,507.74,2,108.1,y,4,65,user1390@mail.net,9275550182,,crm_export_v2,,moved,1
1064,CUST100956,05-27-2021,56,Male,Zürich,Basic,Month-to-month,,13,12.49,$168.72,5,44032 MB,NA,4,22,user956@outlook.com,,,crm_export_v2,,competitor offer,1
1065,CUST100741,"Jul 28, 2023",54,Femail,Zürich,Basic,Month-to-month,Debit Card,30,20.97,624.35,nan,94.8,1,5,29,user741@example.org,3185550109,,crm_export_v2,,,no
1066,CUST101074,10-19-2021,50,Female,Zürich,N/A,month-to-month,Bank Transfer,51,29.88,1503.55,1,39.4,yes,5,27,no-email,390.555.0171,##,crm_export_v2,,,No
1067,CUST100231,19.02.24,60,Male,São Paulo,basic,Two year,PayPal,11,$18.44, ,2,25.0 GB,FALSE,7,20,user231@gmail.com,(287) 555 0127,,crm_export_v2,,,FALSE
1068,CUST101315,2020/10/16,55,Male,Singapore,Basic,One year,Credit Card,15,25.51,$384.84,1,121.6 GB,y,4,28,user1315@example.org,323.555.0114,,crm_export_v2,,,Retained
1069,CUST100382,2024/09/06,40,Female,Pariss,Basic,Two year,Auto-debit,8,20.65,157.27,4,137.9,1,5,83,user382@mail.net,6545550152,,crm_export_v2,,,No
1070,CUST101317,"Jul 16, 2022",47,Female,Chicago,Premium,Month-to-month,Debit Card,19,81.7,"$1,512.08",0,55.4,1,7,25,user1317@mail.net,+1-929-555-0183,,crm_export_v2,,poor service,1
1071,CUST100072,2021-10-10,50,F,Sydney,Bsc,Two year,PayPal,30,27.52,835.86,3,nan,y,4,52,user72@gmail.com,+1-769-555-0159,,crm_export_v2,,,N
1072,CUST101445,20.03.19,19,MALE,Bombay,Std,Two year,PayPal,25,$39.23,"$1,007.77",2,144.1,False,10,60,user1445@example.org,9895550190,asked for discount,crm_export_v2,,,no
1073,CUST101179,"Feb 24, 2019",29,Female,NYC,Premium,Month-to-month,PayPal,60,72.82,4162.54,0,?,True,6,18,user1179@example.org,2405550111,,crm_export_v2,,,No
1074,CUST100171,"Jul 17, 2019",40,Male,São Paulo,Basic,Month-to-month,Credit Card,65,34.53,2253.59,0,11366 MB,Yes,6,67,user171@example.org,+1-284-555-0185,n/a,crm_export_v2,,,no
1075,CUST100231,19.02.24,60,Male,São Paulo,basic,Two year,PayPal,11,$18.44, ,2,25.0 GB,FALSE,7,20,user231@gmail.com,(287) 555 0127,,crm_export_v2,,,FALSE
1076,CUST100168,01-02-2021,58,Female,Sydney,basic,ONE YEAR,PayPal,70,21.61,"$1,506.32",2,113.0,Yes,missing,71,user168@mail.net,8565550165,,crm_export_v2,,,0
1077,CUST101938,10-02-2024,42,Female,Singapore,Basic,Month-to-month,Bank Transfer ,35,$10.00,N/A,1,23.3,1,7,49,user1938@outlook.com,712.555.0160,,crm_export_v2,,,missing
1078,CUST100272,2019/11/28,61,m,Chicago,Premium,One year,Auto-debit,25.0,$77.90,"$1,879.37",2,158.5,1,2,5,user272@mail.net,9965550150,,crm_export_v2,,price,1
1079,CUST100420,2024-07-24,-27,Femail,Chicago,standard,Month-to-month,PayPal ,None,38.68,483.84,1,86.6,no,7,38,user420@outlook.com,6975550109,,crm_export_v2,,no longer needed,1
1080,CUST101480,28/11/2019,35,Male,Sidney,Standard,Two year,credit card,41,USD 48.3,1881.85,3,109.7 GB,True,9,14,null,null,,crm_export_v2,,,N
1081,cust101143,2024-01-24,46,F,NEW YORK,Premium,null,Debit Card,1200,77.57,3482.63,3,27.2 GB,True,8,-,user1143@yahoo.com,+1-579-555-0147,,crm_export_v2,,,no
1082,CUST101941,08.07.20,?,m,Mumbai,missing,ONE YEAR,Credit Card,19,69.73,1380.2,3,66.7,1,7,40,user1941@example.org,(331) 555 0126,,crm_export_v2,,,0
1083,CUST100056,2022-04-11,999,F,Mumbai,Basic,Month-to-month,PayPal,41,35.32, ,1,98.2 GB,N,6,21,USER56@EXAMPLE.ORG,missing,,crm_export_v2,,,no
1084,CUST101205,06-01-2024,37,Female,Zurich,Standard,Month-to-month,Auto-debit,52,49.15$,"$2,658.13",4,285.0,TRUE,7,78,,226.555.0125,,crm_export_v2,,poor service,Yes
1085,CUST101303,15/05/2024,46,Female,New York,Basic,One year,Auto-debit,15,USD 21.33,331.27,1,77.6 GB,y,4,33,user1303@outlook.com,(559) 555 0199,,crm_export_v2,,,Retained
1086,CUST101395,07-17-2022,36,Male,Zürich,Premium,Month-to-month,Bank Transfer,70,$90.32,"$6,069.89",1,38.4 GB,True,5,19,user1395@outlook.com,+1-907-555-0118,,crm_export_v2,,poor service,Y
1087,CUST100038,"Aug 29, 2020",45,Female,Singapore,Basic,Month-to-month,Auto-debit,30,USD 18.12,-,2,None,yes,6,47,user38@gmail.com,502.555.0192,,crm_export_v2,,price,yes
1088,CUST100306,23.10.20,46,Female,Bombay,Premium,One year,Debit Card,39.0,83.31,"$3,157.93",2,10.1 GB,1,10,0,missing,(576) 555 0169,,crm_export_v2,,,Retained
1089,CUST100006,08/07/2019,49,Female,Singapore,Basic,Month-to-month,bank transfer,12,25.82,306.14,2,169.7,1,10,20,null,+1-449-555-0127,,crm_export_v2,,,no
1090,CUST100782,2019/09/26,53,Male,PARIS,Basic,One year,NA,21,16.7,365.97,0,47513 MB,1,10,10,user782@mail.net,(534) 555 0108,,crm_export_v2,,,N
1091,CUST100408,08-08-2024,46,Male,NA,Premium,Month to month,Bank Transfer,47,76.5,3503.39,4,107.3 GB,Yes,8,,?,475.555.0151,,crm_export_v2,,,No
1092,CUST101200,"Apr 09, 2024",19,Male,Mumbai,STANDARD,Month-to-month,PayPal,53,40.2, ,1,121.3,Yes,3,26,-,686.555.0198,,crm_export_v2,,poor service,NA
1093,CUST100781,2022-10-27,35,Male ,Sao Paulo,Standard ,Two year,PayPal,50,47.57,"$2,390.98",4,123.6,?,7,52,NA,(640) 555 0197,,crm_export_v2,,,0
1094,CUST100534,nan,33, Male,DUBAI,Premium,One year,PayPal,40,77.84,3190.98,2,90.6,yes,5,?, user534@mail.net ,491.555.0197,,crm_export_v2,,,No
1095,CUST100583,"Apr 24, 2019",21,Male ,São Paulo,Bsc,Month-to-month,Debit Card,50,$18.90,948.71,1,86.3,TRUE,9,82, user583@example.org ,000-000-0000,,crm_export_v2,,,no
1096,CUST101910,2019-06-12,34,Female,None,Basic ,Month-to-month,PAYPAL,59,26.12,1532.98,0,37.1 GB,True,10,63,user1910@yahoo.com,253.555.0128,test,crm_export_v2,,,Retained
1097,CUST101270,03-19-2021,40,Male,Paris,Standard,Month-to-month,Bank Transfer ,35,$44.34,1519.35,None,115.2,y,8,70,user1270@outlook.com,000-000-0000,,crm_export_v2,,,FALSE
1098,CUST101549,2019-01-11,41,Female,Dubai,Standard,Two year,Auto-debit,61,49.49,2997.92,99,76.7 GB,TRUE,10,24, user1549@gmail.com ,+1-845-555-0151,,crm_export_v2,,,FALSE
1099,CUST101340,nan,41,Male,London,Basic,Month-to-month,Credit Card,53,28.15,"1,535.15",0,87.8,y,6,8,user1340@gmail.com,+1-221-555-0157,,crm_export_v2,,,0
1100,CUST101208,15.09.20,42,f,Berlin,Premium,Month-to-month,AUTO-DEBIT,21,$81.83,"1,666.23",2,52.0,1,4,71,user1208@example.org,906.555.0196,,crm_export_v2,,,Retained
1101,CUST101221,"Apr 26, 2022",67,Male , Berlin,Standard,Month-to-month,Debit Card,14,52.13,736.97,2,41.1,1,6,65,user1221@yahoo.com,747.555.0199,,crm_export_v2,,,N
1102,CUST100813,13.09.20,52,missing,Dubai,Basic,One year,Debit Card,20.0,USD 20.45,missing,1,90.6,y,7,22,user813@gmail.com,3665550190,,crm_export_v2,,,0
1103,CUST100316,2023-05-19,51,Male,london,Premium,Two year,Credit Card,23,75.89,"$1,812.12",2,148.3,Yes,4,39,user316@outlook.com,2125550128,,crm_export_v2,,,0
1104,CUST101680,26.08.24,34,male,London,basic,Month-to-month,Debit Card,37,22.45,848.92,1,21.1,True,7/10,86,user1680@mail.net,(703) 555 0116,,crm_export_v2,,,Retained
1105,CUST101872,,42,male,Sydney,PREMIUM,One year,Debit Card,52,69.82,"$3,655.29",1,66.4 GB,TRUE,7,9,-,7305550164,,crm_export_v2,,,Retained
1106,CUST100516,04-14-2024,45,Female,Sydney,Basic,ONE YEAR,auto-debit,48,-,925.45,2,45.4 GB,True,7,78,user516@example.org,5175550178,,crm_export_v2,,,N
1107,CUST101168,26.12.24,NA,Female ,Paris,Premium,Month-to-month,Credit Card,null,73.93,3079.23,3,31.5,yes,5,9,NA,(871) 555 0130,,crm_export_v2,,no longer needed,Y
1108,CUST101813,"Dec 21, 2021",61,Male,São Paulo,Basic,Month-to-month,Auto-debit,33,20.25,nan,3,169.5,True,7,62,user1813@mail.net,(409) 555 0175,,crm_export_v2,,competitor offer,Y
1109,CUST100533,2020-09-15,34,Female,São Paulo,standard,One year,PayPal,72,$30.86, ,1,48.7,TRUE,10,56, user533@gmail.com ,,,crm_export_v2,,,FALSE
1110,CUST101139,2022/03/27,NA,Female,Singapore,Basic,nan,PayPal,14,20.01,269.82,3,95.6 GB,TRUE,5,67,user1139@example.org,5265550148,,crm_export_v2,,,No
1111,CUST100271,2019-02-19,49,Male,Zurich,Standard,One year,PAYPAL,6,$50.16,$290.70,None,206.4,TRUE,N/A,68,missing,+1-211-555-0125,,crm_export_v2,,,No
1112,CUST100548,2022/02/04,44,Female,PARIS,Basic,Month-to-month,Credit Card,14,17.42,$245.29,2,12.5 GB,TRUE,3/10,47,USER548@YAHOO.COM,(497) 555 0157,,crm_export_v2,,competitor offer,TRUE
1113,CUST100964,2024-09-09,36,Male,Mumbai,Standard,One year,Debit Card,43,$50.98,2206.24,0,178.4,True,9,87,None,9745550148,,crm_export_v2,,price,Yes
1114,CUST101845,12/09/2022,36,Male,NYC,Basic,Month-to-month,PayPal,10,29.98,$294.24,0,None,1,9,10,user1845@example.org,3355550125,,crm_export_v2,,,N
1115,CUST101773,"May 13, 2021",30,Male ,New Yrok,Premium ,Month-to-month,Bank Transfer,51,90.25,4560.47,0,26.5,False,3,74,user1773@gmail.com,+1-717-555-0199,,crm_export_v2,,moved,1
1116,CUST100598,06.10.22,33,Male,N/A,N/A,One year,PayPal,12,3737.0,452.19,0,50.2,Yes,9/10,69,USER598@EXAMPLE.ORG,(304) 555 0166,,crm_export_v2,,,Retained
1117,CUST101744,2020-04-05,50,Femail,Londn,Standard,Two year,Bank Transfer,65,USD 49.67, ,2,121.6 GB,TRUE,9,18,null,472.555.0188,Recontact in Q3,crm_export_v2,,,no
1118,CUST100570,08.09.24,19,Male,Mumbai,Basic,Month-to-month,Auto-debit,47,23.35,1070.18,2,96.5,Y,7,75,user570@outlook.com,(692) 555 0113,,crm_export_v2,,,N
1119,CUST100074,2023-02-12,54,female,Berlin,STANDARD,One year,PayPal,9,$47.01,$431.62,2,110.4,True,7,N/A,user74@yahoo.com,9345550105,,crm_export_v2,,,0
1120,CUST100061,2023/06/20,thirty five,Male,Singapore,Basic,Month-to-month,Auto-debit,25,$19.59,478.63,2,57446 MB,1,8,10,N/A,(853) 555 0151,,crm_export_v2,,,0
1121,cust101945,18.09.19,41,?,CHICAGO,Basic,Month-to-month,Bank Transfer,66,14.22,$916.06,0,30.6,yes,8,35,user1945@example.org,+1-329-555-0177,,crm_export_v2,,,no
1122,CUST100809,2024-12-23,23,Femail,London,Standard,One year,PayPal,62,45.4, ,3,66.5,y,6,52,user809@mail.net,+1-502-555-0112,n/a,crm_export_v2,,,nan
1123,CUST100244,2022-10-08,35,Male ,SINGAPORE,Basic,Month-to-month,Credit Card,16,14.4,219.66,2,30310 MB,1,5,-,USER244@MAIL.NET,7255550122,##,crm_export_v2,,poor service,1
1124,CUST101049,09-20-2019,41,f,LONDON ,Standard,Month-to-month,Auto-debit,43,45.06,"$1,987.05",0,99.4,1,6,43,user1049@mail.net,4645550157,,crm_export_v2,,,0
1125,CUST101198,2023-10-25,57,Female,Chicago,BASIC,Two year,Credit Card,3,$15.39, ,3,89.7,yes,6,11,nan,4695550175,,crm_export_v2,,,no
1126,CUST101823,2024-04-03,60,m,New York,Premium,Month-to-month,auto-debit,11,82.11,$882.22,2,23.7,y,7,52,user1823@gmail.com,8355550142,,crm_export_v2,,price,TRUE
1127,CUST100105,09-20-2023,38,Male,Sydney,Basic,Month-to-month,Auto-debit,43,USD 21.23,$949.45,1,98.6 GB,Yes,8,7,user105@outlook.com,953.555.0152,,crm_export_v2,,,N
1128,CUST100673,2019/07/28,22,Male,Paris,Standard,Month-to-month,Credit Card,32,46.99$,1512.8,?,78.5 GB,y,5,11,user673@gmail.com,9445550129,,crm_export_v2,,moved,Churned
1129,CUST100642,14/02/2024,36,Female ,Sao Paulo,Premium,One year,Bank Transfer,61,70.99,4208.14,4,34.2,TRUE,4,20,user642@gmail.com,null,,crm_export_v2,,poor service,yes
1130,CUST101458,2020-07-31,56,Male,Dubai,Basic ,One year,credit card,12,25.16,$297.53,3,150.5,True,6,28,no-email,715.555.0105,,crm_export_v2,,moved,Y
1131,CUST100665,"Mar 02, 2023",43,Female,Dubaii,Basic ,Month-to-month,PayPal,58,USD 21.07,1274.29,2,65.1,y,3,66,user665@mail.net,920.555.0197,,crm_export_v2,,moved,Y
1132,CUST100509,02/06/2020,68, Male,Sao Paulo,Basic,Month-to-month,Credit Card,17,19.01$,323.91,three,,1,7,55,user509@mail.net,3555550182,,crm_export_v2,,price,1
1133,CUST100131,2022/04/27,150,Male,Singapore,Standard,one year,Auto-debit,62,51.51,"$3,170.47",1,60.1,y,7,73,user131@mail.net,5425550128,,crm_export_v2,,,no
1134,CUST100444,2022-01-18,70,FEMALE,SYDNEY,Basic,Two year,Debit Card,63,20.51,1264.05,1,128.8,yes,4,8,user444@mail.net,(464) 555 0138,,crm_export_v2,,,0
1135,CUST100866,01/12/2023,46,Female,Paris,Standard,Two year,Debit Card,14,N/A,670.51,2,73830 MB,N,7,19,user866@mail.net,374.555.0195,,crm_export_v2,,,FALSE
1136,,null,None,missing,null,missing,N/A,-,N/A,missing,?,,?,null,null,-,NA,None,,N/A,None,-,nan
1137,cust101689,2019-07-26,44,MALE,TORONTO,Premium,One year,Bank Transfer,45,86.89,"$3,941.66",0,0.110 TB,1,6,24,user1689@outlook.com,943.555.0167,call back,crm_export_v2,,,0
1138,CUST101756,01.02.21,-,male,Singapore,Std,Month-to-month,Auto-debit,15,41.51,612.01,0,135782 MB,Y,5,6,user1756@gmail.com,441.555.0102,,crm_export_v2,,,0
1139,CUST101927,2019-10-03,32,N/A,Chicago,Standard,month-to-month,PayPal,59,USD 49.44,2772.01,4,76.4 GB,y,10,6,user1927@mail.net,+1-459-555-0122,,crm_export_v2,,,Retained
1140,CUST100057,"Dec 04, 2019",18,f,London,Standard,Month-to-month,Credit Card,21,$42.67,884.05,2,79.7 GB,1,4,71,user57@mail.net,3635550185,,crm_export_v2,,competitor offer,Churned
1141,CUST101797,02-11-2020,34,Female,Berlin,basic,One year,PayPal,46,$33.08,1587.35,2,0.012 TB,no,7,83,user1797@@gmail,(424) 555 0102,,crm_export_v2,,,FALSE
1142,CUST101354,2020/04/25,57,FEMALE,Torontoo,Basic,Month-to-month,PayPal,72,10.0$,703.16,1,37.4,Yes,7,17,?,6575550175,,crm_export_v2,,,FALSE
1143,CUST101231,05-26-2023,38,Male,Chicago,Basic,Month-to-month,Bank Transfer,31,11.67,$369.91,2,42.7,True,8,70,user1231@outlook.com,(755) 555 0171,asked for discount,crm_export_v2,,,N
1144,CUST100086,2019/08/01,73,nan,London,Basic ,One year,Credit Card,2,20.94,41.84,3,111.6,1,5,73,user86@example.org,None,,crm_export_v2,,,no
1145,CUST100442,10-17-2019,48,Female,Pariss,Standard,month-to-month,Credit Card,56,48.3,2595.58,2,64.1,Yes,9,6,no-email,441.555.0197,,crm_export_v2,,,no
1146,CUST100771,11-30-2024,30,F,Sydney,Std,Month-to-month,Credit Card,52,USD 44.31,2243.71,2,None,yes,8,36,user771@@gmail,772.555.0117,,crm_export_v2,,,no
1147,CUST101781,2021-01-13,39,Male,Berlin,Standard ,Month-to-month,credit card,26,51.02,1291.0,3,0.080 TB,Y,7,47,user1781@outlook.com,6435550142,,crm_export_v2,,moved,yes
1148,CUST100708,"Nov 08, 2021",20,Female,Toronto,BASIC,One year,?,null,21.78,$691.28,1,82.9 GB,y,5,1,user708@example.org,+1-289-555-0129,##,crm_export_v2,,,No
1149,CUST101109,"Apr 08, 2019",41,missing,São Paulo,Premium,Month-to-month,PayPal,16,70.7,1091.65,4,224.1 GB,Y,8,62,user1109@mail.net,3565550142,,crm_export_v2,,moved,1
1150,CUST101955,26.05.21,24,Male ,New York,Standard,Month to month,Bank Transfer,65,$51.09,3419.84,1,94.4,y,9,55,user1955@example.org,N/A,,crm_export_v2,,,-
1151,CUST101450,2020/10/05,33,Male,Zürich,Standard,Month-to-month,BANK TRANSFER,53,-,"$2,445.74",2,145612 MB,TRUE,5,30,user1450@yahoo.com,+1-986-555-0170,,crm_export_v2,,,0
1152,CUST101695,02-03-2023,36,Male,Dubai,Standard,NA,Bank Transfer,43,$45.11,1937.88,3,80.3,1,8,21,missing,436.555.0149,,crm_export_v2,,competitor offer,Yes
1153,CUST100538,03-29-2022,47,Male,,Standard,Month-to-month,Debit Card,13,52.19,681.97,3,188.0,Yes,7,62,user538@yahoo.com,+1-600-555-0184,,crm_export_v2,,poor service,TRUE
1154,CUST101558,"Dec 19, 2024",50,Male,mumbai,Premium,One year,Bank Transfer,1,72.95,75.03,None,130.1,N,9,60, user1558@mail.net ,609.555.0170,,crm_export_v2,,,N
1155,CUST101279,2024/03/10,20,Male,Singapore,Basic,Month-to-month,Auto-debit,1,USD 25.61,$25.09,1,7.8,yes,5/10,86,user1279@yahoo.com,+1-790-555-0142,,crm_export_v2,,no longer needed,TRUE
1156,CUST101990,08.03.22,42,female,Mumbai,Standard,Month-to-month,Debit Card,43,56.11,2307.27,0,48537 MB,Y,10,14,user1990@yahoo.com,+1-512-555-0169,,crm_export_v2,,,No
1157,cust101798,2021-11-14,32,F,LONDON,Standard,ONE YEAR,Auto-debit,61,50.47,2952.1,0,38502 MB,yes,7,77,user1798@@gmail,5665550151,,crm_export_v2,,,Retained
1158,CUST100418,11/10/2020,42,Male,Paris,Bsc,Two year,DEBIT CARD,66,19.96,1260.34,4,21.0,?,11,67,user418@mail.net,2905550133,,crm_export_v2,,,FALSE
1159,CUST100447,2024/09/23,59,Female,Mumbai,Premium,two year,Debit Card,36,80.26,2848.8,3,93286 MB,1,10,62,None,585.555.0146,,crm_export_v2,,,N
1160,CUST101073,2022/02/23,53,f,New York,Bsc,Two year,PAYPAL,72,18.38,1355.29,1,233.2,None,9,73,user1073@mail.net,915.555.0101,n/a,crm_export_v2,,,no
1161,CUST101846,2021/05/31,34,Female,Mumbai,Basic,Month-to-month,Credit Card,15,$15.43, ,2,107.4,yes,6,22,user1846@example.org,+1-874-555-0162,,crm_export_v2,,moved,Yes
1162,CUST101876,2020-05-25,51,Male,MUMBAI ,Basic,One year,Auto-debit,4,15.57,64.15,4,45.3,1,3,68,user1876@yahoo.com,(377) 555 0105,asked for discount,crm_export_v2,,no longer needed,TRUE
1163,CUST100851,,None,Non-binary,Zurich,Standard,Month-to-month,Auto-debit,36,46.07,"1,669.45",five,98.0,True,8,7,user851@example.org,948.555.0173,,crm_export_v2,,competitor offer,yes
1164,CUST101895,08/02/2024,31,Female,Dubai,Bsc,MONTH-TO-MONTH,Credit Card,33,$22.08,$711.31,0,23.3,y,5,23,user1895@gmail.com,762.555.0160,,crm_export_v2,,no longer needed,yes
1165,CUST101870,04-05-2019,44,female,Toronto,Basic,One year,credit card,59,$25.10,1425.3,2,145.3,no,9,35,user1870@example.org,884.555.0187,,crm_export_v2,,,N
1166,CUST101832,2022/07/13,33,Male,Berlin,Basic,One year,AUTO-DEBIT,66,16.47,1113.23,4,26.4,N,9,null,user1832@example.org,(560) 555 0176,,crm_export_v2,,,FALSE
1167,CUST101910,2019-06-12,34,Female,None,Basic ,Month-to-month,PAYPAL,59,26.12,1532.98,0,37.1 GB,True,10,63,user1910@yahoo.com,253.555.0128,test,crm_export_v2,,,Retained
1168,CUST101405,07.12.19,40, Male,ZÜRICH,Premium,ONE YEAR,N/A,59,87.49,"$5,057.76",3,79.9,True,10,64,user1405@example.org,2825550188,test,crm_export_v2,,,FALSE
1169,CUST101874,"Jun 13, 2021",55,Male,ZÜRICH,Basic,Two year,Bank Transfer,47,19.88,978.75,0,17.9 GB,?,7,79,user1874@example.org,(980) 555 0170,,crm_export_v2,,,N
1170,CUST101945,18.09.19,41,?,Chicago,Basic,Month-to-month,Bank Transfer,66,14.22,$916.06,0,30.6,yes,8,35,user1945@example.org,+1-329-555-0177,,crm_export_v2,,,no
1171,CUST100304,2022-04-03,60,f,Zürich,Standard,One year,Auto-debit,26,$42.24,1141.45,2,78.1 GB,n,4,14,user304@outlook.com,(726) 555 0101,,crm_export_v2,,,0
1172,cust100606,08.12.20,41,Male,TORONTO,Premium,missing,CREDIT CARD,37,81.1,3060.92,3,80.3 GB,yes,4,61,user606@outlook.com,6005550178,complained about billing,crm_export_v2,,,N
1173,CUST101098,04-01-2019,39,Female,Zürich,Standard,One year,Credit Card,68.0,45.74,3209.67,2,66.7,Y,7,25,user1098@example.org,4335550128,,crm_export_v2,,,N
1174,CUST100335,2023-11-06,49,Female, Berlin,Premium ,Month-to-month,PayPal,49,-,3350.34,2,65228 MB,N,9,18,,+1-548-555-0114,,crm_export_v2,,,No
1175,CUST100995,02.10.22,37,Female,Singapore,basic,Month-to-month,Debit Card,5,10.0,49.09,4,?,TRUE,5,15,user995@gmail.com,890.555.0122,,crm_export_v2,,moved,Churned
1176,CUST100569,06-04-2022,51,Female,Toronto,Standard,One year,PayPal,18,null,866.8,1,67.5,TRUE,8,48, user569@example.org ,301.555.0148,call back,crm_export_v2,,,N
1177,CUST100088,2023/08/09,60,Male ,Chicago,Basic,Month-to-month,Bank Transfer,,15.08,$762.37,nan,19.6,n,8,37,user88@gmail.com,772.555.0162,,crm_export_v2,,price,yes
1178,CUST100874,2023/03/08,41,Female,São paulo,Basic,Month-to-month,Credit Card,59,$25.15,-,None,56.0,TRUE,3,62,user874@yahoo.com,(521) 555 0157,,crm_export_v2,,poor service,1
1179,CUST101449,None,31,F,NYC,Basic,One year,Auto-debit,42,17.93,759.75,one,19.1 GB,1,8,50,user1449@outlook.com,(705) 555 0127,,crm_export_v2,,,N
1180,CUST101651,"Feb 09, 2019",31,Male,São Paulo,Standard,Two year,Debit Card,69,37.1,2573.88,4,49152 MB,Yes,9,88,user1651@@gmail,(467) 555 0190,,crm_export_v2,,,No
1181,CUST100712,"May 13, 2023",37,Female,Mumbai,Standard,Two year,Auto-debit,30,41.01,1252.06,2,55.2 GB,Yes,7,89,user712@gmail.com,839.555.0106,!!!,crm_export_v2,,competitor offer,1
1182,CUST101892,"Apr 09, 2024",29,m,London,Standard,Month-to-month,Auto-debit,16,$43.92,682.21,99,89.8,Yes,6,NA,user1892@gmail.com,983.555.0121,,crm_export_v2,,competitor offer,Yes
1183,CUST101496,2022-04-22,26,Male,London,Basic,One year,Auto-debit,1,$25.45,$25.77,1,?,y,10,1,user1496@gmail.com,9695550171,,crm_export_v2,,,Retained
1184,CUST101495,08-02-2021,39,Female,mumbai,BASIC,Month-to-month,Debit Card,42,27.32,1181.98,3,165.7 GB,nan,10,79,user1495@mail.net,(824) 555 0118,,crm_export_v2,,,Retained
1185,CUST100221,2021/09/25,49,male,Chicgo,Standard,One year,Auto-debit,50,40.1,"$1,911.76",3,72601 MB,Yes,4,9,user221@yahoo.com,700.555.0169,,crm_export_v2,,,N
1186,CUST100319,2023-08-11,24,Female,Chicago,Basic,?,Credit Card,47,22.73,1055.35,2,50.0 GB,TRUE,3,65,,3965550104,,crm_export_v2,,competitor offer,1
1187,CUST101969,2019-12-01,18,Male,Paris,Standard,MONTH-TO-MONTH,Bank Transfer,16,43.57,715.73,2,181964 MB,1,6,26,user1969@mail.net,+1-684-555-0195,,crm_export_v2,,moved,yes
1188,CUST100878,"Apr 15, 2022",18,Male,Chicago,Standard ,Month-to-month,Debit Card,19,39.68,742.79,-,44.6 GB,0,6,73,user878@outlook.com,(700) 555 0188,,crm_export_v2,,poor service,TRUE
1189,cust101317,"Jul 16, 2022",47,Female,CHICAGO,Premium,Month-to-month,Debit Card,19,81.7,"$1,512.08",0,55.4,1,7,25,user1317@mail.net,+1-929-555-0183,,crm_export_v2,,poor service,1
1190,CUST100825,2019/07/18,45,Male,sydney,Basic,Month-to-month,Credit Card ,19,-80,457.61,2,73.7,Y,6,73,user825@@gmail,426.555.0110,,crm_export_v2,,,No
1191,CUST101030,2021-12-03,40,Female,CHICAGO ,Premium,One year,Bank Transfer,28,70.36,1954.01,N/A,10.7,Y,8,81,user1030@gmail.com,4035550183,,crm_export_v2,,,No
1192,CUST101589,2019-03-07,18,Male,Dubai,STANDARD,One year,PayPal,7.0,36.09,258.87,zero,71.6,FALSE,3,35,USER1589@EXAMPLE.ORG,(780) 555 0149,,crm_export_v2,,no longer needed,Y
1193,CUST100138,31/01/2021,50,Other,Zürich,Standard,Month-to-month,Auto-debit,66,51.64,3348.84,1,60.3 GB,Y,5,26,user138@gmail.com,+1-605-555-0124,,crm_export_v2,,,FALSE
1194,CUST100163,08.06.21,29,Male,São Paulo,STANDARD,Month-to-month,Auto-debit,12,44.49,$545.00,2,77.5 GB,1,NA,25,user163@gmail.com,(939) 555 0183,,crm_export_v2,,moved,yes
1195,CUST101930,07-15-2019,42,Male,Singapur,Premium,Month-to-month,nan,67.0,78.93,5550.46,3,143052 MB,False,4,64,user1930@example.org,+1-666-555-0191,,crm_export_v2,,price,Yes
1196,CUST101878,05-11-2023,27,F,Berlin,premium,Month-to-month,PayPal,6,80.08,467.76,6,110.1,Yes,7,76,N/A,(951) 555 0130,,crm_export_v2,,poor service,yes
1197,CUST100960,2019/12/03,28,Male,Berlin,Premium,Two year,PayPal,50,$78.31,4103.42,1,156057 MB,y,9,9999,null,829.555.0165,call back,crm_export_v2,,moved,yes
1198,CUST101667,"Jan 23, 2023",56,Male,London,Standard,Two year,bank transfer,13,$37.13,471.9,5,67.0,TRUE,9,83,user1667@mail.net,6205550193,,crm_export_v2,,,FALSE
1199,CUST101345,"Dec 24, 2024",59,FEMALE,Chicago,Basic ,MONTH-TO-MONTH,PayPal,6,$19.76,115.23,0,28.7,Yes,5,76,user1345@yahoo.com,,,crm_export_v2,,,0
1200,CUST101278,NA,33,Female,Berlin,Standard,One year,PayPal,None,$48.92,1723.68,0,122.4 GB,N,5,54,user1278@mail.net,6985550173,,crm_export_v2,,poor service,yes
1201,cust100278,2019/05/23,42,Femail,ZÜRICH,BASIC,Month-to-month,Debit Card,65,$22.92,1552.01,0,12.0,yes,7,51,user278@yahoo.com,905.555.0108,,crm_export_v2,,,FALSE
1202,CUST101643,26.07.22,19,Male ,None,Premium,Month-to-month,Bank Transfer,17,81.43,"$1,338.70",2,76.6,True,8,89,user1643@gmail.com,5945550152,,crm_export_v2,,moved,1
1203,CUST101682,2019/03/19,72,Female,Singapore,Premium,Month-to-month,Credit Card,nan,81.61,"5,040.92",2,27.4,1,6,-5,user1682@yahoo.com,+1-317-555-0146,duplicate account?,crm_export_v2,,moved,TRUE
1204,CUST100633,2021/04/11,40,Male,Dubai,Basic ,One year,PayPal,31,22.39,709.56,2,50.4,True,7,2,no-email,(715) 555 0158,,crm_export_v2,,,FALSE
1205,CUST101288,2019/08/12,26,Male,SYDNEY,nan,ONE YEAR,PAYPAL,60,75.24,4305.15,2,29.0,yes,7,1,user1288@example.org,7935550184,,crm_export_v2,,,no
1206,CUST100655,12/03/2022,51,Male,London,Standard,Month-to-month,Credit Card,64,43.91,"2,933.48",1,78.5,yes,10,48,user655@mail.net,733.555.0151,,crm_export_v2,,,Retained
1207,CUST100016,2022-01-28,51,Male,SINGAPORE,Standard,One year,Debit Card,6,$43.68,257.38,1,29.6,TRUE,6,23,user16@mail.net,+1-890-555-0124,,crm_export_v2,,competitor offer,Y
1208,CUST101767,2021-10-21,41,male,chicago,Basic,One year,Auto-debit ,71,27.8,2025.01,1,95.6,y,6,89,USER1767@OUTLOOK.COM,(608) 555 0112,,crm_export_v2,,price,Churned
1209,CUST101596,2022/12/14,63,Male,Sidney,Std,Two year,Credit Card,7,$50.72,347.26,3,65.9 GB,Y,7,35,user1596@yahoo.com,(705) 555 0180,,crm_export_v2,,no longer needed,Churned
1210,CUST100137,09/03/2019,27,Female,São Paulo,Basic,One year,missing,45,17.27,$739.41,0,None,Yes,7,88,user137@outlook.com,+1-716-555-0123,,crm_export_v2,,,N
1211,CUST101795,2020/03/18,nan,Female,Toronto,Premium,One year,Bank Transfer,11,USD 78.55,$879.39,1,104.8,Yes,8,51,user1795@yahoo.com,+1-362-555-0126,,crm_export_v2,,,no
1212,CUST100697,16/07/2022,56,F,Berlin,Premium,Month-to-month,Auto-debit,39,75.13,3036.65,2,-10,FALSE,7,?,N/A,8435550182,VIP???,crm_export_v2,,,no
1213,CUST101097,2023/07/13,37,Male,Zürich,BASIC,Month-to-month,PayPal,28,USD 26.21,700.08,0,167.2 GB,yes,6,77,user1097@yahoo.com,(207) 555 0152,,crm_export_v2,,,FALSE
1214,CUST101240,missing,47 yrs,M,Paris,?,Month-to-month,Auto-debit,15,48.73,713.82,0,82.4 GB,y,NA,25,user1240@yahoo.com,+1-609-555-0129,!!!,crm_export_v2,,,N
1215,CUST101750,01.08.24,thirty five,Female,Zürich,Premium,One year,Debit Card,24,79.17,"$1,937.18",1,49356 MB,y,9,72,user1750@gmail.com,+1-271-555-0106,,crm_export_v2,,,No
1216,CUST100448,02-15-2022,30,Female ,Singapore,Standard,One year,Bank Transfer,4,55.79,233.98,2,97.2,no,5,36,user448@outlook.com,6155550196,VIP???,crm_export_v2,,,Retained
1217,CUST100035,2019-05-20,36,Male,Singapur,Premium,Month-to-month,Bank Transfer,63,74.81,"$4,779.43",4,106700 MB,y,NA,46,user35@gmail.com,(953) 555 0113,,crm_export_v2,,,No
1218,CUST100327,23.03.19,44,Female,DUBAI,Standard,MONTH-TO-MONTH,Bank Transfer,12,41.05,510.22,1,123.7,Yes,N/A,10,user327@mail.net,+1-883-555-0155,,crm_export_v2,,poor service,1
1219,CUST100317,12/05/2023,42,M,Zurich,Std,Two year,PayPal,43,32.07,1353.16,2,161.3 GB,True,6,24,user317@example.org,+1-817-555-0158,,crm_export_v2,,,FALSE
1220,CUST101972,"Feb 02, 2023",31,Femail,Singapore,Premium ,Two year,PayPal,26,91.18,"$2,297.56",4,21811 MB,TRUE,5,20,user1972@outlook.com,901.555.0155,,crm_export_v2,,poor service,Churned
1221,CUST101169,2024-07-01,44,Female,New York,Standard,Month-to-month,?,18,USD 51.34,896.18,2,51.1,Y,6,67,USER1169@GMAIL.COM,+1-616-555-0101,,crm_export_v2,,competitor offer,Churned
1222,CUST100526,2024-07-15,27,F,TORONTO,BASIC,Month to month,NA,71,USD 18.67,1265.27,0,41.1,Yes,5,83,user526@gmail.com,+1-274-555-0140,,crm_export_v2,,no longer needed,yes
1223,CUST100087,2020/11/15,23,Male,Sydney,STANDARD,One year,Bank Transfer,17,51.44,878.73,0,153.7,yes,4,5,user87@example.org,(562) 555 0155,VIP???,crm_export_v2,,,0
1224,CUST101432,2020/01/10,49,Female,Dubaii,Bsc,One year,Debit Card,3,20.64,62.68,1,56.3,Y,5,46,user1432@yahoo.com,(921) 555 0123,,crm_export_v2,,,No
1225,CUST100148,"Dec 05, 2023",42,Male ,nan,Standard,Month-to-month,Debit Card,5,58.96,297.32,3,75.8 GB,y,4,53,user148@example.org,+1-507-555-0170,,crm_export_v2,,no longer needed,Y
1226,CUST101758,2022-06-05,36,female,São paulo,standard,Month-to-month,Auto-debit,26,41.9,1055.77,6,nan,Yes,3,41, user1758@yahoo.com ,8715550147,!!!,crm_export_v2,,moved,1
1227,CUST101776,28/12/2020,18,female,Dubai,Standard,Month-to-month,PayPal,69,46.97,3110.16,1,46.4,-,8,64,user1776@mail.net,2305550154,,crm_export_v2,,moved,TRUE
1228,CUST101467,22.04.21,thirty five,Female ,Sydney,Basic,One year,Auto-debit,1,28.83,$29.89,1,16.3 GB,y,4,-1,user1467@outlook.com,5175550153,,crm_export_v2,,,Retained
1229,CUST101584,2022-10-24,40,Female,ZÜRICH,Premium,One year,Debit Card,49,83.79,"$4,120.28",2,95.0,Yes,6,20,user1584@mail.net,7575550119,!!!,crm_export_v2,,,Retained
1230,CUST100365,10.02.22,52,Male,New York,Basic,Month-to-month,Credit Card,28,USD 21.73,623.58,3,166.4,Y,7,74,user365@gmail.com,(233) 555 0152,,crm_export_v2,,moved,yes
1231,CUST100589,01-22-2024,32,female,SYDNEY,Basic,Month-to-month,Auto-debit,70,$11.48,773.68,0,97.3,True,9,30,user589@gmail.com,(834) 555 0163,duplicate account?,crm_export_v2,,,Retained
1232,CUST101635,2022-03-20,40,Male,NEW YORK,Premium ,Month-to-month,Bank Transfer,27,$75.03,"$2,116.33",1,8.4 GB,FALSE,,16,user1635@yahoo.com,+1-415-555-0127,,crm_export_v2,,,0
1233,CUST100198,01-12-2021,30,Male,Sydney,Basic,One year,Debit Card,26,$22.48,561.11,2,88.5 GB,yes,4,76,user198@example.org,6025550168,,crm_export_v2,,,No
1234,CUST100192,22.08.22,23,Male,Paris,BASIC,Month-to-month,Bank Transfer,21,29.26,$594.81,2,62.9 GB,yes,9,77,user192@example.org,(673) 555 0158,,crm_export_v2,,,Retained
1235,CUST100192,22.08.22,23,Male,Paris,BASIC,Month-to-month,Bank Transfer,21,29.26,$594.81,2,62.9 GB,yes,9,77,user192@example.org,(673) 555 0158,,crm_export_v2,,,Retained
1236,CUST100404,29/12/2021,52,Female,SYDNEY,Standard,Month-to-month,Credit Card,3,38.23,119.19,3,93.5,yes,7,84,user404@outlook.com,7005550146,,crm_export_v2,,moved,Churned
1237,CUST101706,2024-11-23,47,Male,Zürich,Standard,Month-to-month,Credit Card,15,$53.83,822.53,2,100.5,y,3,49,USER1706@OUTLOOK.COM,298.555.0159,!!!,crm_export_v2,,competitor offer,Churned
1238,CUST100250,2020-01-29,18,Female,Pariss,Standard ,Month-to-month,Credit Card,55,46.09,"$2,516.58",2,44.1,False,8,67,user250@outlook.com,3705550109,,crm_export_v2,,,Retained
1239,CUST100483,2023/10/12,37,Femail,Singapore,Basic,One year,Bank Transfer,10,20.87,$203.30,2,102.2,1,5,13,user483@mail.net,9225550141,!!!,crm_export_v2,,,N
1240,CUST101182,21.02.23,43,Male,Sydney,Standard,two year,Bank Transfer,32,48.44,1588.97,1,82.0,0,6,9,user1182@example.org,+1-860-555-0167,,crm_export_v2,,,Retained
1241,CUST101583,"Jun 25, 2021",19,Male,Zürich,Standard,?,Bank Transfer,34,,1176.57,4,12.6,TRUE,9,88,user1583@gmail.com,850.555.0159,,crm_export_v2,,,no
1242,CUST100791,21/09/2021,28,Male,Sydney,BASIC,One year,Credit Card,10,USD 18.21,173.19,2,124.3,Yes,4,31,user791@outlook.com,(239) 555 0119,,crm_export_v2,,poor service,yes
1243,CUST100799,08-26-2021,25,Male,ZÜRICH,Standard,Month-to-month,Debit Card ,38,57.18,"2,249.19",two,33.9 GB,Yes,8,56,user799@yahoo.com,6825550193,,crm_export_v2,,,no
1244,CUST100384,03-11-2019,,female,New York,Standard,Month to month,,61,43.73,"$2,542.74",0,0.034 TB,True,2,21,user384@mail.net,634.555.0170,,crm_export_v2,,poor service,Yes
1245,CUST100750,06.10.24,34,Female,Chicago,STANDARD,Month-to-month,Bank Transfer,4.0,null,170.51,3,0.026 TB,Y,1,72,user750@gmail.com,2165550191,,crm_export_v2,,competitor offer,TRUE
1246,CUST101201,11-11-2021,31,m,zurich,Basic,MONTH-TO-MONTH,CREDIT CARD,37.0,USD 13.42,507.65,2,93.6,FALSE,8,18,user1201@mail.net,932.555.0163,,crm_export_v2,,no longer needed,Yes
1247,CUST100422,2023/08/05,29,Female,None,STANDARD,Two year,Auto-debit,68.0,41.73,2970.53,1,151.0,y,7,31,None,+1-671-555-0100,,crm_export_v2,,,No
1248,CUST100314,18/06/2020,18,Male,Zürich,standard,Month-to-month,Bank Transfer,57,-80,2425.96,3,5000,Yes,8,83,user314@example.org,(756) 555 0131,,crm_export_v2,,,no
1249,CUST101021,2019/06/07,31,Male,Toronto,Premium,one year,Auto-debit,51,$84.33,"$4,174.75",3,63.2,0,9,56,user1021@gmail.com,(464) 555 0147,,crm_export_v2,,moved,TRUE
1250,CUST100543,"Jan 18, 2020",42,Female,PARIS,Premium,One year,PayPal,19.0,USD 85.44,1678.28,5,136.6,TRUE,null,37,user543@mail.net,590.555.0142,,crm_export_v2,,moved,Yes
1251,CUST100913,16/11/2024,50,f,São Paulo,Standard,Month-to-month,PayPal,2,38.93,76.32,3,34.2 GB,True,3,54,user913@mail.net,None,,crm_export_v2,,competitor offer,Yes
1252,CUST100662,18.03.19,55,Male,Berlin,Basic,Month-to-month,Auto-debit,36,USD 17.93,$630.91,,105984 MB,no,4,62,user662@mail.net,5205550173,,crm_export_v2,,competitor offer,Churned
1253,CUST100902,"Apr 24, 2020",None,Female,Dubai,Standard,Month-to-month,Credit Card,6,49.06,$283.96,3,113.6,Yes,3,9,user902@yahoo.com,4715550146,,crm_export_v2,,price,Yes
1254,CUST101851,"Jul 08, 2020",51,Male,New York,Basic,One year,Debit Card,36,$18.88,673.2,2,76.8 GB,TRUE,7,31,user1851@gmail.com,895.555.0161,,crm_export_v2,,,No
1255,CUST100685,"Oct 20, 2023",48,FEMALE,ZÜRICH,NA,Two year,Debit Card,22.0,USD 29.14,662.32,2,174899 MB,yes,,20,missing,8795550111,,crm_export_v2,,,no
1256,CUST101816,"May 27, 2020",55,Femail,SYDNEY,Prem,One year,PayPal,30,81.04,null,4,66.2,True,9,17,user1816@outlook.com,(697) 555 0118,,crm_export_v2,,,no
1257,CUST100159,2023/09/13,64,Femail,London,Bsc,Two year,Credit Card,47,$17.91,800.04,three,10.9 GB,Yes,5,19,user159@mail.net,(264) 555 0113,,crm_export_v2,,,no
1258,CUST100999,2022-01-27,44,Male,Chicago,Basic,Month-to-month,Credit Card,8,18.04,139.75,3,75.1,y,8,60,user999@yahoo.com,9665550157,,crm_export_v2,,,N
1259,CUST101408,01-04-2019,18,Femail,Berlinn,Basic,Month-to-month,Bank Transfer,14,18.69,256.51,2,N/A,Yes,5,84,user1408@gmail.com,+1-571-555-0199,,crm_export_v2,,no longer needed,TRUE
1260,CUST101926,26.02.21,32,Male,New York,Basic,Month-to-month,Credit Card,29,27.2,765.93,1,38.0,Y,6,73,user1926@outlook.com,(644) 555 0145,,crm_export_v2,,price,yes
1261,CUST100202,20.12.21,36,Male,Singapore,Standard,Month-to-month,Debit Card,50,45.98,"$2,279.59",2,194.8 GB,False,9,62,user202@outlook.com,2185550199,,crm_export_v2,,,0
1262,CUST101023,01-18-2024,46,Male,Paris,Standard,Month-to-month,PayPal,43,USD 45.02,2030.78,1,148.0,Yes,9,-5,user1023@example.org,+1-319-555-0111,,crm_export_v2,,price,Churned
1263,CUST101860,09/06/2023,66,M, Berlin,Standard,Two year,NA,30,38.39,"1,182.15",2,47.7,Y,5,57,user1860@outlook.com,873.555.0161,,crm_export_v2,,,N
1264,CUST101770,2019-13-45,38,Female,Singapore,Standard,Two year,Debit Card,48,$42.26,2127.32,0,110.0,yes,10,32,user1770@outlook.com,(304) 555 0189,,crm_export_v2,,,0
1265,CUST100112,2022-05-01,missing,Female,New York,Bsc,Month-to-month,bank transfer,64,26.19,1745.84,0,61.1 GB,TRUE,3,38,user112@yahoo.com,(362) 555 0167,,crm_export_v2,,,no
1266,CUST101959,15.02.20,51,Female,London,Basic ,Month-to-month,Auto-debit,29,USD 31.57,952.21,3,204.5 GB,y,5,33,user1959@outlook.com,(657) 555 0130,,crm_export_v2,,,Retained
1267,CUST101728,2021/08/31,53,Female,Paris,Basic,Month-to-month,Auto-debit,59,21.92,"$1,282.78",3,134.5 GB,Y,null,3,user1728@gmail.com,227.555.0130,,crm_export_v2,,poor service,TRUE
1268,CUST100980,15/07/2022,29,f,Chicago,Premium,Two year,Debit Card,2,$86.51,$172.22,1,10.0,Yes,7,5,user980@yahoo.com,(305) 555 0146,,crm_export_v2,,,N
1269,CUST100922,"Sep 04, 2021",48,f,chicago,Standard,One year,Debit Card,71,51.15,3560.67,two,108.3 GB,True,4,NA,user922@@gmail,(902) 555 0123,,crm_export_v2,,,Retained
1270,cust100840,09-24-2020,41,Male,SÃO PAULO,standard,Month-to-month,PayPal,26,44.02,"$1,134.77",one,223.2,TRUE,6,68,user840@outlook.com,+1-456-555-0141,,crm_export_v2,,,no
1271,CUST101965,2023/06/13,56,Male,Dubai,Standard,one year,PayPal,66,$39.92,"2,614.60",0,68.5,n,7,33,user1965@example.org,+1-564-555-0143,,crm_export_v2,,,N
1272,CUST101648,11-08-2024,32,Female ,PARIS,Premium,Month-to-month,credit card,58,82.56,5010.31,3,65.1,False,6,15,no-email,417.555.0164,,crm_export_v2,,price,yes
1273,CUST101346,"Feb 17, 2024",42,Male,dubai,Basic,Month-to-month,PayPal,26,21.05,540.82,2,18124 MB,1,6,58,user1346@gmail.com,7275550130,,crm_export_v2,,price,1
1274,CUST100815,"Jan 07, 2024",-,Male,Dubai,Premium,Month-to-month,Auto-debit,20,USD 78.38,"$1,543.78",2,30.8,1,9,10,user815@outlook.com,7655550106,Recontact in Q3,crm_export_v2,,,FALSE
1275,CUST101561,10.07.20,55,male,DUBAI,Basic,Month-to-month,Credit Card,53,10.0,$536.27,3,87.1,y,7,75,user1561@example.org,(502) 555 0105,,crm_export_v2,,,0
1276,CUST101397,2022/12/02,74,Female,Chicago,Standard,One year,Auto-debit ,9,54.48$,$471.60,5,None,1,4,5,user1397@gmail.com,884.555.0120,,crm_export_v2,,poor service,Yes
1277,CUST100679,08-11-2024,39,Female ,São Paulo,Standard,Month-to-month,Bank Transfer,5,37.64,$182.40,0,missing,False,5,81,user679@gmail.com,4215550172,,crm_export_v2,,price,1
1278,CUST101093,2021/05/09,22,Female,Sydney,Premium ,Month-to-month,PayPal,999,84.59,4788.09,1,27.7,True,10,67,user1093@mail.net,347.555.0167,,crm_export_v2,,,FALSE
1279,CUST100080,21/08/2024,48,Female,Sao Paulo,Std,Two year,Bank Transfer,31,43.03,"1,370.95",3,46.7,y,6,27,no-email,6285550145,,crm_export_v2,,moved,yes
1280,CUST101907,20.12.19,43,Femail,Paris,Standard ,One year,Debit Card,68,51.69,3675.37,4,78.2 GB,True,7,49,user1907@yahoo.com,(750) 555 0123,,crm_export_v2,,moved,Yes
1281,CUST101454,2022/06/06,37,Female,Sydney,Basic,Two year,Debit Card,34,10.25,349.93,1,31.9 GB,1,6,58,user1454@outlook.com,510.555.0194,Recontact in Q3,crm_export_v2,,price,1
1282,CUST101844,2023-06-16,36,m,London,Premium,Month-to-month,Bank Transfer,8,87.41,731.14,2,72.5 GB,Y,8,75,user1844@mail.net,+1-471-555-0192,,crm_export_v2,,price,Churned
1283,CUST100752,2019/07/08,24,Male,London,standard,One year,bank transfer,15,42.08,$625.82,3,128.1 GB,no,9,67,user752@mail.net,382.555.0192,,crm_export_v2,,,0
1284,CUST101239,31/03/2019,35,Male,Toronto,Standard ,One year,debit card,16,51.87,$836.34,3,130.8,yes,8,78,user1239@gmail.com,+1-702-555-0198,,crm_export_v2,,,no
1285,CUST101427,None,29,Male,Paris,Basic,Month-to-month,PayPal,23,16.72,387.28,1,-10,Y,5,43,user1427@yahoo.com,+1-254-555-0119,test,crm_export_v2,,competitor offer,TRUE
1286,CUST101054,"Jun 17, 2019",31,Male,São Paulo,Basic,Month-to-month,Debit Card,9,25.04,$224.23,0,77.1,yes,7,58,user1054@yahoo.com,(265) 555 0189,,crm_export_v2,,moved,Yes
1287,CUST100242,27.07.19,45,Female,Mumbai,Standard,One year,Debit Card,61,$44.23,2730.05,4,88.0,yes,3,86,user242@mail.net,992.555.0180,complained about billing,crm_export_v2,,poor service,nan
1288,CUST101531,None,34,Female,Sydney,Basic,Month-to-month,Credit Card,55,24.15,1380.15,3,42.7,yes,9,83,user1531@example.org,918.555.0109,,crm_export_v2,,competitor offer,Yes
1289,CUST100641,29/06/2024,38,Male,Paris,Standard,ONE YEAR,Bank Transfer,12,39.6,486.85,0,165.5,y,5,83,user641@outlook.com,794.555.0178,,crm_export_v2,,,0
1290,CUST100696,30/04/2023,64,Female,Paris,standard,Month-to-month,AUTO-DEBIT,26,USD 39.76,1025.03,2,23.6,FALSE,8,63,user696@mail.net,?,,crm_export_v2,,,Retained
1291,CUST100209,02/09/2023,31,Male,Chicago,Basic,Two year,Credit Card,13,17.9,223.27,2,72.4,yes,8,69,user209@gmail.com,610.555.0175,,crm_export_v2,,,FALSE
1292,CUST100502,2024-10-09,18,Female, Berlin,Standard ,two year,Debit Card,26,41.71,1136.74,five,5.1,Yes,4,64,user502@outlook.com,5555550105,,crm_export_v2,,,N
1293,CUST100770,N/A,39,Male,Paris,Standard,Month-to-month,Auto-debit,72,USD 43.37,3114.76,0,-,yes,5/10,46,user770@gmail.com,3705550180,duplicate account?,crm_export_v2,,,FALSE
1294,CUST101900,17/03/2022,61,Male,ZÜRICH,Bsc,Month-to-month,Auto-debit,40,USD 14.09,561.35,4,73.2,TRUE,4,65,user1900@gmail.com,534.555.0142,,crm_export_v2,,competitor offer,Y
1295,CUST100435,29.09.19,38,Male,Toronto,Standard,Month-to-month,Auto-debit,18,37.35,703.52,5,32.7,1,5,29,user435@yahoo.com,368.555.0102,,crm_export_v2,,no longer needed,Yes
1296,CUST101063,2023-03-25,58,FEMALE,São Paulo,basic,One year,Credit Card,33,$16.08,548.47,0,78.0,TRUE,4,71,user1063@yahoo.com,+1-458-555-0166,,crm_export_v2,,moved,yes
1297,CUST100974,20.11.19,42,F, Berlin,Standard,Month-to-month,Credit Card,71,$44.89,"$3,084.07",1,47.5,TRUE,7,38,user974@@gmail,8885550187,,crm_export_v2,,,no
1298,CUST100551,12.05.21,37,Male,Mumbai,Basic,Month to month,Credit Card,30,$30.17,$917.99,1,56.3 GB,yes,7,76,user551@mail.net,+1-929-555-0199,,crm_export_v2,,,FALSE
1299,CUST101511,2020/05/14,51,Other,-,Standard,One year,Auto-debit,52,38.13,missing,1,41.2,yes,9,64,user1511@example.org,+1-372-555-0114,,crm_export_v2,,,FALSE
1300,CUST101924,03-02-2021,46,Female,Paris,Premium,Month-to-month,Credit Card,67,80.6,5253.02,1,36556 MB,y,missing,19,user1924@example.org,(624) 555 0128,,crm_export_v2,,,Retained
1301,CUST101013,11-19-2020,43,Male ,Singapore,Standard,Two year,PayPal,4,58.04$,237.82,2,27.8,TRUE,4,83,user1013@outlook.com,8735550105,,crm_export_v2,,moved,1
1302,CUST101007,"Jan 07, 2022",24,Male,sydney,Basic,Month-to-month,PayPal,57,15.61,908.61,0,66048 MB,y,10,47,user1007@example.org,(999) 555 0178,,crm_export_v2,,,N
1303,CUST101274,None,31,Female,ZÜRICH,Bsc,One year,Auto-debit,9,17.55,164.01,3,20.3,Y,2,3,user1274@mail.net,+1-465-555-0196,,crm_export_v2,,poor service,1
1304,CUST101295,2022-02-01,43,Male,Berlin,Basic,One year,Auto-debit,63,24.65,"$1,491.73",4,68096 MB,FALSE,10,73,N/A,missing,,crm_export_v2,,,0
1305,CUST100466,30/12/2019,20,Female,London,Basic,One year,PayPal,17,null,354.73,1,57.8,null,6,23,None,4645550162,,crm_export_v2,,,FALSE
1306,CUST101710,20/01/2021,48,M,London,Standard ,None,Bank Transfer,19,44.79,886.25,2,62.1,yes,10,42,user1710@outlook.com,2355550196,,crm_export_v2,,,FALSE
1307,CUST101414,"Jul 05, 2022",51,Male,Chicago,Standard,Month-to-month,PayPal,60,$44.38,"2,794.93",0,196.5 GB,1,7,45,user1414@outlook.com,295.555.0138,,crm_export_v2,,,N
1308,CUST100277,"Sep 11, 2023",55,missing,New York,Premium,Month-to-month,Credit Card,69,84.52,"$6,050.72",1,?,y,7,12,user277@gmail.com,None,,crm_export_v2,,,no
1309,CUST101069,01-24-2019,35,F,Chicago,Basic ,One year,Auto-debit,43,11.72,510.46,2,14.0,TRUE,8,42,user1069@gmail.com,None,,crm_export_v2,,,0
1310,CUST101017,18.12.21,-,Female ,São paulo,Basic,TWO YEAR,Bank Transfer,61,$18.78,1141.07,1,101.5 GB,1,5,77,user1017@mail.net,545.555.0164,,crm_export_v2,,,no
1311,CUST101431,02-10-2020,33,male,New York,BASIC,Month-to-month,DEBIT CARD,62,$16.86,"$1,002.25",1,0.114 TB,True,7,13,user1431@example.org,599.555.0184,,crm_export_v2,,,Retained
1312,CUST100722,01-25-2024,52,Male,Toronto,premium,Month-to-month,Credit Card,66,?, ,1,78.6,True,6,20,user722@example.org,324.555.0161,call back,crm_export_v2,,,No
1313,CUST100940,2023/02/22,43,MALE,Singapore,Basic,Month-to-month,PayPal,17,16.52,283.31,6,34.7 GB,no,-1,20,user940@mail.net,6555550195,,crm_export_v2,,price,Y
1314,CUST100786,12/03/2019,34,Female,São Paulo,Premium,month-to-month,missing,19,$82.48,1598.21,3,209.7,no,8,19,no-email,+1-233-555-0165,,crm_export_v2,,price,TRUE
1315,CUST101676,25/11/2019,29,Male,mumbai,Standard,month-to-month,PayPal,30,31.68,930.46,1,43.4 GB,yes,5,83,user1676@example.org,(635) 555 0109,,crm_export_v2,,poor service,Y
1316,CUST101417,18/08/2021,50,Female,Chicago,Standard,Two year,Auto-debit,21,46.74,1023.56,missing,nan,yes,7,56,user1417@gmail.com,5425550123,##,crm_export_v2,,,0
1317,CUST101481,"Jan 04, 2019",51,Male,New York,PREMIUM,TWO YEAR,Debit Card,2,75.26$,146.77,4,39.1 GB,No,6,14,user1481@outlook.com,+1-523-555-0195,,crm_export_v2,,competitor offer,null
1318,CUST101508,2024-03-05,41,Female,Paris,Premium ,Month-to-month,Auto-debit,11,76.72,831.21,3,31.0,1,7,0,user1508@example.org,+1-958-555-0116,,crm_export_v2,,no longer needed,Yes
1319,CUST100906,"Jun 20, 2021",25,Male,São Paulo,Standard,Month-to-month,Debit Card,35,53.99,1960.51,6,58.6,Yes,None,82,user906@mail.net,532.555.0103,,crm_export_v2,,,N
1320,CUST100563,02-02-2020,48,Female,New York,Basic,Month-to-month,Debit Card ,26,18.88, ,2,39424 MB,N,10,21,user563@gmail.com,+1-291-555-0164,,crm_export_v2,,,Retained
1321,CUST101249,11.11.24,41,f,Zürich,Premium,MONTH-TO-MONTH,PayPal,72,76.62,5737.1,4,18.7 GB,True,6,71,missing,231.555.0125,,crm_export_v2,,poor service,Churned
1322,CUST100388,2024-05-07,47,Male,London,Standard,Two year,Credit Card,33,USD 39.04,1331.99,4,183.9,True,5,51,user388@example.org,+1-692-555-0104,,crm_export_v2,,,No
1323,CUST100022,04.02.20,35,M,São Paulo,Standard,Month-to-month,Bank Transfer,N/A,48.18$,2681.68,5,57.2 GB,y,3,17,user22@gmail.com,+1-535-555-0143,,crm_export_v2,,no longer needed,Churned
1324,CUST101747,2021/04/05,39,Female,Toronto,STANDARD,One year,Auto-debit,30,51.14,"$1,477.55",1,22937 MB,None,7,0,user1747@example.org,784.555.0179,,crm_export_v2,,,N
1325,CUST100124,02-16-2024,41,Male,Chicago,Premium,Month-to-month,Auto-debit,51,78.07,"$3,889.18",0,5.8,?,7,20,user124@outlook.com,(926) 555 0142,,crm_export_v2,,moved,1
1326,cust101705,2024/02/25,35, Male,LONDON,Standard,Month-to-month,Auto-debit,8,38.87,307.55,4,60006 MB,y,5,5,user1705@gmail.com,8975550142,,crm_export_v2,,competitor offer,yes
1327,CUST100773,"Apr 21, 2023",36,F,MUMBAI ,Standard,Two year,Credit Card,8,46.53,$365.11,2,43.4,y,9,65,missing,(899) 555 0191,asked for discount,crm_export_v2,,,no
1328,CUST100880,08/07/2019,26,Male,New York,Premium,Month-to-month,Auto-debit,28,82.31,"$2,411.04",1,50.3,y,6,10,user880@outlook.com,300.555.0187,,crm_export_v2,,poor service,yes
1329,CUST101144,26/12/2020,47,female,Mumbai,Bsc,Month-to-month,Auto-debit,5,$18.86,94.36,4,295.4,Yes,6,14,user1144@example.org,(531) 555 0183,,crm_export_v2,,poor service,Yes
1330,CUST101166,18/02/2019,200,Female,paris,Basic,Two year,PayPal,64,USD 16.06,983.74,two,28.1,True,6/10,25,user1166@example.org,+1-524-555-0174,,crm_export_v2,,,0
1331,CUST100050,23.07.23,37,Male,Singapore,Premium,Two year,Bank Transfer,4,$81.49,335.5,4,,Yes,1,86, user50@mail.net ,300.555.0118,,crm_export_v2,,poor service,Yes
1332,CUST101149,2024/02/09,42,female,Zürich,?,One year,Bank Transfer,1,10.0,10.23,2,59.9,FALSE,8,40,user1149@gmail.com,(878) 555 0146,,crm_export_v2,,,0
1333,CUST101580,2020-10-11,67,Male,Bombay,Premium,Month-to-month,Credit Card,52,$90.37,4620.82,2,125.9 GB,Y,,4,user1580@outlook.com,+1-483-555-0189,,crm_export_v2,,,no
1334,CUST101105,"Feb 01, 2020",18,Male,Toronto,STANDARD,Month-to-month,Auto-debit,16,44.7,721.87,6,N/A,yes,6,missing,user1105@gmail.com,328.555.0199,,crm_export_v2,,,0
1335,CUST100703,2020-01-11,40,Female,London,Standard,One year,Bank Transfer ,11,$48.81,557.75,2,48.7 GB,yes,N/A,70,nan,+1-207-555-0106,,crm_export_v2,,poor service,1
1336,CUST100482,02.07.20,33,null,Paris,Standard ,month-to-month,Credit Card,missing,49.86,"$2,791.71",3,53555 MB,Yes,7,11,user482@gmail.com,(715) 555 0162,,crm_export_v2,,no longer needed,Y
1337,CUST101145,22.11.21,53,Female,Sao Paulo,Basic,Month-to-month,Auto-debit,29,18.89,522.56,1,37.7,y,7,31, user1145@example.org ,+1-596-555-0117,asked for discount,crm_export_v2,,moved,yes
1338,CUST100203,2023-03-13,26,Male,New York,Premium,One year,Bank Transfer,63,$77.22,4912.76,3,N/A,yes,6,19,nan,812.555.0138,duplicate account?,crm_export_v2,,,Retained
1339,CUST100066,2024/06/06,47,Male,Sydney,Basic,Month-to-month,Credit Card ,21,17.16,$370.46,0,35.0,TRUE,7,12,user66@outlook.com,8495550181,,crm_export_v2,,price,TRUE
1340,CUST101862,2019-13-45,73,Female,New York,Basic,One year,NA,69,$12.14,810.67,0,63.6,Y,missing,56,NA,+1-508-555-0195,,crm_export_v2,,,N
1341,CUST100733,08-23-2023,26,Female,Berlin,Premium,One year,CREDIT CARD,42,72.45$,"$3,006.40",1,33.7,1,8,82,user733@example.org,850.555.0151,Recontact in Q3,crm_export_v2,,competitor offer,TRUE
1342,CUST101933,2024-09-18,34,Male ,London,Bsc,Month-to-month,Credit Card,26,$27.19, ,1,97.1 GB,y,NA,89,user1933@outlook.com,+1-740-555-0144,,crm_export_v2,,,no
1343,CUST100801,23/10/2020,29,female,London,Bsc,One year,Auto-debit,39,26.74,"1,094.62",one,44.7 GB,0,5,41,user801@outlook.com,4605550147,asked for discount,crm_export_v2,,,no
1344,CUST101677,"Jul 07, 2021",60,Female,London,Standard,Two year,DEBIT CARD,1,47.73,$45.37,3,68.5,yes,5,2,user1677@example.org,516.555.0111,,crm_export_v2,,,Retained
1345,CUST101592,19.04.21,60,Male,Chicago,Premium,month-to-month,PayPal,68,87.19,5875.27,2,10.6,False,9,22, user1592@example.org ,8955550142,,crm_export_v2,,,Retained
1346,CUST100907,2020-01-15,27,Male ,sydney,Standard,Month-to-month,Auto-debit,17,45.98,787.93,2,54.3,Yes,7,9, user907@example.org ,(305) 555 0119,,crm_export_v2,,,0
1347,CUST100031,12/05/2020,43,male,Berlin,Standard,Month-to-month,Credit Card,10,46.97,468.58,0,27.0,TRUE,9,86,user31@mail.net,5945550124,,crm_export_v2,,,N
1348,CUST100417,2019-09-24,18,Male,toronto,Standard,Month-to-month,Debit Card,47,35.02,1690.87,five,44.5,TRUE,5,88,user417@example.org,+1-924-555-0182,call back,crm_export_v2,,price,1
1349,CUST100881,"Feb 07, 2024",36,f,Londn,BASIC,Month-to-month,Credit Card ,2,17.4,35.64,4,92.1,Yes,8,71,user881@outlook.com,(597) 555 0112,,crm_export_v2,,,FALSE
1350,CUST100632,"Aug 08, 2021",27,Male,Sydney,Standard,One year,Debit Card,43,52.11,2179.22,3,133324 MB,TRUE,9,67,nan,+1-595-555-0158,,crm_export_v2,,,No
1351,CUST101692,2022/12/10,47,m,Berlin,basic,Month-to-month,Debit Card,59,21.24$,1264.04,2,15.4 GB,yes,7,43,user1692@yahoo.com,+1-843-555-0184,,crm_export_v2,,,0
1352,CUST101854,2019/08/22,45,Other,Paris,Standard,Two year,Auto-debit,2,54.39,110.97,4,88.9,y,N/A,80,user1854@mail.net,+1-708-555-0181,test,crm_export_v2,,,FALSE
1353,CUST100064,18.06.21,44,Male,New York,Basic,Two year,Debit Card,65,13.05,$810.15,3,65.5,0,6,80,null,+1-708-555-0173,,crm_export_v2,,,0
1354,CUST101757,2022-08-26,33,Male,Toronto,Basic,Month-to-month,Bank Transfer,20,$17.18,$337.17,3,41.9,Yes,3,39,user1757@yahoo.com,4575550127,,crm_export_v2,,,Retained
1355,CUST101796,"Nov 06, 2024",53,Male,São Paulo,Standard,Month-to-month,Credit Card,35,42.21,1494.25,0,73.7 GB,True,7,20,user1796@example.org,821.555.0176,,crm_export_v2,,,Retained
1356,CUST100077,"May 11, 2020",31,Female,singapore,Basic,Two year,Auto-debit,24,10.0,$241.26,1,61.0,Yes,8,28,user77@mail.net,None,,crm_export_v2,,,0
1357,CUST100491,2024/03/15,64,Male,PARIS,Basic,Two year,Bank Transfer,7,$27.39,$197.05,0,0.070 TB,Y,nan,12,user491@mail.net,(887) 555 0175,,crm_export_v2,,moved,Y
1358,CUST101527,10-30-2019,55,Male,São paulo,Basic,month-to-month,Auto-debit,12,11.41,143.16,2,78.7,Yes,7,0,-,+1-632-555-0100,VIP???,crm_export_v2,,,no
1359,CUST101653,-,32,Female,New York,BASIC,Month-to-month,bank transfer,72,$22.26,1644.05,1,50.7,1,8,38,user1653@example.org,568.555.0182,,crm_export_v2,,,0
1360,CUST100532,2019-12-08,26,m,New Yrok,Standard,Month-to-month,Debit Card,33,40.64,1344.15,1,70.4,Y,6,83,,000-000-0000,,crm_export_v2,,,Retained
1361,CUST100065,14/12/2020,34,Female,Sydney,Standard,Month-to-month,auto-debit,32,47.56,1507.31,3,81.3,1,4,68,user65@yahoo.com,(211) 555 0144,,crm_export_v2,,moved,1
1362,CUST101831,09-18-2024,48,Male,Sydney,Basic,Month-to-month,Debit Card,62,11.15$,$656.86,0,0.019 TB,TRUE,5,29,user1831@mail.net,6225550176,,crm_export_v2,,,N
1363,CUST101989,16.07.24,48,Female,Berlinn,Basic,Month-to-month,Auto-debit,37,19.28,$684.97,1,33.9,y,9,29,user1989@example.org,+1-511-555-0108,,crm_export_v2,,,N
1364,CUST100296,05/02/2024,35, Male,Berlin,Premium,ONE YEAR,Debit Card,17,72.34,"$1,247.16",4,113.6 GB,1,7,16,user296@mail.net,757.555.0118,,crm_export_v2,,,no
1365,CUST100591,30.05.24,52,female,Dubaii,Standard,Month-to-month,Debit Card,44,$50.45,"$2,300.65",2,0.145 TB,TRUE,8,29,user591@outlook.com,544.555.0119,,crm_export_v2,,,No
1366,CUST100767,None,34,Male,Londn,Standard,MONTH-TO-MONTH,Credit Card,59,54.63,"3,260.13",NA,241664 MB,n,5,83,user767@outlook.com,(768) 555 0137,,crm_export_v2,,competitor offer,TRUE
1367,CUST101285,"Apr 18, 2019",50,f,SINGAPORE,Basic,ONE YEAR,Bank Transfer,69.0,33.57,"2,371.66",3,77.0,True,7/10,5,user1285@gmail.com,+1-551-555-0121,,crm_export_v2,,,N
1368,CUST100724,"Sep 18, 2023",0, Male,Toronto,BASIC,Month-to-month,PayPal,20,USD 25.05,476.56,2,68.8,yes,6,74,user724@mail.net,+1-935-555-0128,,crm_export_v2,,,Retained
1369,CUST101544,20.05.20,200,Male,Dubai,Basic,Month-to-month,debit card,8,25.18,$209.13,2,19.2 GB,FALSE,9,39,user1544@yahoo.com,(383) 555 0140,complained about billing,crm_export_v2,,,0
1370,CUST101305,"Jan 10, 2023",49,nan,Berlin,Standard,Month-to-month,Auto-debit,20,47.22,N/A,1,165785 MB,True,4,38,user1305@mail.net,890.555.0168,,crm_export_v2,,no longer needed,Churned
1371,CUST100626,2021-01-10,32,Female,London,PREMIUM,null,Bank Transfer ,41,78.77, ,5,34.9 GB,N,6,79,user626@outlook.com,+1-313-555-0171,,crm_export_v2,,moved,TRUE
1372,CUST101666,2023/07/05,41,Male,London,Standard,Month-to-month,Debit Card,61,nan,2679.4,1,171.9,True,9,19,user1666@gmail.com,+1-458-555-0180,,crm_export_v2,,,No
1373,CUST100745,08/03/2021,49,male,London,Bsc,One year,Bank Transfer,27,19.85,$557.10,1,0.065 TB,Y,10,65,user745@outlook.com,5245550189,,crm_export_v2,,,N
1374,CUST101212,06/10/2021,36,m,London,Basic,Month-to-month,PayPal,37,25.13,901.99,3,N/A,Yes,3,-5,user1212@outlook.com,822.555.0135,,crm_export_v2,,moved,1
1375,CUST101746,2024/12/03,26,Other,Singapore,Basic,month-to-month,Bank Transfer,3.0,17.91,54.99,4,71.9,TRUE,6,75,user1746@example.org,(339) 555 0162,,crm_export_v2,,price,Y
1376,CUST100251,2021-12-17,25,Female,Paris,Standard,Month-to-month,Credit Card,14,40.45,571.98,1,75.5,y,5,63,user251@gmail.com,(370) 555 0141,,crm_export_v2,,no longer needed,1
1377,CUST101977,01-19-2021,39,male,CHICAGO ,standard,None,Bank Transfer,2,36.0,69.59,2,14.8,Y,3,85,user1977@@gmail,(904) 555 0176,,crm_export_v2,,price,Y
1378,CUST101422,13.07.22,40,Female,New Yrok,Premium,Month-to-month,Credit Card,72,80.68,5868.07,1,68.6,True,4,59, user1422@gmail.com ,4635550178,,crm_export_v2,,price,Churned
1379,CUST101100,2021-11-16,41,m,Mumbai,Standard,One year,Debit Card,12,$47.42,550.62,5,33.6,y,9,76,,(550) 555 0154,,crm_export_v2,,price,Y
1380,CUST100982,04-13-2022,67,Male,Paris,Basic,Month-to-month,Bank Transfer,61,N/A,"2,008.76",1,51.7,N,8,46,user982@outlook.com,941.555.0107,,crm_export_v2,,,FALSE
1381,CUST101921,03-21-2022,36,Female,sydney,Basic,One year,null,58,29.21,1669.2,3,147.2 GB,yes,10,40,user1921@outlook.com,952.555.0116,,crm_export_v2,,,no
1382,CUST100706,01-18-2019,47, Male,Sydney,Basic,One year,Bank Transfer,49,17.82,886.26,3,29.4,yes,8,74,user706@@gmail,(799) 555 0158,,crm_export_v2,,,no
1383,CUST100487,08/03/2022,60,MALE,Berlin,-,Two year,Credit Card,30,28.18,$857.95,1,113.8 GB,1,5,58,user487@outlook.com,6535550146,,crm_export_v2,,,No
1384,CUST100273,"Sep 30, 2024",58,Female,São Paulo,Basic,Month-to-month,Debit Card,52,36.94, ,1,109.4,0,10,35,user273@yahoo.com,+1-694-555-0105,,crm_export_v2,,,No
1385,CUST101628,04-30-2021,30,Male,Pariss,Premium,Two year,PayPal,27,$82.29,"2,294.56",3,111.4 GB,Y,7,48,user1628@example.org,+1-736-555-0164,,crm_export_v2,,,N
1386,CUST101807,2021-11-20,35,Male ,sao paulo,Basic,Month-to-month,nan,26,21.23,534.28,99,36249 MB,True,8,70,user1807@yahoo.com,976.555.0188,,crm_export_v2,,price,1
1387,CUST100963,04-21-2020,19,Male,Berlin,Premium,Two year,NA,-,$86.84,6176.23,0,100.0,0,8,20,user963@example.org,+1-350-555-0151,asked for discount,crm_export_v2,,,0
1388,CUST100877,2023-06-20,24,F,Berlin,Standard,One year,Auto-debit,6,$56.20,$346.40,2,73.3 GB,Y,10,66,user877@@gmail,5165550127,,crm_export_v2,,moved,Y
1389,CUST101866,09-01-2019,28,Male,Sydney,Standard,Month-to-month,Auto-debit ,63,41.35,"$2,706.18",4,87.6,Y,4,81,user1866@outlook.com,(772) 555 0141,,crm_export_v2,,poor service,yes
1390,CUST101966,2021/03/23,55,Female,Singapore,premium,One year,Debit Card,38.0,76.81,"$3,053.21",1,90828 MB,n,7,43,user1966@gmail.com,349.555.0132,,crm_export_v2,,,FALSE
1391,CUST100411,17.05.20,45,Female ,London,Standard,Month-to-month,debit card,58,41.28,2299.21,1,59.9,Yes,6,26,null,7845550157,,crm_export_v2,,,Retained
1392,CUST100667,00/00/0000,45,Female,Dubai,Premium ,Month-to-month,PayPal,46,USD 82.63,"$3,715.73",2,221593 MB,Y,10,missing,user667@gmail.com,2955550134,,crm_export_v2,,,FALSE
1393,CUST101262,2021/08/31,45,FEMALE,Paris,Basic,Two year,PayPal,59,null,1203.59,5,35.5 GB,yes,9,84,user1262@example.org,(994) 555 0119,,crm_export_v2,,competitor offer,TRUE
1394,CUST100149,08.05.19,56,None,Chicago,Basic,month-to-month,Debit Card,27,21.91$,$599.56,3,246.0,yes,10,28,user149@yahoo.com,541.555.0128,Recontact in Q3,crm_export_v2,,,0
1395,CUST100644,2023/08/14,,Male,Toronto,Standard,One year,Debit Card,35,$42.63,1528.05,3,47.0,yes,8,76,user644@example.org,+1-829-555-0136,duplicate account?,crm_export_v2,,,no
1396,CUST101739,23/03/2020,46,Male,Mumbai,STANDARD,ONE YEAR,Debit Card,21,46.12,$989.68,2,0.106 TB,TRUE,9,38,user1739@yahoo.com,+1-923-555-0132,,crm_export_v2,,,0
1397,CUST100218,"Sep 05, 2021",23,Male,Toronto,Basic,Two year,Bank Transfer,53,22.55,1253.44,8,59.7,True,missing,60,user218@mail.net,+1-231-555-0184,,crm_export_v2,,,0
1398,CUST100239,05.10.22,32,FEMALE,NEW YORK,Basic,Month-to-month,Debit Card,15,17.49, ,2,63.4,no,8,14,user239@yahoo.com,2645550188,,crm_export_v2,,,No
1399,CUST101131,2023-01-07,18,Male,singapore,Std,One year,Bank Transfer,62,39.82,NA,5,28.7,no,6,86,user1131@mail.net,453.555.0145,test,crm_export_v2,,,FALSE
1400,CUST101216,01-15-2022,0,male,New York,Standard,Month-to-month,PayPal,14,$44.38,632.03,1,63.9,TRUE,8,?,user1216@example.org,9605550187,,crm_export_v2,,,no
1401,CUST100792,"May 02, 2023",42,M,New Yrok,Prem,Two year,missing,13,75.06,1001.6,1,60.8,0,6,36,user792@mail.net,null,,crm_export_v2,,,N
1402,CUST100191,2022-10-12,18,Female,Toronto,Standard,One year,Auto-debit,18,USD 44.93,$804.75,2,147.2,True,7,14,user191@@gmail,3125550115,,crm_export_v2,,poor service,null
1403,CUST100333,12-23-2023,42,Male,Berlinn,Standard,Month-to-month,Bank Transfer,9,42.67,380.4,3,84.3,y,6,88,None,794.555.0153,,crm_export_v2,,price,nan
1404,CUST101811,"Nov 30, 2022",,Male,ZÜRICH,Standard,Two year,Bank Transfer,39.0,51.39,"1,931.56",4,27.5,Y,8,65,user1811@yahoo.com,(925) 555 0157,,crm_export_v2,,,Retained
1405,CUST101834,17/06/2021,54 yrs,Female,Singapur,Standard,Two year,Bank Transfer,25,40.33,1020.15,2,31.0,TRUE,3,83,user1834@gmail.com,(719) 555 0196,,crm_export_v2,,poor service,Yes
1406,CUST100962,14/01/2024,51,Male,São Paulo,Basic,Month-to-month,Bank Transfer ,36,14.61,544.18,1,45.6,yes,6,11,user962@mail.net,(734) 555 0107,,crm_export_v2,,,FALSE
1407,CUST100808,05-06-2021,45,Female ,Dubaii,Basic,One year,AUTO-DEBIT,64,26.54,1632.49,2,112.5,n,6,43,user808@mail.net,+1-374-555-0166,,crm_export_v2,,,FALSE
1408,CUST101429,2023-09-21,35,Male,PARIS,Premium,Two year,Credit Card,55,87.97,4707.63,1,0.088 TB,Y,6,30,user1429@outlook.com,678.555.0126,,crm_export_v2,,,FALSE
1409,cust101920,05-11-2021,43,Male,LONDON ,Standard,Month-to-month,Credit Card,28,57.8,1653.07,1,41.4,FALSE,6,47,user1920@example.org,2025550106,,crm_export_v2,,no longer needed,TRUE
1410,CUST101482,2020/09/27,52,Male,Zurich,Standard,Month-to-month,Bank Transfer,64,$46.77,3128.51,0,162.7 GB,1,5,NA,missing,2265550121,!!!,crm_export_v2,,no longer needed,1
1411,CUST101559,02-17-2024,40,Male,Singapore,Standard,Month-to-month,CREDIT CARD,36,44.54, ,6,50.5,yes,None,20,user1559@gmail.com,247.555.0115,,crm_export_v2,,,FALSE
1412,CUST101751,2024/04/27,55,Male,PARIS,Standard,Month to month,Bank Transfer,65,55.1,3593.27,1,49.2,N,3,35,user1751@yahoo.com,12345,,crm_export_v2,,competitor offer,Y
1413,CUST100582,2019/08/22,46,Male,Paris,Premium,One year,Bank Transfer,8,81.48,$631.97,2,67.1,n,8,3,user582@outlook.com,+1-425-555-0198,,crm_export_v2,,,FALSE
1414,CUST100872,07.09.19,29,FEMALE,São Paulo,Premium,Two year,debit card,50,USD 83.31, ,1,33.9 GB,1,7,15,user872@yahoo.com,+1-728-555-0142,,crm_export_v2,,,No
1415,CUST101555,2019/12/23,38,Male,Zürich,Basic,One year,Debit Card,68.0,24.9,1751.97,5,85401 MB,Y,3,18,user1555@@gmail,753.555.0151,##,crm_export_v2,,,no
1416,CUST100839,?,47 yrs,Other,Paris,Basic,Month-to-month,DEBIT CARD,54.0,13.48,724.84,0,0.050 TB,no,10,31,user839@outlook.com,(678) 555 0152,,crm_export_v2,,,0
1417,CUST100627,15/03/2021,46,F,São Paulo,Basic,Two year,Debit Card,31.0,16.11, ,0,26.4,1,4,31,user627@mail.net,(550) 555 0110,,crm_export_v2,,no longer needed,Yes
1418,CUST100323,06-29-2024,43,Female,Mumbai,Standard,TWO YEAR,Credit Card ,2,46.13,88.51,2,40.5,y,10,50,no-email,(459) 555 0169,,crm_export_v2,,,0
1419,CUST101779,2023/02/08,55,Male,NA,Standard,Two year,Debit Card ,14,60.76,841.71,1,91.4,TRUE,6,78,user1779@mail.net,(948) 555 0134,,crm_export_v2,,poor service,TRUE
1420,CUST101160,2022-06-30,34,Female,Chicago,Premium,Month-to-month,Credit Card,34,83.65,2736.07,1,30.9,y,99,39,user1160@yahoo.com,9555550136,,crm_export_v2,,,Retained
1421,CUST100778,08-16-2020,31,Male,paris,BASIC,Two year,Auto-debit,59.0,30.28,1697.74,0,84.9 GB,yes,5,85,user778@gmail.com,(763) 555 0137,,crm_export_v2,,,Retained
1422,CUST101076,"Apr 08, 2023",31,nan,Sydney,Standard,month-to-month,Debit Card,15,33.78,491.27,1,204.1,1,3,15,user1076@gmail.com,9135550138,,crm_export_v2,,,FALSE
1423,CUST100939,18.01.22,41,Male,Chicago,Standard,Month-to-month,Bank Transfer,64,nan,2426.86,2,19.6,y,7,NA,user939@example.org,(328) 555 0118,,crm_export_v2,,,No
1424,CUST100437,07-24-2024,33,Female ,Dubai,PREMIUM,Month-to-month,Debit Card,15,$82.53,1293.09,2,50.3,y,7,70,user437@example.org,5175550123,,crm_export_v2,,competitor offer,yes
1425,CUST100119,"Sep 08, 2019",23,Male,Paris,Standard,One year,nan,4,57.1,218.1,0,71577 MB,1,6,69,user119@mail.net,764.555.0128,,crm_export_v2,,,0
1426,CUST101470,"May 20, 2024",45,Male,Dubai,Std,One year,Debit Card,53,$52.83,"$2,929.49",one,53964 MB,1,None,23,user1470@yahoo.com,+1-640-555-0194,,crm_export_v2,,,No
1427,CUST101693,05-15-2021,28,Female,Berlin,STANDARD,One year,Auto-debit,60,47.6,2854.54,0,33.0,Y,8,44,user1693@gmail.com,+1-692-555-0128,,crm_export_v2,,price,yes
1428,CUST101931,2021-11-21,30,Male,Mumbai,STANDARD,month-to-month,Auto-debit,38,45.22,1663.55,3,N/A,False,4,19,user1931@example.org,(340) 555 0106,,crm_export_v2,,competitor offer,yes
1429,CUST101026,20/06/2019,54,female,Dubai,Basic,Two year,?,29,25.37,737.96,3,152.2 GB,1,7,53,user1026@gmail.com,8245550170,,crm_export_v2,,,No
1430,CUST101253,05/10/2023,42,Other,new york,Std,Month-to-month,Bank Transfer,31,45.81, ,five,41.4,False,5,0,user1253@yahoo.com,(559) 555 0133,,crm_export_v2,,no longer needed,Y
1431,CUST101491,08/12/2021,18,FEMALE,PARIS,Std,Month-to-month,PayPal,4,51.87,198.69,0,136.5 GB,Y,8,22,user1491@outlook.com,(789) 555 0112,,crm_export_v2,,,no
1432,CUST101380,2024/11/17,32,female,dubai,Premium,One year,Bank Transfer,55,86.57,"$4,609.07",0,missing,None,7,89,user1380@example.org,+1-950-555-0189,,crm_export_v2,,,0
1433,CUST100076,12-24-2020,42,Male ,Paris,Bsc,Month-to-month,Debit Card,30,$22.84,676.09,2,83.9,y,6,16,user76@example.org,350.555.0180,,crm_export_v2,,price,Yes
1434,CUST101053,29/09/2024,41,MALE,Sydney,Basic,Month-to-month,PayPal,40,27.96,1067.66,2,81.3 GB,y,4,70,None,645.555.0123,,crm_export_v2,,competitor offer,yes
1435,CUST100900,10/01/2019,50, Male,NA,Standard,Two year,Auto-debit,null,$48.43,"2,806.47",2,100.5 GB,y,None,84,USER900@EXAMPLE.ORG,NA,,crm_export_v2,,,FALSE
1436,CUST100371,20.12.22,76,Female,London,Premium,Month-to-month,Auto-debit,27,80.5,2209.6,1,57.8,TRUE,1,44,user371@yahoo.com,896.555.0100,,crm_export_v2,,price,yes
1437,CUST100375,2019/07/26,47,Female,London,Basic,One year,bank transfer,6,20.62,127.03,6,112.4 GB,Y,9,58,user375@gmail.com,551.555.0131,,crm_export_v2,,,No
1438,CUST101563,"Jul 05, 2024",56,MALE,Toronto,Standard,One year,Bank Transfer,47,44.42,"$2,161.81",0,47820 MB,N,8,63,user1563@mail.net,(709) 555 0116,,crm_export_v2,,,0
1439,CUST100949,31.08.20,33,m,sao paulo,Basic,One year,Bank Transfer,23,$21.46,488.23,-,89.9 GB,Yes,3,41,user949@example.org,477.555.0162,,crm_export_v2,,no longer needed,yes
1440,CUST100941,03/06/2021,35,Male,Sydney,Premium,Month-to-month,Bank Transfer,22,$80.78,1845.6,1,31.8,True,5,38,user941@outlook.com,9985550106,,crm_export_v2,,,Retained
1441,CUST100577,02-21-2022,59,Female,New York,Standard,One year,PayPal,62,46.84,2774.9,3,0.008 TB,yes,8,83,user577@yahoo.com,(800) 555 0170,,crm_export_v2,,poor service,TRUE
1442,CUST100819,2024-12-28,55,female,Paris,BASIC,Month-to-month,PayPal,21,12.79,$266.45,3,42.7,True,5,37,user819@gmail.com,930.555.0139,,crm_export_v2,,poor service,yes
1443,CUST101590,31/05/2023,52,Female,Sidney,Basic,One year,Credit Card,4,12.45,$50.96,?,68.8,N,5,2,user1590@example.org,3665550152,,crm_export_v2,,,no
1444,CUST101890,2020/02/10,43,Male ,,Basic ,Two year,Credit Card,49,17.82,915.08,0,0.017 TB,yes,7,60,user1890@outlook.com,6225550139,,crm_export_v2,,,FALSE
1445,CUST101877,2024-05-16,32,Male,Paris,Standard,Two year,PayPal,24,51.85,1251.74,1,17.8 GB,Yes,9,62,user1877@outlook.com,(249) 555 0104,,crm_export_v2,,,No
1446,CUST101764,06-14-2022,24,Female,Chicago,Basic,Month-to-month,Bank Transfer,46,25.12, ,2,25.0,Y,3,57,user1764@mail.net,+1-261-555-0161,Recontact in Q3,crm_export_v2,,,No
1447,CUST100886,04-27-2019,50,Female,Singapore,Standard,One year,Bank Transfer,999,43.42,2225.21,0,0.026 TB,y,6,39,N/A,null,asked for discount,crm_export_v2,,,no
1448,CUST100968,2024/07/08,62,Male ,São Paulo,Std,Month-to-month,PayPal,41,$55.33,"2,340.80",3,64.3,TRUE,5,33,user968@mail.net,+1-607-555-0169,,crm_export_v2,,price,TRUE
1449,CUST101729,2019-08-18,47,Male ,New York,standard,Month-to-month,Credit Card,69,missing,2540.98,4,-10,N,2,10,user1729@example.org,+1-557-555-0135,,crm_export_v2,,moved,yes
1450,CUST100785,12/07/2022,32,Female ,Dubai,Standard,Month-to-month,Bank Transfer,12,44.81,533.31,1,104.4,True,?,20,user785@gmail.com,-,##,crm_export_v2,,,no
1451,CUST101671,26.05.22,50,Male,São Paulo,basic,One year,PayPal,3,28.16,$82.78,3,90.1,FALSE,6,81,user1671@yahoo.com,413.555.0197,,crm_export_v2,,no longer needed,yes
1452,CUST101819,10-07-2020,41,Male,New York,Basic ,Month-to-month,Auto-debit,14,missing, ,1,12390 MB,True,10,53, user1819@mail.net ,3895550146,,crm_export_v2,,,0
1453,CUST101827,26.11.24,55,Male,null,Basic,Month-to-month,paypal,38,28.22,"1,106.25",1,8.3,yes,5,43,user1827@outlook.com,+1-533-555-0194,,crm_export_v2,,no longer needed,Churned
1454,CUST100301,"Dec 15, 2023",49,female,Chicago,Standard,two year,CREDIT CARD,29,4538.0,1339.78,0,66.6 GB,True,4,33,user301@example.org,+1-343-555-0122,,crm_export_v2,,competitor offer,yes
1455,CUST100689,10/09/2023,46,Female,Dubai,Standard,Month-to-month,Credit Card,21,$49.11,1074.42,3,30.0 GB,y,4,31,user689@yahoo.com,+1-772-555-0182,,crm_export_v2,,no longer needed,1
1456,CUST100812,02-08-2023,60,Female,SYDNEY,Standard,One year,PayPal,5,36.35,$179.98,4,16588 MB,1,6,61,user812@gmail.com,+1-991-555-0124,,crm_export_v2,,,FALSE
1457,CUST101061,14/02/2023,44,FEMALE,Berlin,Standard,Month-to-month,PAYPAL,32,47.35,1444.77,2,33.1,TRUE,8,49,no-email,445.555.0107,,crm_export_v2,,,No
1458,CUST101377,2023/07/05,52,Female,CHICAGO ,BASIC,Month-to-month,Credit Card ,23,23.69,$565.63,NA,70.6 GB,y,7,6,user1377@outlook.com,(424) 555 0163,,crm_export_v2,,,0
1459,CUST100236,2022-12-23,40,Female,São Paulo,Basic,Month-to-month,credit card,54,19.13,"1,047.06",3,68.8 GB,Yes,7,33,user236@mail.net,829.555.0129,,crm_export_v2,,moved,Churned
1460,CUST101115,"Dec 09, 2021",26,Male,Sao Paulo,Standard,Month-to-month,BANK TRANSFER,65,36.0,2273.92,1,107.2 GB,Yes,5,49,user1115@gmail.com,(860) 555 0158,,crm_export_v2,,,0
1461,CUST101466,23/10/2022,42,Male,São Paulo,Standard,One year,PayPal,49,$35.96,1775.3,2,32051 MB,no,7,54,user1466@example.org,+1-265-555-0100,,crm_export_v2,,,no
1462,CUST100499,2021/07/21,24,Female,berlin,STANDARD,one year,Credit Card,63,47.11,3010.81,2,55.3,1,N/A,76,USER499@GMAIL.COM,+1-687-555-0132,,crm_export_v2,,,Retained
1463,CUST101793,"Sep 01, 2020",32,Female,Berlin,Premium,Month-to-month,Bank Transfer,43,77.54,3263.62,2,null,TRUE,8,34,user1793@example.org,550.555.0119,,crm_export_v2,,,FALSE
1464,CUST101079,06.01.24,50,F,TORONTO,Premium,Month to month,Auto-debit,59,84.15$,4770.41,1,76.3,True,9,43,user1079@gmail.com,+1-503-555-0110,,crm_export_v2,,,N
1465,CUST101326,2023/01/27,35,Female,Zürich,Standard,Month-to-month,Debit Card,30,58.63,NA,3,241.0,yes,8,46,user1326@outlook.com,(323) 555 0180,,crm_export_v2,,poor service,Yes
1466,CUST100794,2021-08-02,31,Female,Dubai,Standard,Two year,?,36,42.98,"1,486.41",6,112.8,True,7,51,user794@outlook.com,(667) 555 0142,,crm_export_v2,,moved,Yes
1467,CUST101135,2019-05-08,32,Female,Chicago,Standard,Month-to-month,Auto-debit ,19,56.49,"$1,077.82",1,78643 MB,0,9,8,user1135@@gmail,423.555.0126,,crm_export_v2,,,Retained
1468,CUST101961,2024/12/05,23,MALE,New Yrok,Basic,Month-to-month,PayPal,4.0,$17.04,$69.65,3,47.7,TRUE,6,43,user1961@example.org,3295550156,,crm_export_v2,,moved,Y
1469,cust101266,05-01-2019,62,F,SIDNEY,Standard,month-to-month,Credit Card,24,40.08,952.38,3,21299 MB,TRUE,N/A,32,user1266@example.org,(412) 555 0149,,crm_export_v2,,,Retained
1470,CUST100990,2021/01/20,25,NA,Zürich,standard,null,Credit Card ,38,43.01, ,2,47.4,TRUE,10,74,user990@example.org,(570) 555 0103,,crm_export_v2,,no longer needed,1
1471,CUST101705,2024/02/25,35, Male,London,Standard,Month-to-month,Auto-debit,8,38.87,307.55,4,60006 MB,y,5,5,user1705@gmail.com,8975550142,,crm_export_v2,,competitor offer,yes
1472,CUST100934,2021/08/27,55,Male ,São Paulo,Standard,Month-to-month,Auto-debit,72,50.55,3701.42,0,58.0,Y,9,0,user934@outlook.com,(850) 555 0109,,crm_export_v2,,,no
1473,CUST100387,2023-12-26,66,Female,Berlin,Standard,One year,Credit Card,49,45.72,2229.18,1,94.9,y,7,49,user387@example.org,(372) 555 0115,,crm_export_v2,,,N
1474,CUST101591,01-28-2021,60,Female,Zürich,Premium ,Month-to-month,Bank Transfer,10,80.01,$812.08,2,116.6,n,8,37,user1591@mail.net,731.555.0198,,crm_export_v2,,,FALSE
1475,CUST100390,24.06.23,34,Female,Paris,NA,One year,PayPal,18,11.61,208.35,3,9011 MB,FALSE,5,35,N/A,(413) 555 0175,,crm_export_v2,,,no
1476,CUST100743,15/08/2020,33,Female,SYDNEY,Basic,Two year,Bank Transfer,49,USD 17.85,$907.28,1,87.6 GB,Y,7,51,user743@yahoo.com,+1-224-555-0177,,crm_export_v2,,,0
1477,CUST100352,16/10/2020,56,Female,Chicago,Basic,One year,PayPal,60,12.88,784.0,1,119.3 GB,yes,8,74,nan,(946) 555 0176,VIP???,crm_export_v2,,price,1
1478,CUST101217,05-23-2023,18,Male,SYDNEY,premium,One year,Auto-debit,44,$72.94,3176.87,3,33.6 GB,TRUE,9,2,user1217@gmail.com,209.555.0103,,crm_export_v2,,,no
1479,CUST100235,25/04/2023,46,Female,Mumbai,Standard,Month-to-month,Credit Card,17,43.19, ,3,176.0,Y,5,21,user235@example.org,517.555.0121,,crm_export_v2,,moved,Yes
1480,CUST101976,08-02-2024,37,Female,?,Standard ,Month-to-month,Auto-debit,58,45.51,N/A,3,74137 MB,False,5,47,user1976@gmail.com,735.555.0111,,crm_export_v2,,,No
1481,CUST100480,22.09.20,61,Female,Paris,Standard,missing,Debit Card,65,41.89, ,3,75.2,TRUE,7,78,user480@outlook.com,+1-664-555-0152,,crm_export_v2,,,N
1482,CUST100567,2020-06-30,67,Female,sydney,BASIC,MONTH-TO-MONTH,Auto-debit,50,$28.56,None,1,37.2 GB,N,6,56,user567@outlook.com,419.555.0130,,crm_export_v2,,,No
1483,CUST101140,13.04.24,27,Female,MUMBAI ,nan,Two year,Bank Transfer,57,$16.70,977.74,6,42.2,Y,10,12,user1140@yahoo.com,8755550179,,crm_export_v2,,,No
1484,CUST101820,15/11/2020,40,Female,Mumbai,Standard ,Month-to-month,Debit Card,28,42.2,"$1,173.08",1,21.1,y,4,50,user1820@mail.net,+1-902-555-0153,,crm_export_v2,,competitor offer,Y
1485,CUST100275,"Nov 22, 2021",63,Female,CHICAGO ,Basic,Two year,Auto-debit,58,$16.83,952.63,2,77.0,TRUE,4,49,user275@mail.net,756.555.0130,!!!,crm_export_v2,,,No
1486,CUST101619,"Dec 11, 2024",42,Male,Mumbai,Basic,Two year,Debit Card,33,$23.24,$752.20,2,28.0,False,7/10,50,user1619@outlook.com,418.555.0108,,crm_export_v2,,,no
1487,CUST101697,24/11/2019,36,Male,paris,Basic,Two year,AUTO-DEBIT,69,15.51,1123.64,2,124.3,Y,8,88,?,(385) 555 0197,,crm_export_v2,,,N
1488,CUST100120,N/A,21,Male,New York,Basic,Two year,Debit Card,67,25.24,1644.24,3,68.0,yes,8,39,user120@mail.net,9515550135,,crm_export_v2,,,FALSE
1489,CUST101388,"May 05, 2024",18,Male,Toronto,standard,Month-to-month,Credit Card,9,49.26,$456.67,0,61.2,yes,7,23,?,+1-861-555-0162,,crm_export_v2,,,N
1490,CUST101871,28.03.20,57,FEMALE,Sydney,Standard,Month-to-month,PayPal,56,44.8,"$2,572.26",4,190.9 GB,1,7,55,user1871@outlook.com,000-000-0000,,crm_export_v2,,no longer needed,1
1491,CUST101024,2023/12/05,48,Female,Zürich,Standard,Two year,Credit Card,47,49.06,2401.01,1,50.8,Y,9,9999,user1024@yahoo.com,+1-730-555-0147,,crm_export_v2,,,no
1492,CUST101086,2023/10/22,78,Female,Berlinn,Basic,Two year,Credit Card,3,12.95,40.38,3,63.2,None,8,78,user1086@gmail.com,NA,,crm_export_v2,,moved,1
1493,CUST101272,2024/08/02,37,Male,Singapore,Standard,Two year,Bank Transfer,12,$39.09,468.02,3,63.7,Y,8/10,22,user1272@yahoo.com,NA,,crm_export_v2,,,0
1494,CUST101477,13.05.21,52,female,Singapore,Basic ,month-to-month,PayPal,47,22.31,"1,071.77",3,40243 MB,y,6,33,user1477@outlook.com,5095550115,,crm_export_v2,,,No
1495,CUST100926,03-31-2022,18,male,N/A,Basic,Month-to-month,Auto-debit,20,28.11,584.33,2,205516 MB,Y,6,40,USER926@OUTLOOK.COM,+1-673-555-0103,,crm_export_v2,,competitor offer,Y
1496,CUST100515,08-19-2019,42,Female,chicago,Premium ,one year,Auto-debit,12,80.59,"1,004.59",null,90.2,True,6,22,user515@@gmail,(557) 555 0191,,crm_export_v2,,,FALSE
1497,CUST100223,19/03/2020,61,FEMALE,Chicago,STANDARD,One year,Credit Card,9,USD 49.52,459.46,2,30.6,1,6,19,NA,(300) 555 0150,,crm_export_v2,,,Retained
1498,CUST101599,31.03.23,None,Female,Singapore,Basic,One year,Debit Card,20,10.0,195.1,1,93.2,True,4,62,user1599@@gmail,(677) 555 0167,,crm_export_v2,,,N
1499,CUST100613,23.04.21,56,Male,New York,Premium,Month-to-month,Auto-debit,14,78.11,1103.22,4,24.4,1,8,15,user613@example.org,+1-312-555-0168,n/a,crm_export_v2,,poor service,1
1500,CUST100843,"Mar 21, 2019",18,Male,Berlin,Standard,Month-to-month,NA,17,40.1$,704.23,2,8.2 GB,y,7,47,user843@gmail.com,(311) 555 0144,,crm_export_v2,,,FALSE
1501,CUST101245,11-28-2024,58,male,Dubai,Standard,Two year,null,48,48.28$,2255.29,4,55.2 GB,Yes,6,67,user1245@gmail.com,(578) 555 0156,,crm_export_v2,,no longer needed,Churned
1502,CUST101489,2022/01/17,54,Female,LONDON ,Basic,Month-to-month,PayPal,69,$20.08,1396.89,1,78.8 GB,yes,8,59,no-email,6105550180,,crm_export_v2,,,N
1503,CUST100052,2021-03-07,49,Male ,ZÜRICH,Basic,Month-to-month,Credit Card,20.0,USD 21.26,?,None,62873 MB,yes,8,69,user52@yahoo.com,+1-626-555-0139,,crm_export_v2,,,N
1504,CUST101315,2020/10/16,55,Male,Singapore,Basic,One year,Credit Card,15,25.51,$384.84,1,121.6 GB,y,4,28,user1315@example.org,323.555.0114,,crm_export_v2,,,Retained
1505,CUST100485,24/05/2020,40,Female,ZÜRICH,Premium,One year,PayPal,10,$83.22,-,2,61.8 GB,yes,10,72,user485@outlook.com,454.555.0115,,crm_export_v2,,,no
1506,CUST101402,18.10.20,51,MALE,Chicago,Basic,One year,Debit Card,1,26.6,25.43,2,101.5 GB,Yes,10,87, user1402@mail.net ,(785) 555 0104,,crm_export_v2,,,0
1507,CUST100818,28/12/2022,57, Male,Toronto,Standard,One year,Auto-debit,30.0,$46.54,"1,340.77",2,5000,TRUE,10,7,user818@mail.net,+1-477-555-0194,,crm_export_v2,,,N
1508,CUST101775,2019/10/15,30,Female ,Zürich,Basic,Month-to-month,N/A,53,16.91,910.0,2,35.1,1,1,None,user1775@gmail.com,9715550151,,crm_export_v2,,,0
1509,CUST100155,20.12.22,31,Male,Dubai,Premium,One year,Debit Card,8,78.46,616.94,1,71.7,False,4,24,user155@example.org,473.555.0195,,crm_export_v2,,price,TRUE
1510,CUST101366,2020/10/22,NA,Female ,LONDON ,NA,One year,Credit Card,13,null,314.3,3,151.7 GB,True,4,71,user1366@example.org,2885550155,,crm_export_v2,,,0
1511,CUST100600,09-11-2022,43,m,Toronto,basic,Month-to-month,Bank Transfer,41,17.23,732.73,2,43622 MB,1,7,78,user600@example.org,None,,crm_export_v2,,,N
1512,CUST101737,"Aug 07, 2019",44, Male,Dubai,Basic,One year,paypal,21,USD 19.85,$414.10,3,14028 MB,y,9,10,user1737@gmail.com,4815550111,,crm_export_v2,,,No
1513,CUST100248,2023-09-20,23,Male,New Yrok,Basic,Month-to-month,Auto-debit,23,$12.56,NA,2,28.0,1,8,31,user248@mail.net,+1-797-555-0113,,crm_export_v2,,,Retained
1514,CUST100761,missing,42,Female,mumbai,Standard,Month-to-month,Auto-debit,54,$49.87,2719.26,0,81.7,TRUE,6,3,user761@example.org,460.555.0192,,crm_export_v2,,no longer needed,Churned
1515,CUST101465,2019-09-02,28,Male,sao paulo,Standard,One year,PayPal ,55,43.17,2417.28,3,33.0 GB,Yes,2,36,user1465@gmail.com,(598) 555 0104,,crm_export_v2,,,Retained
1516,CUST101987,04-09-2020,18,Female ,Paris,Premium,Month-to-month,PayPal,25,84.03,"$2,011.28",4,98.1,Yes,8,85,user1987@example.org,5425550180,,crm_export_v2,,competitor offer,Y
1517,CUST101130,"Jun 09, 2021",31,Male,Paris,STANDARD,Month-to-month,Debit Card,12,,,4,0.071 TB,no,6,27,user1130@yahoo.com,(977) 555 0148,,crm_export_v2,,competitor offer,yes
1518,CUST100542,2020-03-02,43,Male,New York,STANDARD,Month-to-month,Credit Card,-,40.7,1398.64,4,53.3,yes,6,31,NA,+1-246-555-0144,,crm_export_v2,,price,TRUE
1519,CUST100793,2023/12/13,26,Female,Mumbai,Standard,Month-to-month,Bank Transfer,3,38.26,110.02,2,30720 MB,No,5,58,user793@mail.net,8995550118,,crm_export_v2,,,0
1520,CUST101141,"Jan 11, 2021",31,f,Singapore,basic,Month-to-month,Credit Card,8,19.42,$157.77,0,0.054 TB,y,6,58,,7955550185,,crm_export_v2,,moved,yes
1521,CUST101577,"Oct 17, 2023",40,Female,Berlin,Std,N/A,PayPal,48,,"$2,514.50",0,40.5,y,7,82,user1577@outlook.com,+1-928-555-0115,,crm_export_v2,,,N
1522,CUST100628,"Jan 11, 2022",47,Female,DUBAI,PREMIUM,Two year,Debit Card,23,81.01,"1,908.23",2,53555 MB,N,8,68,user628@@gmail,851.555.0114,,crm_export_v2,,,N
1523,CUST100150,2024-02-17,36,Male,Sydney,Standard,Two year,Debit Card,7,$44.42, ,5,97.0,yes,9,28,no-email,583.555.0167,,crm_export_v2,,,0
1524,CUST101778,05.11.20,56,Female,Toronto,BASIC,Month-to-month,BANK TRANSFER,64,19.49,1191.19,1,46.4,y,7,69,user1778@yahoo.com,7405550126,,crm_export_v2,,,FALSE
1525,CUST100291,07/08/2020,NA,male,São Paulo,PREMIUM,One year,Auto-debit,17,79.66,1361.52,4,32358 MB,TRUE,7,6,user291@yahoo.com,936.555.0190,,crm_export_v2,,,0
1526,CUST100381,13/08/2024,-53,-,Mumbai,Standard,two year,Bank Transfer,18.0,40.26,$712.10,3,77.4,y,10,10,user381@outlook.com,7425550100,,crm_export_v2,,no longer needed,TRUE
1527,CUST100686,2021-06-09,36,Female ,London,basic,Month-to-month,Auto-debit,10,nan,$110.72,N/A,38.6,y,8,64,user686@@gmail,(447) 555 0135,,crm_export_v2,,price,Yes
1528,CUST101367,"Sep 19, 2021",35,M,London,Basic,Month-to-month,Credit Card,42,22.48,970.34,7,81817 MB,False,3,57,user1367@example.org,352.555.0134,,crm_export_v2,,competitor offer,Y
1529,CUST101224,2021/07/01,29,NA,Dubaii,Basic ,Month-to-month,paypal,29,14.55, ,2,29.3,y,5,45,user1224@example.org,+1-814-555-0193,,crm_export_v2,,,FALSE
1530,CUST100897,"Apr 30, 2019",45,Female,Sydney,Standard,Month-to-month,Bank Transfer,51,38.16,"$2,016.47",1,305.5,Yes,nan,37,user897@example.org,7995550131,,crm_export_v2,,,0
1531,CUST101885,29.01.20,59,Male,Sydney,standard,Month-to-month,Debit Card,34,$40.87,1394.64,4,119.6 GB,yes,6,77,user1885@example.org,4545550195,,crm_export_v2,,moved,yes
1532,CUST100854,22.09.20,51,m,New York,Standard,Month-to-month,Credit Card,63,USD 38.81,2366.38,0,18.2,null,6,53,user854@example.org,425.555.0127,,crm_export_v2,,price,Y
1533,CUST101071,2020-04-02,28,F,London,Standard ,Month-to-month,PayPal,60,49.71,2868.73,2,88.0 GB,True,6,86,?,(560) 555 0153,,crm_export_v2,,,no
1534,CUST100554,2024/11/25,18,Male ,Paris,standard,One year,Bank Transfer,69,42.64, ,3,23.0,Yes,8,16,user554@gmail.com,4615550144,,crm_export_v2,,,0
1535,CUST100729,11.12.22,35,Male,NEW YORK,Basic,Month-to-month,Auto-debit,71,21.88,1556.76,0,79564 MB,True,7,71, user729@gmail.com ,null,,crm_export_v2,,no longer needed,TRUE
1536,CUST101828,06.09.22,50,None,Dubai,Standard,Two year,Debit Card,37,nan,"$1,379.14",0,73.8,Yes,7,,user1828@example.org,3395550183,,crm_export_v2,,,Retained
1537,CUST101529,05.07.24,39,Male,Sydney,Basic,One year,Auto-debit,21,$22.67,462.2,1,35225 MB,Yes,9,72,no-email,+1-770-555-0198,,crm_export_v2,,,No
1538,CUST100891,2023-04-04,46,f,New York,Basic,One year,Auto-debit,45,$18.05,$773.72,2,68.1,True,9,59,user891@outlook.com,6695550130,,crm_export_v2,,,no
1539,CUST101902,"Apr 26, 2023",48,Femail,Singapore,Basic,Month-to-month,Debit Card,21,$13.76,302.47,3,100.8 GB,n,9,36,user1902@yahoo.com,210.555.0119,,crm_export_v2,,moved,Yes
1540,CUST100535,"Dec 03, 2019",58,Female ,ZÜRICH,standard,One year,Bank Transfer,70,-20,4117.19,3,79.3 GB,y,7,46,user535@outlook.com,(251) 555 0193,,crm_export_v2,,,No
1541,CUST101364,2022-04-30,21,female,Berlin,Standard,One year,Bank Transfer,34,39.88,"$1,303.70",1,99.7,Y,7,24,user1364@example.org,6725550196,,crm_export_v2,,,0
1542,CUST100615,2022/11/01,48,MALE,Chicago,STANDARD,Month-to-month,Credit Card,24,49.47,"$1,151.57",0,62.4 GB,No,8,47,user615@outlook.com,+1-324-555-0133,,crm_export_v2,,moved,Churned
1543,CUST100154,"Aug 09, 2021",41,M,Dubai,Standard,TWO YEAR,Auto-debit,49,43.56,2078.27,1,96.7,1,10,8, user154@yahoo.com ,602.555.0105,,crm_export_v2,,,No
1544,CUST101193,20/03/2023,34,Female,Berlin,Basic,One year,debit card,38,21.98,NA,2,108441 MB,TRUE,9,59,user1193@yahoo.com,+1-776-555-0111,Recontact in Q3,crm_export_v2,,,0
1545,CUST101616,06/10/2023,45,FEMALE,São Paulo,Bsc,Two year,Bank Transfer,46,14.95,660.23,6,116.3 GB,0,-,48,None,(493) 555 0145,,crm_export_v2,,,0
1546,CUST101855,2024/02/09,50,Male,Bombay,Standard,One year,Auto-debit,55,46.19,2472.78,2,34.2 GB,y,8,9,user1855@gmail.com,?,,crm_export_v2,,,No
1547,cust101762,23/01/2019,25,Male,SÃO PAULO,Premium,Month-to-month,Auto-debit,40,8275.0,3230.56,2,null,N/A,6,21,user1762@outlook.com,None,,crm_export_v2,,,N
1548,CUST101929,2024/09/16,54,Male,dubai,Basic,Month to month,Auto-debit,45,22.75,1044.97,2,-,Y,8,31,user1929@mail.net,901.555.0165,,crm_export_v2,,,no
1549,CUST100322,"Sep 08, 2022",nan,Male,Zürich,Prem,Month-to-month,Debit Card,4,88.44,336.12,2,39.8,True,5,18,user322@yahoo.com,NA,,crm_export_v2,,poor service,1
1550,CUST101678,17.07.24,39,Female,New York,Basic,One year,Bank Transfer,45,16.51,769.32,2,66867 MB,Y,8,64,user1678@@gmail,8095550109,,crm_export_v2,,,0
1551,CUST101282,11/05/2021,56,female,singapore,Premium,Month-to-month,Credit Card,28,69.65,1863.2,3,33.5,TRUE,7,58,no-email,(537) 555 0137,,crm_export_v2,,poor service,Y
1552,CUST100082,12-18-2019,47,Femail,?,Basic,MONTH-TO-MONTH,debit card,63,10.34,$636.12,2,60.6,Y,8,0,user82@yahoo.com,+1-821-555-0143,VIP???,crm_export_v2,,,No
1553,CUST100512,2024/01/16,63,Other,São Paulo,Standard,One year,None,20,43.27,$897.37,2,59.3,yes,4,?,user512@yahoo.com,2895550116,,crm_export_v2,,price,Y
1554,CUST101488,2019-09-01,42,Female,Chicago,Basic,Month-to-month,-,2,None,29.82,1,missing,1,5,36,user1488@gmail.com,+1-989-555-0174,,crm_export_v2,,,FALSE
1555,CUST101654,"Dec 09, 2019",32,Female,Toronto,Basic,month-to-month,Auto-debit,2,19.69,39.81,0,92262 MB,1,9,22,user1654@example.org,+1-878-555-0197,,crm_export_v2,,,no
1556,CUST101608,2020-06-01,-46,Male,New York,Std,Month-to-month,Auto-debit,56,45.97,2449.94,3,243.9 GB,1,6,64,USER1608@YAHOO.COM,+1-520-555-0126,,crm_export_v2,,poor service,Churned
1557,CUST100929,06-19-2022,21,Male,Toronto,Basic,Month-to-month,Bank Transfer,29,20.17,$557.53,0,113.9,Yes,5,11,user929@outlook.com,4135550132,,crm_export_v2,,moved,Churned
1558,CUST101769,2020/03/06,29,Female,Toronto,Basic,Month-to-month,credit card,32,29.6,966.35,3,-,0,5,4,?,5725550176,,crm_export_v2,,price,Churned
1559,CUST101357,2019/10/22,18,Female,Zürich,Basic,One year,Credit Card,26,25.2,656.26,1,?,1,4,None,no-email,(335) 555 0196,,crm_export_v2,,,?
1560,CUST100010,2022/02/26,36,Female,London,Basic,Month-to-month,Auto-debit,35,16.06,$563.73,99,29.8,NA,6,70,user10@gmail.com,+1-488-555-0113,,crm_export_v2,,,Retained
1561,CUST101494,17/06/2021,24,Female,berlin,Basic,Month-to-month,PayPal,69,19.2,1272.91,-,76.2,no,6,31,user1494@yahoo.com,+1-207-555-0168,!!!,crm_export_v2,,,no
1562,CUST100831,2020-06-11,34,Female,New York,Standard,Month-to-month,PayPal,61.0,?,3598.99,2,61.3,0,3,24,user831@yahoo.com,(334) 555 0122,,crm_export_v2,,moved,1
1563,CUST100032,"Jul 21, 2019",52,Male,Chicago,Basic,Month-to-month,Bank Transfer,None,10.0,48.91,1,94.4,True,7,49,user32@mail.net,8215550122,,crm_export_v2,,,FALSE
1564,CUST101979,06/10/2023,,M,Chicago,BASIC,Two year,Debit Card,48,27.51,1291.62,two,118.0,Y,6,missing,user1979@example.org,(435) 555 0197,,crm_export_v2,,,0
1565,CUST100413,2019/10/16,57,Male,Toronto,Standard,Month-to-month,Credit Card,6,46.41,$278.13,2,139468 MB,True,5,27,user413@outlook.com,missing,,crm_export_v2,,no longer needed,TRUE
1566,CUST100580,24/07/2019,31,FEMALE,Singapur,Basic ,One year,PAYPAL,14,$24.58,$334.38,2,116.3,Y,9,10,user580@yahoo.com,(299) 555 0150,,crm_export_v2,,,Retained
1567,CUST101406,01-29-2021,62.0,Male,New York,Premium,Two year,CREDIT CARD,64,$75.77,4933.07,1,103.4 GB,TRUE,5,82,user1406@mail.net,N/A,duplicate account?,crm_export_v2,,,N
1568,CUST101681,2019/01/28,45, Male,Mumbai,Standard,Month-to-month,None,28,34.56,1012.06,1,180.1,TRUE,2,53,user1681@gmail.com,821.555.0101,,crm_export_v2,,competitor offer,Churned
1569,CUST101614,"May 12, 2019",54,Male,São Paulo,Standard,Month-to-month,Credit Card,68,$53.31,"3,743.88",3,?,Yes,6,74,user1614@gmail.com,+1-469-555-0128,,crm_export_v2,,,no
1570,CUST100107,27/12/2022,29,O,Paris,Basic,Month-to-month,?,63,22.35,1364.43,5,37.5 GB,Yes,6,35,user107@yahoo.com,329.555.0184,##,crm_export_v2,,,FALSE
1571,CUST100614,2023/02/11,39,f,São paulo,Basic,One year,Bank Transfer,4,13.45,51.2,2,143.7,Y,8,70,user614@mail.net,589.555.0186,,crm_export_v2,,,Retained
1572,CUST101045,"Dec 03, 2019",50,M,Torontoo,Premium,Month-to-month,Credit Card,70,USD 98.16,"$6,913.64",2,75980 MB,1,6,69,user1045@mail.net,836.555.0123,##,crm_export_v2,,no longer needed,Churned
1573,CUST101402,18.10.20,51,MALE,Chicago,Basic,One year,Debit Card,1,26.6,25.43,2,101.5 GB,Yes,10,87, user1402@mail.net ,(785) 555 0104,,crm_export_v2,,,0
1574,CUST101014,NA,34,Female ,New York,basic,Month-to-month,Auto-debit,25,21.67,515.99,1,172.6,1,10,67,user1014@gmail.com,830.555.0192,,crm_export_v2,,poor service,Churned
1575,CUST100089,2023-12-28,43,nan,Zürich,Basic,?,Bank Transfer,55,28.71,1572.89,3,16281 MB,1,5,6,user89@mail.net,590.555.0144,,crm_export_v2,,,FALSE
1576,CUST101842,24/11/2023,23,Female ,dubai,Std,two year,Credit Card,41,42.59,"$1,745.66",2,81.0 GB,1,4,75,user1842@example.org,5385550146,,crm_export_v2,,,no
1577,CUST100601,"Sep 03, 2023",50,Female,Dubai,Basic ,Month-to-month,Auto-debit,3,21.11, ,2,28.3,TRUE,6,41,user601@outlook.com,+1-926-555-0169,,crm_export_v2,,moved,Y
1578,CUST101237,2019/09/29,55,Femail,Sydney,Basic,Two year,Credit Card,41,$29.09,N/A,1,50.0,True,7,24,user1237@outlook.com,480.555.0166,,crm_export_v2,,,FALSE
1579,CUST101998,06.09.20,20,Female,Chicago,Basic,Month-to-month,Credit Card,25,USD 28.28,672.06,4,92.0 GB,TRUE,10,30,user1998@yahoo.com,469.555.0129,,crm_export_v2,,,Retained
1580,CUST100133,"May 09, 2022",56,MALE,Toronto,Basic,Month-to-month,?,7.0,14.94,$108.26,4,133.9,1,10,33,USER133@EXAMPLE.ORG,997.555.0182,,crm_export_v2,,competitor offer,Y
1581,CUST101370,12.04.24,52,Female,ZÜRICH,Basic ,One year,Credit Card,4,24.8,98.9,0,108.7,y,8,47,user1370@yahoo.com,+1-848-555-0173,,crm_export_v2,,,Retained
1582,CUST100555,2022/01/09,38 yrs,Female,Sidney,Basic,MONTH-TO-MONTH,PayPal,41,20.84,NA,1,88.9,True,9,1,user555@mail.net,409.555.0152,,crm_export_v2,,,
1583,CUST101031,14/01/2020,34,Male,Toronto,STANDARD,-,Auto-debit,10,USD 36.51,356.81,1,77.2,yes,5,24,no-email,+1-744-555-0101,,crm_export_v2,,,no
1584,CUST101698,26/02/2021,43, Male,SYDNEY,Basic,Month to month,Debit Card,55,26.93,1456.28,2,39.0,Yes,10,0,user1698@gmail.com,(642) 555 0139,,crm_export_v2,,,0
1585,CUST100320,"Dec 03, 2020",41.0,Male,London,nan,One year,Debit Card,12,49.7,608.16,0,71.1,,7,14,user320@example.org,6625550107,!!!,crm_export_v2,,,0
1586,CUST101920,05-11-2021,43,Male,LONDON ,Standard,Month-to-month,Credit Card,28,57.8,1653.07,1,41.4,FALSE,6,47,user1920@example.org,2025550106,,crm_export_v2,,no longer needed,TRUE
1587,CUST101211,"Sep 09, 2023",49,Female,Sydney,Premium,Month to month,Bank Transfer,53,$75.47,"3,849.06",3,30.1,n,4,59,user1211@yahoo.com,+1-672-555-0102,,crm_export_v2,,,Retained
1588,CUST101883,28.01.24,39,Female,Dubai,Premium,Month-to-month,PayPal ,6,86.29,$528.13,2,68812 MB,yes,8,39,user1883@outlook.com,+1-490-555-0157,,crm_export_v2,,no longer needed,Y
1589,CUST100634,05.02.20,56,Female,Singapore,Premium,Two year,debit card,58.0,$90.77,5323.75,1,93.8,y,7,86,user634@yahoo.com,null,,crm_export_v2,,,0
1590,CUST100552,19.12.23,18,M,Pariss,Premium,Month-to-month,PayPal,4,72.65,$297.00,1,91.0,TRUE,,40,no-email,427.555.0106,,crm_export_v2,,,no
1591,CUST101328,"Jan 18, 2023",53,f,sao paulo,Premium,Month-to-month,Credit Card,22,81.54,1852.9,2,132.6,True,7,62,user1328@gmail.com,+1-968-555-0183,,crm_export_v2,,,No
1592,CUST101055,2024-12-20,43,Male,london,Standard,One year,Auto-debit,null,39.18,N/A,3,34.9 GB,1,5,52,user1055@mail.net,+1-455-555-0166,,crm_export_v2,,,NA
1593,CUST101690,19/08/2023,29,Male,Berlin,Bsc,Two year,Auto-debit,34,-20,1125.69,4,23.9,1,6,54, user1690@yahoo.com ,5935550199,,crm_export_v2,,,no
1594,CUST100796,21/10/2024,NA,Female ,-,Standard,One year,Credit Card,11,40.58,454.84,1,101273 MB,1,7,71,?,+1-773-555-0103,,crm_export_v2,,competitor offer,Churned
1595,CUST101800,2019-05-05,64,Female,Berlin,BASIC,Month-to-month,Auto-debit,28,32.22,866.14,3,148.3,y,1,41,user1800@yahoo.com,+1-858-555-0175,,crm_export_v2,,moved,TRUE
1596,CUST101264,2020/06/06,27,Female,São paulo,Standard,Month-to-month,Auto-debit,46,USD 45.5,2142.34,1,23.4,Yes,6,21,user1264@gmail.com,+1-903-555-0116,,crm_export_v2,,,no
1597,CUST101873,08-23-2024,39,Female,NYC,Standard,Month-to-month,Auto-debit,17,43.61,750.47,1,50.8,True,9,79,user1873@gmail.com,+1-225-555-0111,,crm_export_v2,,no longer needed,Y
1598,CUST100174,2023/03/06,18,Male,London,Premium,Two year,Debit Card,24,77.47,1780.64,2,88.9,1,6,34,user174@mail.net,(514) 555 0177,,crm_export_v2,,,N/A
1599,CUST100766,09-03-2022,22,Male,Mumbai,STANDARD,Month-to-month,Auto-debit,56,$35.42,2005.7,3,89497 MB,missing,8,5,user766@example.org,(306) 555 0113,,crm_export_v2,,,No
1600,CUST100245,2019-07-04,39,Femail,São paulo,Standard,Month-to-month,bank transfer,64,36.62,"2,241.50",-,108.7,TRUE,10,72,user245@yahoo.com,(885) 555 0153,,crm_export_v2,,,No
1601,CUST101080,"Jul 08, 2024",47, Male,New York,Premium,Two year,None,60,$75.86,"$4,627.99",1,79667 MB,y,4,78,user1080@yahoo.com,(764) 555 0187,##,crm_export_v2,,,N
1602,CUST101882,2020-01-25,54,female,Zürich,Basic,Month-to-month,Bank Transfer,13,23.99,317.97,2,60.4,1,7,29,no-email,(264) 555 0171,,crm_export_v2,,price,yes
1603,CUST100145,2024/02/12,26,null,TORONTO,Basic,Month-to-month,Auto-debit,33,$15.18,$485.77,0,144.5,yes,2,42,user145@outlook.com,+1-910-555-0106,,crm_export_v2,,,N
1604,CUST100090,11.08.21,46, Male,Chicago,Basic,Month-to-month,Debit Card ,15.0,25.68,$369.06,2,31436 MB,TRUE,6,0,user90@gmail.com,(828) 555 0179,duplicate account?,crm_export_v2,,moved,yes
1605,CUST101416,22/10/2022,34,Female,TORONTO,Bsc,Month-to-month,PayPal,29.0,,778.12,?,51.7,0,4,8,user1416@@gmail,+1-291-555-0193,,crm_export_v2,,,N
1606,CUST100682,2024/10/03,32,Female,Toronto,Premium,Month to month,Bank Transfer,9,USD 81.45,$748.34,3,160.0 GB,False,8,63,user682@@gmail,4005550195,,crm_export_v2,,poor service,Yes
1607,CUST100310,29/12/2022,62,Female,Zürich,Standard,Month-to-month,Credit Card,1,39.39, ,1,77.3,y,None,22,user310@gmail.com,(459) 555 0148,,crm_export_v2,,poor service,TRUE
1608,CUST101383,2024-05-18,49,Male,sao paulo,standard,Month-to-month,Bank Transfer,33,47.86,"1,603.94",4,61.2,TRUE,4,69,user1383@example.org,234.555.0126,,crm_export_v2,,,0
1609,CUST100093,28.04.21,39,Female,Singapore,Standard,One year,Debit Card,50,36.34,1829.95,2,33075 MB,1,6,23,,(300) 555 0193,,crm_export_v2,,,FALSE
1610,CUST101700,2020/08/04,37,Female,sydney,Basic,One year,AUTO-DEBIT,64.0,11.12,731.95,1,12.7,Y,4,65,user1700@outlook.com,6495550120,,crm_export_v2,,no longer needed,Yes
1611,CUST100924,27.06.20,31,Male,Toronto,PREMIUM,One year,Debit Card,34,USD 73.14,2557.93,2,56.3,1,5,17,user924@outlook.com,+1-545-555-0186,,crm_export_v2,,poor service,Yes
1612,CUST101826,2019-08-19,34,FEMALE,Singapore,Basic,Month-to-month,PayPal,43,USD 23.68,973.35,4,35.5,True,10,89,user1826@mail.net,+1-488-555-0174,,crm_export_v2,,,no
1613,CUST101035,2023/06/15,47,Male,Sydney,Standard,Month-to-month,Auto-debit,42,41.74,"$1,751.54",5,113.3,TRUE,3,78,user1035@example.org,(503) 555 0169,,crm_export_v2,,no longer needed,1
1614,CUST101400,15/02/2024,36,Female ,Mumbai,Standard ,One year,PayPal,65,49.83,3367.33,1,59.4,Yes,5,34,USER1400@GMAIL.COM,(571) 555 0178,,crm_export_v2,,,N
1615,CUST100243,24/11/2022,N/A,Male,Toronto,Standard,Two year,PayPal,66,50.02,"$3,161.80",1,90.3,yes,2,26,,774.555.0119,,crm_export_v2,,,N
1616,CUST101500,-,58,male,London,Premium,Month-to-month,PayPal,26,82.12,2198.66,4,184.3 GB,TRUE,4,54,user1500@gmail.com,(561) 555 0120,,crm_export_v2,,,Retained
1617,CUST101111,"May 24, 2020",18,Male,Mumbai,Basic ,Month-to-month,Credit Card,31,16.06,$477.85,1,52.9,False,6,70,user1111@gmail.com,+1-660-555-0158,,crm_export_v2,,price,yes
1618,CUST100214,02/06/2023,52,Male,Singapore,basic,Month-to-month,Bank Transfer,26,20.12,?,1,57.8,0,8,1,USER214@YAHOO.COM,4215550163,,crm_export_v2,,,no
1619,CUST101468,30/08/2023,29,m,Dubai,Standard,Month-to-month,Credit Card,45,$49.47,2170.23,2,53.5,0,7,74,user1468@outlook.com,+1-200-555-0138,,crm_export_v2,,,FALSE
1620,CUST101197,20/11/2024,49,Female,NEW YORK,Basic,One year,Bank Transfer,11,$17.49,200.79,4,148.0,yes,9,47,user1197@example.org,null,,crm_export_v2,,poor service,Churned
1621,CUST100998,07/10/2024,nan,Female,Sydney,basic,Two year,Debit Card,?,18.75,77.02,2,27.7,Y,5,24,user998@yahoo.com,8135550154,,crm_export_v2,,,FALSE
1622,CUST100853,2020/06/06,18,Female,London,Standard,One year,Bank Transfer ,31,36.92,1161.6,6,101.8,Y,2,82,user853@example.org,536.555.0189,,crm_export_v2,,competitor offer,1
1623,CUST100425,03-13-2020,34,Male,berlin,Basic,Two year,debit card,36,25.52,$923.54,4,149.0,N,6,64,user425@gmail.com,N/A,,crm_export_v2,,,N
1624,CUST101911,28/04/2024,30,Female,London,Premium,Two year,null,67,$82.39,"$5,608.87",2,189.3,yes,8,44,user1911@outlook.com,6975550190,,crm_export_v2,,,0
1625,CUST101142,"Aug 01, 2024",44,Other,New York,Premium,-,PayPal,25,$82.48,nan,1,42.8 GB,No,4,50,USER1142@MAIL.NET,7065550143,n/a,crm_export_v2,,no longer needed,Y
1626,CUST101143,2024-01-24,46,F,New York,Premium,null,Debit Card,1200,77.57,3482.63,3,27.2 GB,True,8,-,user1143@yahoo.com,+1-579-555-0147,,crm_export_v2,,,no
1627,CUST100226,"Nov 06, 2023",51,Female,São Paulo,Basic,Month to month,PAYPAL,17,25.51$,$415.62,2,56.6,Y,-1,61,user226@yahoo.com,8935550131,,crm_export_v2,,,No
1628,CUST101763,08-10-2022,26,Femail,missing,Basic,Month-to-month,PayPal,58,10.0,$597.71,1,48.2,1,10,44,user1763@yahoo.com,681.555.0142,,crm_export_v2,,no longer needed,Yes
1629,CUST100000,2019/07/15,31,Female , Berlin,Prem,Two year,PayPal,19,85.39,1571.87,1,65433 MB,TRUE,9,65,user0@example.org,4925550102,Recontact in Q3,crm_export_v2,,poor service,1
1630,CUST101418,2024/02/29,33,Female,Sydney,Standard,ONE YEAR,Auto-debit,61,40.42,"$2,511.99",2,132.1,True,8,43,no-email,(680) 555 0148,,crm_export_v2,,,FALSE
1631,CUST100401,30/08/2023,57,Male ,São Paulo,Standard,Month-to-month,Debit Card,43,52.63,2323.22,2,65.1 GB,n,7,64,user401@yahoo.com,(901) 555 0110,,crm_export_v2,,,FALSE
1632,CUST101428,07.08.20,26,Female,NEW YORK,premium,Month-to-month,DEBIT CARD,45,75.74,"3,431.80",3,83.6,y,7,28,user1428@example.org,N/A,,crm_export_v2,,competitor offer,1
1633,CUST101103,26.11.19,37,Female,singapore,Standard,Month-to-month,Bank Transfer,56.0,42.34$,2329.82,-,40.8,Y,5,43,user1103@example.org,-,,crm_export_v2,,competitor offer,1
1634,CUST100084,2022/10/11,38,Male ,Mumbai,BASIC,One year,PayPal,61,-,724.52,0,110.2,y,7,56, user84@example.org ,9465550174,,crm_export_v2,,,Retained
1635,CUST100162,2021/06/15,18,MALE,Berlin,Basic,Month-to-month,BANK TRANSFER,31,17.53,529.04,1,130.7 GB,TRUE,3,0,,3745550110,,crm_export_v2,,,FALSE
1636,CUST100114,12.01.22,39,Male,Chicgo,Standard,MONTH-TO-MONTH,Credit Card,69,46.48,3280.08,1,76.2,1,6,9,user114@example.org,3575550131,,crm_export_v2,,,no
1637,CUST100670,16.09.24,54,Male,Sao Paulo,Standard,Month-to-month,Bank Transfer,16,46.08,731.59,1,49152 MB,y,5,8,null,731.555.0138,,crm_export_v2,,,0
1638,CUST101174,2019-01-19,37,Male,Singapore,Standard ,One year,PayPal,48,52.14,2442.87,4,79.1,True,6/10,35,user1174@example.org,672.555.0154,,crm_export_v2,,,No
1639,CUST101656,2024-01-30,N/A,Male,Zürich,standard,Month-to-month,DEBIT CARD,65,50.79,"$3,195.66",0,43929 MB,1,4/10,49,user1656@mail.net,?,,crm_export_v2,,,0
1640,CUST101642,06/09/2021,24,Male,CHICAGO ,Premium,One year,Debit Card ,58,66.6,3877.95,1,44.4 GB,True,5,50,user1642@mail.net,,VIP???,crm_export_v2,,,FALSE
1641,CUST101852,2021/09/21,52,Female ,New York,Basic,ONE YEAR,AUTO-DEBIT,29,25.61,$753.46,3,62.7 GB,n,7,3,user1852@example.org,2645550136,,crm_export_v2,,,N
1642,CUST101392,2024/11/24,61,Male,São Paulo,Basic,Month-to-month,PayPal,60,13.39,780.44,3,23.5,Yes,6,61,user1392@example.org,631.555.0173,,crm_export_v2,,competitor offer,yes
1643,CUST101567,2022-08-14,39,O,Sydney,Standard,One year,Debit Card,4,56.58, ,0,35328 MB,yes,6,64,user1567@example.org,-,,crm_export_v2,,no longer needed,Churned
1644,CUST100889,nan,39,Male,Paris,Basic,Month-to-month,Auto-debit,61,$18.69,1184.89,1,20.7,Y,4,65,user889@yahoo.com,(429) 555 0111,,crm_export_v2,,,FALSE
1645,CUST101501,07-24-2020,50,Female,Zürich,Std,Two year,Auto-debit,1,38.7,38.83,0,43.7 GB,yes,6,47,user1501@example.org,?,,crm_export_v2,,,N
1646,CUST101556,2024-05-17,18,Female,Singapore,premium,Month-to-month,Credit Card,8,83.58$,644.83,1,26316 MB,yes,8,29,user1556@yahoo.com,null,,crm_export_v2,,,FALSE
1647,CUST100625,nan,39,Male,zurich,Basic,Month-to-month,PayPal,-1,?,94.53,6,67.3,TRUE,4,31,user625@gmail.com,+1-295-555-0125,VIP???,crm_export_v2,,moved,1
1648,CUST101536,03/12/2019,47,Female,zurich,Prem,One year,Credit Card,67,67.46,4541.88,1,90931 MB,yes,9,17,user1536@example.org,+1-957-555-0142,,crm_export_v2,,,0
1649,CUST101659,07-09-2020,59,Male,Zürich,Basic,Month-to-month,N/A,27,15.46,418.01,2,103.5,1,5,,user1659@example.org,7335550193,,crm_export_v2,,,0
1650,CUST101096,2024-01-04,46,Female,PARIS,Standard,One year,BANK TRANSFER,63,43.24,"$2,714.25",1,52.6 GB,Y,6,54,user1096@gmail.com,+1-475-555-0156,,crm_export_v2,,no longer needed,1
1651,CUST100952,2022-09-08,22, Male,São Paulo,Bsc,Two year,PayPal,23,32.41, ,3,0.044 TB,y,-1,89,user952@outlook.com,(471) 555 0156,,crm_export_v2,,price,Yes
1652,CUST100807,31/08/2019,56,Female,Paris,Standard,Month-to-month,auto-debit,55,50.13,"$2,636.16",3,108.8 GB,1,3,83,user807@outlook.com,506.555.0118,,crm_export_v2,,moved,TRUE
1653,CUST100258,"Jan 19, 2020",N/A,Female ,São Paulo,Premium,Month-to-month,Credit Card,40,78.73,"3,270.84",3,None,yes,6,20,user258@gmail.com,9025550140,,crm_export_v2,,no longer needed,1
1654,CUST100624,16/08/2022,23,Male,Dubai,Standard,Month-to-month,credit card,11,50.09,533.63,2,56.5,True,10,20,user624@mail.net,2465550128,,crm_export_v2,,,N
1655,CUST100826,01-30-2023,37,M,Zürich,premium,Month-to-month,Debit Card,31,USD 78.82,2375.64,2,101.2,yes,10,48,user826@mail.net,(801) 555 0102,,crm_export_v2,,,FALSE
1656,CUST100234,15/12/2021,35,Male,Paris,Basic,Month-to-month,Debit Card,25,USD 13.36,$328.53,2,58.2,True,7,55,user234@example.org,nan,,crm_export_v2,,competitor offer,Y
1657,CUST100135,2019-13-45,49,Other,NA,Premium,Two year,Auto-debit,49,92.63,4504.08,3,87.4,True,6,71,user135@yahoo.com,(813) 555 0154,,crm_export_v2,,,FALSE
1658,CUST100616,01.07.20,32,m,,Premium,-,Auto-debit ,19,71.57,1295.45,2,null,Y,4,69,user616@outlook.com,454.555.0185,,crm_export_v2,,moved,Y
1659,CUST101540,07/11/2021,46,m,Sydney,Premium,One year,PayPal,23,91.28,2062.7,2,62.1,1,8,43,user1540@yahoo.com,2415550162,,crm_export_v2,,price,Churned
1660,cust100581,"Dec 31, 2023",48,Male,LONDON,STANDARD,One year,Credit Card ,25,36.89,$918.56,4,70.8 GB,TRUE,4,25,user581@mail.net,?,,crm_export_v2,,price,TRUE
1661,CUST100836,11-06-2023,36,m,Chicago,Standard,Two year,N/A,24,$43.08,"$1,051.69",0,97382 MB,TRUE,7,54,user836@yahoo.com,+1-821-555-0111,,crm_export_v2,,,0
1662,CUST100842,"Jun 14, 2024",53,Female,Berlin,Basic,One year,Auto-debit,60,18.93,"1,101.66",1,121958 MB,no,9,15,user842@outlook.com,+1-784-555-0159,,crm_export_v2,,,FALSE
1663,CUST100959,2021-06-20,33,Male,Londn,Standard,Month-to-month,Auto-debit,20,58.87,"1,196.16",1,100.3,1,9,52,user959@mail.net,+1-254-555-0155,,crm_export_v2,,price,Churned
1664,CUST100592,2020-06-09,39,Female,Toronto,Standard,Two year,Credit Card,67,45.95,"$3,167.18",2,185.5,Yes,10,60,user592@mail.net,+1-847-555-0151,,crm_export_v2,,,N
1665,CUST101314,30.05.24,41,Female,berlin,Basic ,Month to month,Credit Card,14,13.13,187.26,3,74.1,Y,2,15,user1314@mail.net,938.555.0100,,crm_export_v2,,moved,TRUE
1666,CUST101525,14/04/2019,51,Other,Chicago,Premium,One year,Debit Card,25,USD 84.72,2141.45,0,11.2,0,4,70,user1525@gmail.com,N/A,,crm_export_v2,,no longer needed,TRUE
1667,CUST101562,2020-06-28,34,Male,berlin,standard,Month-to-month,Bank Transfer,20,46.02,944.11,4,34.8 GB,TRUE,9/10,25,user1562@gmail.com,-,,crm_export_v2,,,Retained
1668,CUST101291,23/02/2024,55, Male,CHICAGO ,Premium,Month-to-month,PAYPAL,1200,75.3,"2,207.96",3,83.7 GB,y,6,62,user1291@yahoo.com,(764) 555 0129,,crm_export_v2,,poor service,1
1669,CUST101605,"May 03, 2024",60,Male,Singapur,Basic,NA,Bank Transfer,67,?,missing,5,47.0 GB,Y,10,48,user1605@mail.net,753.555.0169,,crm_export_v2,,,no
1670,CUST100343,2022-02-01,26,Male,New York,Basic,Month-to-month,PayPal,37,20.53,782.79,1,nan,True,4,20,user343@mail.net,000-000-0000,,crm_export_v2,,poor service,Y
1671,CUST101787,"Aug 05, 2019",55,Female,chicago,Basic,Month-to-month,Auto-debit,52,22.03, ,3,35.5 GB,yes,None,23,-,9625550166,,crm_export_v2,,,No
1672,CUST101708,2020/06/17,46,Male,PARIS,Premium,One year,null,9,89.52,823.16,0,83.4 GB,True,,82,user1708@yahoo.com,000-000-0000,,crm_export_v2,,poor service,yes
1673,CUST100293,"Dec 27, 2020",54,Female,Sydney,Standard,Two year,BANK TRANSFER,2,47.97,$97.93,0,19.5,True,6,20,user293@mail.net,877.555.0114,,crm_export_v2,,,0
1674,CUST100364,2019-09-11,27,Female,São Paulo,Premium,One year,PayPal,69,84.34,5861.1,3,14.9 GB,y,10,64,user364@mail.net,(629) 555 0122,,crm_export_v2,,moved,yes
1675,CUST100178,26.05.24,50,Female,Dubaii,Standard,ONE YEAR,Debit Card,12,41.59,516.28,1,52.2,yes,5,75,user178@gmail.com,859.555.0143,,crm_export_v2,,,Retained
1676,CUST100659,"Sep 23, 2020",18,FEMALE,Chicago,Standard,one year,Credit Card,46,44.63$,2146.87,3,62668 MB,Y,6,25,user659@gmail.com,+1-309-555-0103,,crm_export_v2,,,FALSE
1677,CUST100996,02-26-2022,38,Male,CHICAGO ,Basic,Two year,Debit Card,58,16.51,989.05,0,35.6,Y,2,80,user996@outlook.com,839.555.0177,,crm_export_v2,,,0
1678,CUST100014,21.04.23,21,Male, Berlin,Standard,One year,Debit Card,3,$40.29,$126.81,3,49.0 GB,1,5,61,user14@yahoo.com,7085550161,,crm_export_v2,,poor service,Yes
1679,CUST101110,2022/10/16,42,Male,sydney,Standard ,One year,Bank Transfer,57,$56.91,3273.01,1,76.2,1,1,80,user1110@yahoo.com,(620) 555 0166,,crm_export_v2,,moved,1
1680,CUST101394,2020-04-17,28,Male ,London,Premium,Two year,Debit Card ,21,N/A,"$1,542.77",0,70.5,Yes,nan,14,user1394@gmail.com,9225550145,,crm_export_v2,,,N
1681,CUST100165,2023/11/18,32,Femail,Dubaii,Standard,Month-to-month,PayPal,27,$45.06,1266.26,6,0.111 TB,1,5,1,user165@outlook.com,(527) 555 0170,,crm_export_v2,,competitor offer,Y
1682,CUST101624,04-26-2022,69,Male,Chicago,Standard,Month-to-month,Debit Card,26,$41.05,"$1,089.99",3,110.0,Y,3,70,user1624@gmail.com,9645550126,,crm_export_v2,,competitor offer,1
1683,CUST101359,03-11-2021,18,M,LONDON ,premium,ONE YEAR,Bank Transfer,61,70.74,4497.94,1,57.5,Y,7,54,user1359@outlook.com,(606) 555 0178,,crm_export_v2,,,No
1684,CUST100059,04.02.23,18,Male,Paris,Premium,month-to-month,PayPal,16,$96.98,"$1,574.69",3,147968 MB,Yes,7,12,user59@mail.net,(627) 555 0164,,crm_export_v2,,,Retained
1685,CUST100709,"Oct 17, 2021",54,Male,Paris,Basic,One year,Credit Card,22,36.11,819.97,1,46387 MB,Y,5,33,user709@@gmail,missing,,crm_export_v2,,,no
1686,CUST100676,06-25-2022,49,Female,São Paulo,Premium,Month to month,Credit Card,20,$74.79,"1,541.21",1,64.9,N,3,-5,user676@example.org,(613) 555 0144,,crm_export_v2,,poor service,Churned
1687,CUST101378,2022/01/06,28,Male,PARIS,Standard,Two year,PayPal,31,49.18,"$1,454.95",3,57.5,True,5,14,user1378@yahoo.com,(968) 555 0174,call back,crm_export_v2,,,No
1688,CUST100780,2024/04/06,0,Male,London,BASIC,Month-to-month,PayPal ,26,$26.46,674.08,1,86.2 GB,Y,2,43,user780@mail.net,933.555.0120,,crm_export_v2,,moved,TRUE
1689,CUST100424,32/01/2020,60,Female,MUMBAI ,Standard,One year,Auto-debit,62,52.95,3326.66,0,84.0 GB,n,8,43,user424@outlook.com,(694) 555 0185,,crm_export_v2,,moved,Churned
1690,CUST100292,19.09.24,35,FEMALE,Singapore,STANDARD,one year,Debit Card,61,43.92,"2,658.53",2,41.5,TRUE,8,57,user292@gmail.com,(434) 555 0138,,crm_export_v2,,,FALSE
1691,CUST101065,04-29-2021,50,m,London,Basic,Month-to-month,Auto-debit,53,13.2,706.56,3,44032 MB,True,8/10,50,user1065@example.org,N/A,,crm_export_v2,,moved,Churned
1692,CUST101942,29/03/2024,48,MALE,São paulo,premium,Two year,PAYPAL,38,79.86,"$3,135.11",1,98.0 GB,y,9/10,None,user1942@example.org,+1-201-555-0151,,crm_export_v2,,,no
1693,CUST100329,2022/04/30,21,Male,Singapur,Premium,One year,Auto-debit,8,72.49,$574.90,2,27238 MB,nan,5,67,user329@gmail.com,532.555.0183,,crm_export_v2,,moved,Y
1694,CUST101638,2020-02-04,29,Male,Bombay,Standard,Month-to-month,PayPal,14,$42.81,609.02,two,89.9 GB,TRUE,7,66,user1638@yahoo.com,+1-411-555-0187,,crm_export_v2,,price,Yes
1695,CUST100429,2023/04/16,49,Female,Dubai,Standard,one year,Auto-debit,39,43.29,1618.9,1,74.8 GB,Yes,5,89,user429@outlook.com,6605550100,,crm_export_v2,,poor service,Y
1696,CUST101012,missing,47,Male,Sao Paulo,Basic,Month-to-month,Debit Card,47,22.74,1057.07,0,40.6 GB,Y,6,,user1012@mail.net,985.555.0111,,crm_export_v2,,no longer needed,TRUE
1697,CUST100079,01-06-2023,34, Male,Paris,Standard,Month-to-month,Credit Card,69,44.4,"$3,076.95",0,165.4,y,5,85,null,N/A,duplicate account?,crm_export_v2,,no longer needed,Yes
1698,CUST101052,2022/01/03,47,Female,Torontoo,Basic,Two year,Auto-debit,60,16.47,1032.16,1,85.9,null,7,39,user1052@example.org,2035550188,,crm_export_v2,,,FALSE
1699,CUST100937,2019-11-22,49,Femail,sao paulo,Basic ,Two year,Bank Transfer,45,19.38,850.67,2,58.9,N/A,6,82,no-email,363.555.0122,,crm_export_v2,,,No
1700,CUST100834,"Feb 15, 2024",47,Male,Singapore,Standard,One year,Debit Card,57,49.61,"2,753.82",0,82432 MB,y,9,84,user834@@gmail,-,,crm_export_v2,,,no
1701,CUST100749,"Dec 12, 2019",33,f,Dubai,Standard,One year,Debit Card,14,48.48,680.56,4,90.3,True,9,27,?,+1-564-555-0173,,crm_export_v2,,,?
1702,CUST100890,07.08.19,55,Female,Dubai,Basic,month-to-month,Credit Card,40,$16.19,$654.40,1,21.7 GB,yes,9,25,user890@outlook.com,8995550150,,crm_export_v2,,,N
1703,CUST100254,17.12.22,58,m,Singapore,Premium,Month-to-month,DEBIT CARD,22,76.21,1657.56,3,85299 MB,True,8,23,user254@@gmail,833.555.0139,,crm_export_v2,,,no
1704,CUST101880,2021-04-22,999,Female,Zürich,Premium,Month-to-month,PayPal,72,77.25,"$5,626.53",1,41.2,1,6,66,N/A,(389) 555 0100,,crm_export_v2,,price,Churned
1705,CUST101482,2020/09/27,52,Male,Zurich,Standard,Month-to-month,Bank Transfer,64,$46.77,3128.51,0,162.7 GB,1,5,NA,missing,2265550121,!!!,crm_export_v2,,no longer needed,1
1706,cust101148,"Feb 18, 2023",None,male,TORONTO,Basic,Two year,Auto-debit,27,USD 24.57,671.54,0,12.1 GB,True,5,89,user1148@gmail.com,3645550188,,crm_export_v2,,competitor offer,1
1707,CUST101407,29/03/2024,36,Female,Chicago,Standard,One year,Bank Transfer,27,48.44,1336.39,1,137.6,False,5,57,user1407@outlook.com,722.555.0147,,crm_export_v2,,no longer needed,Yes
1708,CUST101337,10-11-2020,46,Female,dubai,Standard ,One year,Bank Transfer,37,57.09,2192.69,1,32.1,TRUE,6,25,user1337@example.org,+1-986-555-0191,,crm_export_v2,,,no
1709,CUST101108,22.08.24,24,Male,Pariss,Basic,One year,Auto-debit,59,NA,566.05,2,145.7,1,5,57,user1108@mail.net,+1-367-555-0132,,crm_export_v2,,,N
1710,CUST101598,"Jan 26, 2024",nan,Male,Sao Paulo,Standard,Month-to-month,Bank Transfer,35,38.12,"$1,307.76",1,59.8 GB,FALSE,1,31,user1598@example.org,5295550125,,crm_export_v2,,poor service,Y
1711,CUST100136,08-13-2022,48,Female,Chicago,Standard,One year,Auto-debit,65,42.89,"$2,919.73",zero,5000,yes,5,59,no-email,(208) 555 0106,,crm_export_v2,,no longer needed,TRUE
1712,CUST101135,2019-05-08,32,Female,Chicago,Standard,Month-to-month,Auto-debit ,19,56.49,"$1,077.82",1,78643 MB,0,9,8,user1135@@gmail,423.555.0126,,crm_export_v2,,,Retained
1713,CUST101218,nan,41,F,Torontoo,Standard,One year,PayPal,10,44.78,462.82,1,86732 MB,1,7,7,user1218@example.org,+1-267-555-0135,,crm_export_v2,,competitor offer,Yes
1714,CUST100852,10/10/2024,38,female,São Paulo,Basic,One year,Bank Transfer,49,$21.66,1105.54,2,37068 MB,Y,8,7,None,808.555.0116,##,crm_export_v2,,,no
1715,CUST101202,26.11.24,33,Female,Singapore,STANDARD,One year,Bank Transfer,12,5179.0,$596.11,4,88.0 GB,1,7,49,no-email,9205550119,,crm_export_v2,,,Retained
1716,CUST101579,2022/08/08,37,Male ,Sydney,Standard,Month-to-month,Debit Card,51,54.52,2709.18,0,77.3 GB,y,4,24,user1579@mail.net,+1-962-555-0128,Recontact in Q3,crm_export_v2,,competitor offer,TRUE
1717,CUST100723,"Sep 20, 2019",34,female,Toronto,Standard,Month-to-month,Credit Card,61,44.13,2791.8,1,89.4,True,5,83,user723@gmail.com,12345,,crm_export_v2,,price,Churned
1718,CUST100859,"Oct 21, 2023",52,FEMALE,New York,Basic,Month-to-month,Debit Card,63,19.46,"$1,264.29",3,219.9,yes,0,82,user859@@gmail,789.555.0159,,crm_export_v2,,,No
1719,CUST100969,20/03/2019,nan,Female,Singapur,premium,Month-to-month,AUTO-DEBIT,42,84.13,"3,667.60",0,21.4,1,10,2,USER969@YAHOO.COM,276.555.0188,,crm_export_v2,,,N
1720,CUST100496,18/09/2019,47,Male,Berlin,Premium,Month-to-month,None,49,USD 83.96,4034.68,4,65.1 GB,n,9,61,user496@gmail.com,(548) 555 0131,duplicate account?,crm_export_v2,,,Retained
1721,CUST100950,24.07.19,54,Male ,Mumbai,Standard,One year,Credit Card,60,40.03,2473.9,4,nan,yes,8,76,user950@example.org,000-000-0000,complained about billing,crm_export_v2,,price,1
1722,CUST100805,2023/09/08,24,Female, Berlin,Standard,MONTH-TO-MONTH,Auto-debit,18,41.04,732.48,2,124.5,TRUE,7,24,user805@gmail.com,4975550194,,crm_export_v2,,,0
1723,CUST100129,22.10.22,62,F,Chicago,Premium,Month-to-month,Debit Card,32,N/A,"3,043.62",3,53862 MB,Y,8,17,user129@outlook.com,+1-530-555-0197,,crm_export_v2,,,N
1724,CUST100337,2020/11/25,38,Female,Mumbai,Premium ,month-to-month,PayPal,13,$80.44,1004.8,2,102297 MB,yes,6,,user337@yahoo.com,(917) 555 0156,,crm_export_v2,,price,Y
1725,CUST100730,16/05/2023,72,F,Singapore,Standard,Month-to-month,PayPal,69,37.79,"$2,569.82",2,161.0,TRUE,8,82,user730@gmail.com,+1-791-555-0185,,crm_export_v2,,,No
1726,CUST100608,2024/10/18,25,m,Berlin,Basic ,Month-to-month,debit card,72,USD 10.0,743.96,3,63897 MB,y,4,72,user608@example.org,3485550120,,crm_export_v2,,poor service,1
1727,CUST101148,"Feb 18, 2023",None,male,Toronto,Basic,Two year,Auto-debit,27,USD 24.57,671.54,0,12.1 GB,True,5,89,user1148@gmail.com,3645550188,,crm_export_v2,,competitor offer,1
1728,CUST100195,2019-07-11,38,Male ,Berlin,premium,Month-to-month,PayPal,14,83.53,"$1,173.20",2,63.3,1,7,61,user195@example.org,560.555.0146,,crm_export_v2,,price,Y
1729,CUST101250,"Jun 13, 2020",40,Male,Zürich,Premium,Month-to-month,Bank Transfer,64,85.31,"$5,499.90",2,77312 MB,yes,?,87,no-email,(728) 555 0177,,crm_export_v2,,no longer needed,Y
1730,CUST101713,"May 26, 2023",57,Female,São Paulo,Basic,Two year,Debit Card,None,20.78,247.59,2,66.9,no,5,26,user1713@gmail.com,913.555.0124,call back,crm_export_v2,,,Retained
1731,CUST101292,2021/08/29,48,Female,SINGAPORE,Std,MONTH-TO-MONTH,PayPal,69,53.96, ,3,62.3,no,4,87,user1292@yahoo.com,949.555.0165,,crm_export_v2,,poor service,Churned
1732,cust100652,"Mar 19, 2020",31,Female ,NEW YROK,Premium,Month-to-month,PayPal,nan,$79.86,"$5,674.18",4,17.4 GB,yes,9,61,user652@yahoo.com,2965550121,,crm_export_v2,,,Retained
1733,CUST100909,07-20-2019,50,Male,Zürich,BASIC,ONE YEAR,BANK TRANSFER,54,-80,"$1,549.03",0,15.1,y,6,26,user909@gmail.com,8475550103,,crm_export_v2,,,0
1734,CUST100584,2021/06/03,32,Female,Toronto,basic,One year,Debit Card,36,USD 17.65,$632.90,1,30.8 GB,Y,9,26,user584@outlook.com,(428) 555 0140,,crm_export_v2,,,?
1735,CUST100103,17/01/2019,38,Female,Dubai,Basic,ONE YEAR,Bank Transfer,53,20.7,"$1,121.29",4,68.2 GB,1,6,28,user103@outlook.com,438.555.0139,,crm_export_v2,,,No
1736,CUST101617,"Jan 15, 2022",47,Male,Singapore,Standard,Month-to-month,Auto-debit ,39.0,$53.85,2121.73,3,65.7,y,6,62,user1617@outlook.com,8115550148,,crm_export_v2,,no longer needed,yes
1737,CUST101468,30/08/2023,29,m,Dubai,Standard,Month-to-month,Credit Card,45,$49.47,2170.23,2,53.5,0,7,74,user1468@outlook.com,+1-200-555-0138,,crm_export_v2,,,FALSE
1738,CUST101678,17.07.24,39,Female,New York,Basic,One year,Bank Transfer,45,16.51,769.32,2,66867 MB,Y,8,64,user1678@@gmail,8095550109,,crm_export_v2,,,0
1739,CUST100719,"Aug 06, 2022",34,Male ,Mumbai,Standard,Month-to-month,Bank Transfer,63,49.65,3152.0,1,52.9,Y,8,22,user719@gmail.com,(743) 555 0170,,crm_export_v2,,,no
1740,CUST100884,11-17-2023,44, Male,London,Standard,ONE YEAR,PayPal,70,33.27,N/A,3,50.3,TRUE,5,52, user884@example.org ,(352) 555 0124,,crm_export_v2,,,FALSE
1741,CUST100776,17.07.21,24,NA,new york,Basic,Two year,PayPal,67,28.45,1835.09,4,79667 MB,True,10,87,nan,+1-352-555-0123,,crm_export_v2,,moved,yes
1742,CUST101569,2024/11/26,30,Female,Sydney,PREMIUM,Month-to-month,Debit Card,33,N/A,"2,896.44",3,0.065 TB,y,4,2,user1569@example.org,(264) 555 0157,,crm_export_v2,,competitor offer,Churned
1743,CUST100849,2022/08/19,50,Female,New York,Premium,N/A,bank transfer,1,84.79,87.16,2,null,TRUE,?,31,user849@yahoo.com,nan,,crm_export_v2,,no longer needed,Yes
1744,CUST100894,2023-06-30,27,F,Sidney,Premium,Month-to-month,Debit Card,28,$75.79,"$2,152.26",1,144.6,Y,6,66,user894@yahoo.com,(254) 555 0124,,crm_export_v2,,price,TRUE
1745,CUST100227,2022/06/22,66,Male,Chicago,Basic,Two year,PayPal,8,29.12,235.66,2,110.0,Yes,3,11,user227@outlook.com,(638) 555 0162,,crm_export_v2,,no longer needed,Y
1746,CUST101701,"Jan 26, 2020",41,Femail,New York,STANDARD,MONTH-TO-MONTH,Debit Card,29,$43.87,1299.3,2,35.2,True,7,51,user1701@outlook.com,+1-835-555-0160,,crm_export_v2,,poor service,1
1747,CUST101325,02-15-2020,57,None,Chicago,Standard,Month-to-month,Bank Transfer,null,46.01,"$1,748.24",3,68.6,Y,7,35,-,nan,,crm_export_v2,,,no
1748,CUST101299,03-06-2019,49,Female ,Mumbai,Basic,One year,Bank Transfer,61.0,18.23,1124.86,3,225.8 GB,Yes,7,42,user1299@mail.net,?,,crm_export_v2,,,FALSE
1749,CUST100126,23/06/2019,43,Female,São Paulo,Standard ,One year,Auto-debit,38,43.81,1634.99,1,79.1,True,0,18,user126@outlook.com,9255550158,,crm_export_v2,,,0
1750,CUST100405,null,46,M,London,Standard,One year,Credit Card,55,49.62,"$2,668.66",0,74.5,False,8,23,user405@yahoo.com,478.555.0108,,crm_export_v2,,,0
1751,CUST100775,2024/09/14,48,f,Dubai,Basic,Two year,PayPal,47,26.35,1195.3,3,11.5,True,6,18,user775@outlook.com,5615550197,,crm_export_v2,,competitor offer,yes
1752,CUST100821,2022/12/28,45,Female,Toronto,Basic,Two year,Credit Card,-,22.46,43.84,0,116.3,Y,4,84,user821@mail.net,+1-247-555-0198,complained about billing,crm_export_v2,,price,TRUE
1753,CUST100711,18/02/2022,32,male,Singapore,Standard,One year,Bank Transfer,25,44.44,1061.89,1,35.4 GB,TRUE,7,39,user711@yahoo.com,510.555.0185,,crm_export_v2,,,N
1754,CUST101707,2024-06-21,38,Female,chicago,Premium,One year,Debit Card,58,86.54,4790.95,3,0.054 TB,Y,3,43,user1707@yahoo.com,387.555.0193,,crm_export_v2,,,No
1755,CUST100456,2019-11-21,59,Male,chicago,Standard,Two year,Credit Card,5,34.04,171.12,1,51.7,yes,5,31,user456@example.org,(689) 555 0153,,crm_export_v2,,,Retained
1756,CUST101060,08-15-2023,18, Male,Dubai,Basic,One year,Debit Card,50,$22.41,"1,170.55",0,missing,Y,4,4,user1060@outlook.com,(611) 555 0117,,crm_export_v2,,moved,Churned
1757,CUST101163,09.03.22,42,male,Mumbai,Standard,Month-to-month,Debit Card,25,52.0,"$1,347.69",3,0.063 TB,1,6,3,no-email,2225550173,,crm_export_v2,,no longer needed,Yes
1758,CUST100303,2024-05-16,61,Male,New York,basic,Month-to-month,PayPal,68,USD 18.91,1278.84,1,84.5 GB,Y,9,53,None,7225550158,complained about billing,crm_export_v2,,,no
1759,CUST100267,"Jan 29, 2021",45,Male,London,Standard,Month-to-month,Auto-debit,53,44.88,"$2,294.27",1,42.3 GB,Yes,9,5,user267@outlook.com,+1-369-555-0103,,crm_export_v2,,,N
1760,CUST101557,"Aug 20, 2023",?,Female,Zürich,?,Two year,Bank Transfer,72,$79.90, ,1,12.9,1,missing,81,user1557@yahoo.com,7345550116,,crm_export_v2,,,Retained
1761,CUST100545,27/04/2019,53,Female,TORONTO,Premium,One year,Credit Card,64,-,"$5,083.27",3,139.5,yes,8,50,user545@@gmail,+1-380-555-0167,,crm_export_v2,,,0
1762,CUST100212,"Sep 24, 2023",46,Female,New York,Premium,Month-to-month,Debit Card,8,83.9,681.73,null,113.4 GB,y,5,19,user212@mail.net,3275550171,,crm_export_v2,,,No
1763,CUST100896,2022/01/20,54,Female,Paris,Standard,Month-to-month,Auto-debit,68,$44.70,"$3,138.48",2,44.2 GB,n,7,52,N/A,4995550154,,crm_export_v2,,,0
1764,CUST101492,"Mar 06, 2019",18,Female,N/A,Standard,Month-to-month,bank transfer,3,46.36,135.1,2,83.5 GB,Y,9,71,user1492@gmail.com,790.555.0152,,crm_export_v2,,poor service,TRUE
1765,CUST101222,10-06-2024,48,Male,DUBAI,PREMIUM,Two year,Auto-debit,27,NA,2301.01,1,38.4 GB,yes,7,64,user1222@gmail.com,(912) 555 0169,,crm_export_v2,,,N
1766,CUST101696,2021-10-23,22,Female,Zürich,Std,Month-to-month,Bank Transfer,42,57.99,"$2,316.92",1,35.1 GB,Yes,7,16,user1696@mail.net,237.555.0174,,crm_export_v2,,,Retained
1767,CUST100916,04.04.22,42,F,NA,Premium,month-to-month,Bank Transfer,71,$75.15,5160.41,2,109568 MB,N,5,83,,(421) 555 0129,,crm_export_v2,,price,1
1768,CUST101551,2024/02/12,48,missing,Singapur,Basic,Month-to-month,Debit Card,70,21.39,"$1,427.80",2,139.7,1,6,58,user1551@@gmail,+1-527-555-0174,,crm_export_v2,,,no
1769,CUST100675,"May 09, 2023",18,female,New York,Basic,One year,Credit Card,10,18.63,$180.80,3,71.3,TRUE,nan,84,user675@outlook.com,(911) 555 0174,,crm_export_v2,,,Retained
1770,CUST101289,2022-09-23,45,Male,Sidney,Std,Month-to-month,PayPal,27,40.93, ,2,94.4 GB,Yes,9,58,user1289@yahoo.com,(526) 555 0174,,crm_export_v2,,competitor offer,Churned
1771,CUST100814,2023/08/31,42,Male,LONDON ,Premium,Two year,Credit Card,43,81.53,nan,-1,20.7,yes,5,79,user814@gmail.com,(914) 555 0131,,crm_export_v2,,price,yes
1772,CUST101265,2019-03-22,24,Male,Chicago,Standard,One year,Credit Card ,65,45.4,2831.83,2,95.9,1,,37,USER1265@YAHOO.COM,944.555.0198,,crm_export_v2,,,no
1773,CUST100342,2022-09-23,36,FEMALE,Paris,Premium,Two year,Credit Card,1,$75.32,$76.75,2,60.6,True,NA,27,user342@example.org,+1-320-555-0113,call back,crm_export_v2,,price,TRUE
1774,CUST100549,"Jan 30, 2023",32,Female ,Toronto,Standard,Two year,Credit Card,17,54.63, ,2,38.7,Yes,8,38,user549@outlook.com,6695550126,,crm_export_v2,,,0
1775,CUST101410,05-13-2019,32,Male,Berlin,standard,Month-to-month,Bank Transfer,None,45.51,$219.73,3,74.5,TRUE,2,64,-,605.555.0155,,crm_export_v2,,moved,Y
1776,CUST101214,12.06.19,44,FEMALE,sao paulo,Standard,Two year,Auto-debit,8,47.49,370.3,two,48.3,y,2,83,user1214@gmail.com,(340) 555 0198,,crm_export_v2,,price,Yes
1777,CUST100966,10.08.22,N/A,m,Bombay,Premium,Month-to-month,Debit Card,30,68.75,"$2,138.74",1,193.2,No,7,5,no-email,704.555.0109,,crm_export_v2,,,FALSE
1778,CUST101230,2023-12-05,41,female,Pariss,Basic,One year,PayPal,42,20.35,820.1,2,0.016 TB,yes,8,13,user1230@example.org,(731) 555 0121,,crm_export_v2,,,no
1779,CUST100295,"Feb 14, 2022",51,Female,New York,Standard,Month-to-month,DEBIT CARD,45,$45.90,1972.26,2,89.9 GB,Yes,7,76,user295@yahoo.com,+1-582-555-0171,,crm_export_v2,,price,TRUE
1780,CUST100695,08/07/2020,40,F,Dubai,Premium,Month-to-month,Credit Card,34.0,$72.37,-,1,10.0,y,5,10,user695@gmail.com,610.555.0126,,crm_export_v2,,moved,1
1781,CUST101452,2019/04/23,18,Male,Berlinn,Basic,Month-to-month,Auto-debit,67,$27.50,"$1,844.09",5,92.8 GB,Yes,6,55,user1452@outlook.com,7865550103,,crm_export_v2,,price,Y
1782,CUST100073,12/10/2019,29,Male,Sydney,BASIC,ONE YEAR,Auto-debit,9,16.98, ,5,52.9,Yes,10,83,user73@outlook.com,5585550111,,crm_export_v2,,competitor offer,TRUE
1783,CUST100605,19/03/2022,45,Male ,Sao Paulo,Basic,month-to-month,Auto-debit,35,17.94,$645.43,2,62.8,no,7,45,no-email,6265550110,,crm_export_v2,,,FALSE
1784,CUST100104,2023/10/12,27,m,PARIS,standard,Month-to-month,Auto-debit,37,45.73,1758.79,3,62.8,Yes,7,14,nan,4455550175,,crm_export_v2,,,Retained
1785,CUST100645,2020-12-20,40,Female,Mumbai,Standard,Month-to-month,BANK TRANSFER,67,45.54,3104.22,2,149708 MB,y,8,69,user645@mail.net,8455550151,VIP???,crm_export_v2,,,N
1786,CUST101404,24.01.20,38,Male,Paris,Premium ,MONTH-TO-MONTH,Auto-debit,9,80.51,$718.35,2,201.5,Yes,7,88,nan,(893) 555 0186,,crm_export_v2,,poor service,Y
1787,CUST100494,2020/09/26,32,Male,Paris,basic,Month-to-month,Bank Transfer,34,16.25,None,2,35.9 GB,yes,3,71,user494@gmail.com,+1-402-555-0131,,crm_export_v2,,no longer needed,yes
1788,CUST101040,27/03/2023,27,Male,Toronto,Standard,Month-to-month,PayPal,47,47.61,"$2,219.95",4,null,1,8,85,user1040@mail.net,+1-453-555-0158,,crm_export_v2,,poor service,TRUE
1789,CUST100439,2021-05-20,44,Female,Dubai,Basic,Month to month,Bank Transfer,35,24.83,844.54,None,68.3,True,8,59,user439@gmail.com,+1-333-555-0144,,crm_export_v2,,,N
1790,CUST101019,2019-09-11,44,Female,SINGAPORE,basic,Two year,Debit Card,27,$28.83,N/A,4,37.9,TRUE,100,81,user1019@outlook.com,+1-471-555-0142,,crm_export_v2,,competitor offer,TRUE
1791,CUST100091,2023/10/29,43,Female,Berlin,Basic,Month-to-month,PayPal,48,17.42,$835.10,2,85299 MB,-,7,null,user91@example.org,+1-598-555-0184,Recontact in Q3,crm_export_v2,,,0
1792,CUST101112,NA,29,Female,São paulo,Standard,Month-to-month,Credit Card,18,USD 56.42,"$1,002.44",1,92.2,N/A,-,3,user1112@gmail.com,306.555.0153,,crm_export_v2,,,Retained
1793,CUST101937,04-29-2022,36,Male,london,Standard,TWO YEAR,Auto-debit,72,42.31,"$3,138.20",2,239.6,Yes,7,32,user1937@example.org,(392) 555 0123,##,crm_export_v2,,,no
1794,CUST100908,2021-03-23,18,Female,São Paulo,Standard,One year,Debit Card,1,43.35,41.67,2,151.7,y,N/A,3,user908@yahoo.com,(754) 555 0183,,crm_export_v2,,,Retained
1795,CUST101474,2024/11/09,48,Male,Chicago,Std,Month-to-month,Credit Card,32,USD 37.33,"$1,244.58",3,32.1 GB,Yes,6,52,user1474@yahoo.com,559.555.0170,,crm_export_v2,,no longer needed,1
1796,CUST101741,2023-06-17,45,Male,Chicago,Basic,Month-to-month,Credit Card,52,$10.00,NA,1,N/A,Yes,9,38,user1741@yahoo.com,728.555.0129,,crm_export_v2,,,0
1797,CUST100102,29.10.23,40,M,Singapore,Basic,Month-to-month,PayPal ,13,25.92,346.80,1,103.3,yes,10,48,user102@yahoo.com,+1-776-555-0193,##,crm_export_v2,,,N
1798,CUST100238,2020-11-06,32,Female,London,Basic,One year,PayPal,59,USD 24.74,1412.77,2,42.2,True,7,39,user238@example.org,990.555.0193,,crm_export_v2,,,no
1799,CUST101847,"Apr 02, 2022",41,female,Zurich,Basic,One year,PayPal,56,26.6,1549.44,2,39.4,n,6,81,user1847@mail.net,(572) 555 0175,,crm_export_v2,,,no
1800,CUST100942,24/06/2024,47,Male,New York,Basic,Two year,Debit Card,22,$15.46,$339.23,3,7.5,y,1,41,user942@outlook.com,773.555.0141,,crm_export_v2,,,0
1801,CUST101270,03-19-2021,40,Male,Paris,Standard,Month-to-month,Bank Transfer ,35,$44.34,1519.35,None,115.2,y,8,70,user1270@outlook.com,000-000-0000,,crm_export_v2,,,FALSE
1802,CUST100938,2021/10/08,26,Male,Sidney,Premium,Month-to-month,Auto-debit,58,73.99,4276.93,2,NA,Y,4,37,user938@@gmail,,,crm_export_v2,,no longer needed,Y
1803,CUST101837,28/10/2020,30,Female,New Yrok,Basic,One year,Bank Transfer,72,20.22,1502.81,1,45.8,False,9,39,user1837@gmail.com,(478) 555 0147,,crm_export_v2,,,No
1804,CUST101181,07-24-2024,36.0,Female,São Paulo,Standard,Two year,Bank Transfer,22,44.04, ,0,117.9,1,3,61,user1181@example.org,+1-738-555-0177,,crm_export_v2,,,no
1805,CUST101503,"Dec 07, 2020",35,Male ,Chicago,Basic,One year,BANK TRANSFER,46,14.65,676.79,2,,Y,8,77,no-email,+1-418-555-0161,,crm_export_v2,,,N
1806,CUST101669,2023-05-09,37,Male,Berlin,Standard,Month-to-month,Auto-debit,16,50.25,820.69,0,76.9 GB,yes,100,59,user1669@example.org,+1-464-555-0121,,crm_export_v2,,,Retained
1807,CUST100005,24/02/2024,44,Male ,berlin,Standard,Month-to-month,Bank Transfer,33,51.58,1622.32,1,64000 MB,Yes,3,48,user5@outlook.com,5155550162,,crm_export_v2,,,0
1808,CUST101974,05-09-2022,57,male,Zürich,Standard,Month-to-month,Bank Transfer,44,51.47,"$2,235.22",0,60.0,n,7,?,missing,nan,,crm_export_v2,,no longer needed,TRUE
1809,CUST100965,2022-07-12,30,F,Berlin,Standard ,Two year,Bank Transfer,32,42.09,1395.18,1,119.1,True,8,69,user965@yahoo.com,2275550100,,crm_export_v2,,,Retained
1810,CUST100018,2024-01-14,NA,Female,Mumbai,Basic ,One year,credit card,66,16.33,1047.84,1,72.0,yes,7,34,user18@outlook.com,6285550198,,crm_export_v2,,,0
1811,CUST101430,"Oct 26, 2021",39,Male,Berlin,basic,Month-to-month,Credit Card,1,19.95,$20.45,1,33.7,n,7,83,no-email,(426) 555 0187,,crm_export_v2,,competitor offer,Churned
1812,CUST100121,2023/01/03,49,Male,SINGAPORE,Standard,Two year,Bank Transfer,59,54.25,3294.84,1,29.0,No,7,52,user121@mail.net,(686) 555 0142,##,crm_export_v2,,,Retained
1813,CUST100661,29.05.23,46,m,Paris,Basic,Month-to-month,Debit Card,67,nan,649.31,3,82.2,1,5,2,user661@example.org,(655) 555 0162,,crm_export_v2,,,0
1814,CUST101825,2024/05/28,31,F,Zurich,Standard,Month-to-month,Auto-debit,32,39.51,1321.45,0,94.6 GB,1,4,36,USER1825@MAIL.NET,5465550101,,crm_export_v2,,competitor offer,yes
1815,CUST100274,07-04-2021,28, Male,zurich,STANDARD,Two year,Auto-debit,67,37.69,2543.44,3,81.6,1,3,67,user274@example.org,877.555.0185,VIP???,crm_export_v2,,,0
1816,CUST100433,2019/10/15,56,male,New York,Premium,Month-to-month,NA,57,73.87, ,2,58.9,y,5,41,user433@yahoo.com,(279) 555 0154,,crm_export_v2,,,no
1817,CUST100811,2024-04-09,26,Female,London,Basic,Two year,Debit Card,24,$18.23,452.04,2,58.3,1,8,30,user811@yahoo.com,+1-922-555-0153,,crm_export_v2,,,Retained
1818,CUST101300,07-22-2023,38,Male,-,Premium,Two year,PAYPAL,25,76.48,NA,0,0.087 TB,Yes,9,73,user1300@mail.net,9965550172,,crm_export_v2,,,FALSE
1819,CUST101335,12-27-2024,18,Male,New Yrok,Basic,Two year,Credit Card,15,-,354.01,2,13.7,y,9,54,user1335@example.org,?,duplicate account?,crm_export_v2,,,No
1820,CUST100730,16/05/2023,72,F,Singapore,Standard,Month-to-month,PayPal,69,37.79,"$2,569.82",2,161.0,TRUE,8,82,user730@gmail.com,+1-791-555-0185,,crm_export_v2,,,No
1821,CUST100260,04.10.23,34,Female,TORONTO,Standard,month-to-month,Bank Transfer ,61,38.18,"$2,413.40",5,26.8,TRUE,8,-5,user260@example.org,9045550168,duplicate account?,crm_export_v2,,price,Churned
1822,CUST101804,"Oct 08, 2019",48,Male,singapore,Basic,Two year,Bank Transfer,63,10.0,$641.50,1,42.7 GB,1,5,73,no-email,+1-771-555-0141,,crm_export_v2,,,N
1823,CUST101570,23.06.19,thirty five,Male,Singapore,Premium,Two year,Auto-debit,5,79.29,407.28,-,106.5 GB,1,8,81,user1570@yahoo.com,(257) 555 0143,,crm_export_v2,,,no
1824,CUST100181,11-30-2019,54,Male,New Yrok,Standard,Two year,Debit Card,23,34.49,826.11,0,136.1 GB,0,6,57,user181@example.org,5705550141,,crm_export_v2,,,no
1825,CUST100184,21.12.21,54, Male,London,Standard,Two year,CREDIT CARD,1,46.18,48.47,0,42.1,y,4,85,user184@outlook.com,+1-873-555-0163,,crm_export_v2,,competitor offer,TRUE
1826,CUST100406,07.08.21,20,Male,ZÜRICH,Premium,Month-to-month,PayPal ,53,72.21, ,1,164.5 GB,1,10,88,user406@outlook.com,(710) 555 0179,,crm_export_v2,,,0
1827,CUST101743,"Feb 20, 2019",40, Male,São paulo,Basic,One year,Bank Transfer,nan,17.76,834.01,3,34.8 GB,Y,3,20,user1743@mail.net,6045550159,##,crm_export_v2,,,no
1828,CUST100865,03-09-2023,150,Male,London,Basic,Month-to-month,Credit Card,26,17.87,475.15,N/A,14950 MB,y,10,30,user865@mail.net,244.555.0157,asked for discount,crm_export_v2,,,No
1829,CUST101630,08/06/2022,45,Male,Zürich,Standard,One year,Debit Card,62,51.99,3278.98,2,74.1,Y,6,41,user1630@mail.net,N/A,,crm_export_v2,,,No
1830,CUST101716,11-15-2022,32,Female,Singapore,Basic,Two year,Credit Card,40,20.76,855.92,99,30.0,TRUE,9,84,user1716@gmail.com,8735550154,,crm_export_v2,,,N
1831,CUST100520,2021/02/22,23,Female ,Paris,BASIC,Month-to-month,PAYPAL,38,14.72,585.99,2,145.5,True,5,50,user520@mail.net,(377) 555 0165,,crm_export_v2,,no longer needed,TRUE
1832,CUST101003,25.04.24,38,MALE,Toronto,Premium,Month-to-month,Bank Transfer,36,$73.16,2558.1,,76.2 GB,y,7,21,user1003@outlook.com,4915550114,,crm_export_v2,,,FALSE
1833,CUST100380,"Jan 12, 2019",null,Male,Dubai,Basic ,Two year,PayPal,25,$19.13,499.10,2,52.2,yes,10,52,user380@outlook.com,5705550144,,crm_export_v2,,,N
1834,CUST101434,2020/11/30,54,M,Toronto,STANDARD,Month-to-month,Auto-debit,53,NA,"2,190.46",0,60.8,Yes,2,7,user1434@outlook.com,+1-418-555-0176,,crm_export_v2,,,No
1835,CUST101658,12.01.24,39,null,Paris,Basic,month-to-month,PayPal,54,10.0,550.51,1,0.081 TB,True,4,41,user1658@outlook.com,(869) 555 0133,,crm_export_v2,,,N
1836,CUST101393,14/06/2023,61,Male,CHICAGO ,Standard,One year,Credit Card,1200,58.57,1654.16,0,55.3 GB,1,6,45,user1393@outlook.com,868.555.0180,,crm_export_v2,,competitor offer,1
1837,CUST101424,2020-07-13,50,Female,Paris,Standard,Two year,Debit Card,12,43.13,511.08,3,0.121 TB,TRUE,8/10,86,user1424@mail.net,5565550141,,crm_export_v2,,,no
1838,CUST101612,2023/01/07,59,Male,Paris,BASIC,Month-to-month,PAYPAL,20,24.62,$513.83,3,81.0,yes,6,51,user1612@yahoo.com,+1-297-555-0184,,crm_export_v2,,,No
1839,CUST100427,28.10.23,18,Male,London,Standard,-,Credit Card ,19.0,36.15,$694.55,1,39936 MB,no,4,79,user427@example.org,7755550119,,crm_export_v2,,competitor offer,1
1840,CUST100078,2022/05/21,30,Female,São Paulo,Premium,One year,PayPal,45,84.17,"$3,884.13",3,181.7 GB,yes,None,80,user78@mail.net,missing,,crm_export_v2,,competitor offer,Y
1841,CUST101597,05-08-2023,56,Male,São Paulo,Premium ,Month-to-month,Bank Transfer,32,USD 75.58,"$2,526.62",2,20.8,y,4,66,user1597@yahoo.com,(502) 555 0195,,crm_export_v2,,moved,Y
1842,CUST101009,"Feb 13, 2022",18,Male ,New York,Premium,Month to month,Auto-debit ,59,79.97,"$4,873.53",0,81.4 GB,1,6,74,user1009@example.org,989.555.0187,,crm_export_v2,,no longer needed,Y
1843,cust101537,2019-08-31,57,Male,SINGAPORE,-,Month-to-month,Credit Card,54,12.59,676.47,2,71.0 GB,True,8,43,user1537@gmail.com,334.555.0188,,crm_export_v2,,,no
1844,CUST101661,2022-08-30,30,m,Toronto,Bsc,Month-to-month,Debit Card,42,15.34,$615.36,2,74.8,yes,6,5,user1661@yahoo.com,873.555.0139,,crm_export_v2,,,FALSE
1845,CUST100607,"Jan 31, 2022",22,Female,Dubai,Basic,Month-to-month,Debit Card,37,USD 21.42,767.29,3,46592 MB,yes,10,23,user607@yahoo.com,4885550138,,crm_export_v2,,,N
1846,CUST100693,02.09.24,72,Female,zurich,Standard,Month-to-month,Bank Transfer,14,45.95,$648.27,3,83.5,Y,8,49,user693@gmail.com,(801) 555 0171,,crm_export_v2,,,FALSE
1847,cust100776,17.07.21,24,NA,NEW YORK,Basic,Two year,PayPal,67,28.45,1835.09,4,79667 MB,True,10,87,nan,+1-352-555-0123,,crm_export_v2,,moved,yes
1848,CUST101985,05/10/2023,37,female,London,Basic ,Month-to-month,Auto-debit,35,30.44,"$1,083.38",4,73728 MB,True,7,48,user1985@example.org,?,,crm_export_v2,,no longer needed,Yes
1849,CUST101057,18/08/2023,24,Female ,Berlin,Premium,Month-to-month,Credit Card,14,$84.49,1236.18,0,47.7 GB,y,5,73,no-email,(690) 555 0177,,crm_export_v2,,moved,TRUE
1850,CUST101440,2023-09-04,36,Female,TORONTO,Standard,Two year,PayPal,55.0,40.84,"$2,198.08",4,68812 MB,True,4,33,user1440@@gmail,(973) 555 0157,,crm_export_v2,,,N
1851,CUST101514,2020-06-24,30, Male,Sidney,Basic ,Month-to-month,Auto-debit,70,$21.72,"$1,448.50",5,56.3,TRUE,7,3,user1514@yahoo.com,(927) 555 0182,,crm_export_v2,,,FALSE
1852,CUST101585,2020-11-26,35,Male,Berlin,None,Month-to-month,PayPal,14,15.84,None,0,10.1,yes,7,59,user1585@mail.net,N/A,,crm_export_v2,,,FALSE
1853,CUST101091,2021-09-08,33,Female,Zürich,Basic,Month-to-month,Bank Transfer,36,USD 18.94,679.06,4,47.3 GB,n,5,8,?,329.555.0156,,crm_export_v2,,moved,Churned
1854,CUST101560,29.09.20,36,F,São paulo,Premium,Month-to-month,Bank Transfer,68,81.06,"5,329.82",0,48537 MB,y,6,25,user1560@example.org,361.555.0163,,crm_export_v2,,,N
1855,CUST101101,24/10/2021,48,female,Paris,basic,Month-to-month,BANK TRANSFER,70,27.44,"$1,838.21",3,53.3,0,8,84,user1101@@gmail,865.555.0116,,crm_export_v2,,moved,yes
1856,CUST101129,2022-11-22,52,Female,Mumbai,Premium,Month-to-month,Auto-debit,7,80.31,$534.10,3,22.6,True,11,24,user1129@yahoo.com,447.555.0192,,crm_export_v2,,competitor offer,TRUE
1857,CUST101235,"Jan 28, 2021",42,Other,São Paulo,Premium,Month-to-month,Auto-debit,41,77.09,"3,295.27",1,72.4,yes,6,20,user1235@outlook.com,4415550152,,crm_export_v2,,no longer needed,nan
1858,CUST101917,10.12.21,41,Male,Chicago,Premium,Two year,Credit Card ,27,83.22,2311.75,2,21.9,Yes,5,22,user1917@gmail.com,533.555.0186,,crm_export_v2,,,0
1859,CUST100958,10-28-2024,25,Male,SYDNEY,STANDARD,MONTH-TO-MONTH,PayPal,70.0,43.68,"3,008.25",2,30.2,yes,6,74,user958@gmail.com,690.555.0159,,crm_export_v2,,,no
1860,CUST101662,10.02.20,40,male,Sydney,Premium,Month-to-month,Debit Card,60,73.67,4546.57,4,17.9,Y,3,19,user1662@@gmail,(357) 555 0133,,crm_export_v2,,,no
1861,CUST100559,null,57,Male,Sydney,Premium,month-to-month,Bank Transfer,8,75.98,$631.75,3,169.0 GB,True,7,18,user559@mail.net,774.555.0143,,crm_export_v2,,competitor offer,Yes
1862,CUST100846,12-09-2019,41,Femail,Mumbai,standard,Two year,Auto-debit,5,nan,263.47,3,17.0 GB,1,8,23,user846@mail.net,missing,,crm_export_v2,,,0
1863,CUST101894,2019/10/21,49,male,toronto,Standard ,Month-to-month,Debit Card,43,35.92,"1,480.45",5,53.4,True,6,55,user1894@outlook.com,+1-866-555-0141,,crm_export_v2,,,FALSE
1864,CUST100690,12-22-2024,-18,Female,Berlin,Bsc,Two year,PayPal,24,$12.01,$273.99,8,56.7,Yes,8,47,user690@gmail.com,434.555.0140,,crm_export_v2,,competitor offer,TRUE
1865,CUST101916,10.09.20,56,F,Mumbai,standard,Two year,PayPal,49,$53.30,"2,731.69",0,10.8,1,3,72,user1916@example.org,535.555.0174,,crm_export_v2,,,No
1866,CUST101519,06.10.21,42, Male,Dubai,Std,-,credit card,49,USD 60.23,"$2,867.80",2,None,yes,5,18,no-email,4265550114,,crm_export_v2,,,Retained
1867,cust101749,"Apr 25, 2023",42,Female,NULL,Basic ,Month-to-month,Auto-debit,44,-20,$964.51,1,88064 MB,Yes,9,1,user1749@yahoo.com,9255550197,,crm_export_v2,,,N
1868,CUST100874,2023/03/08,41,Female,São paulo,Basic,Month-to-month,Credit Card,59,$25.15,-,None,56.0,TRUE,3,62,user874@yahoo.com,(521) 555 0157,,crm_export_v2,,poor service,1
1869,CUST101759,26/06/2022,150,Male,Toronto,Standard,Month-to-month,auto-debit,71,45.38$,"$3,380.63",5,NA,yes,9,40,user1759@outlook.com,(684) 555 0167,,crm_export_v2,,,no
1870,CUST100436,"May 27, 2022",35,Male,New Yrok,Standard,Two year,AUTO-DEBIT,57,52.83,"$3,049.78",1,31.4 GB,Y,2,34,user436@gmail.com,+1-670-555-0138,,crm_export_v2,,poor service,yes
1871,CUST100490,05/08/2024,42,Male,Dubai,Premium,Two year,Bank Transfer,55.0,78.62,4227.64,1,74.0,y,5,74,user490@yahoo.com,(483) 555 0140,,crm_export_v2,,,No
1872,cust100137,09/03/2019,27,Female,SÃO PAULO,Basic,One year,missing,45,17.27,$739.41,0,None,Yes,7,88,user137@outlook.com,+1-716-555-0123,,crm_export_v2,,,N
1873,CUST101853,18.12.19,21, Male,LONDON ,Standard,Month-to-month,Credit Card,13,50.73,643.07,3,43.6 GB,Y,9/10,0,user1853@gmail.com,(910) 555 0180,,crm_export_v2,,competitor offer,missing
1874,CUST100674,"Sep 23, 2022",48,Female,Dubai,Basic,Month to month,PayPal,59,USD 27.18,"1,559.59",1,,Y,5,40,user674@yahoo.com,+1-201-555-0196,,crm_export_v2,,moved,1
1875,CUST101629,10-05-2019,57,f,Dubai,Basic ,Month-to-month,PayPal,5,15.68,78.27,5,99999,True,8,68,user1629@yahoo.com,687.555.0165,,crm_export_v2,,poor service,Churned
1876,CUST101387,12-13-2020,26,f,Chicago,Basic,One year,Bank Transfer,51,30.74,1539.41,1,59.6,Yes,6,78,user1387@example.org,+1-575-555-0151,,crm_export_v2,,,no
1877,CUST100069,2021/10/25,forty,female,Singapore,Standard,ONE YEAR,null,28,$53.06,"$1,521.25",1,173363 MB,Y,N/A,58,user69@mail.net,231.555.0105,,crm_export_v2,,,0
1878,CUST101572,"May 27, 2023",49,Male,Toronto,Basic,Month-to-month,Auto-debit,4,24.03,$96.93,0,105.1,True,7,58,no-email,(433) 555 0142,,crm_export_v2,,,Retained
1879,CUST100808,05-06-2021,45,Female ,Dubaii,Basic,One year,AUTO-DEBIT,64,26.54,1632.49,2,112.5,n,6,43,user808@mail.net,+1-374-555-0166,,crm_export_v2,,,FALSE
1880,CUST101184,07-09-2021,51,Femail,Sao Paulo,Basic,Month-to-month,Bank Transfer,68.0,25.25,1747.68,1,47.2,TRUE,7/10,45,user1184@gmail.com,+1-361-555-0124,,crm_export_v2,,,N
1881,CUST100011,2024/11/06,23,Male, Berlin,BASIC,One year,Credit Card,70,11.61,779.58,3,53.9,Y,5,2,user11@example.org,(964) 555 0186,,crm_export_v2,,,no
1882,CUST100144,13/12/2024,37,Female,Dubai,Standard,Month-to-month,Credit Card,18,51.62,$901.44,0,185.8 GB,Yes,5,88,user144@outlook.com,7325550198,,crm_export_v2,,price,yes
1883,CUST100917,09-14-2023,18,Female,Torontoo,Basic ,Month to month,PayPal,13,35.61,454.26,5,96.1,TRUE,3,60,user917@mail.net,+1-396-555-0173,test,crm_export_v2,,poor service,Y
1884,CUST101541,2020-06-13,53,,Zürich,Premium,Month-to-month,paypal,49,USD 79.01,3924.3,0,34.9,1,8,66,user1541@example.org,4805550110,,crm_export_v2,,,FALSE
1885,CUST101451,2019-03-31,49,Female,New York,Basic,One year,Credit Card ,31.0,26.2,801.5,1,22.6,Y,6,63,user1451@outlook.com,(928) 555 0141,,crm_export_v2,,,0
1886,CUST100639,"Sep 08, 2024",48,FEMALE,CHICAGO ,Std,Month-to-month,-,34,43.36$,1540.49,0,19.7,True,3,60,user639@gmail.com,null,,crm_export_v2,,moved,Churned
1887,CUST100176,20.04.23,34,FEMALE,None,Standard,Two year,Credit Card,62,49.12$,3082.19,3,0.061 TB,y,2,18,user176@example.org,(834) 555 0169,,crm_export_v2,,,FALSE
1888,CUST100994,05/03/2022,33,Femail,Dubai,Premium,MONTH-TO-MONTH,Auto-debit ,16,77.89,1278.68,4,80.8 GB,1,None,77,?,+1-832-555-0122,,crm_export_v2,,,Retained
1889,CUST100440,2024/11/01,49,Male,Sao Paulo,Basic,Month-to-month,Credit Card,58,USD 33.45,?,2,79.3,False,6,28,user440@mail.net,+1-758-555-0130,,crm_export_v2,,,Retained
1890,CUST101838,05-01-2020,-,Female,Singapore,Basic,Month-to-month,Credit Card ,19,$15.29,295.89,3,191.0,0,2,77,user1838@mail.net,(925) 555 0115,,crm_export_v2,,price,TRUE
1891,CUST100521,17.11.19,45,FEMALE,São paulo,Premium,One year,Bank Transfer,62,81.27,"4,792.67",2,46.8,Y,4,86,NA,+1-619-555-0131,,crm_export_v2,,price,Churned
1892,CUST101068,31.12.20,51,Male,Singapore,Basic,One year,Debit Card,54,USD 24.9, ,0,102.2 GB,True,4,5,user1068@example.org,380.555.0183,,crm_export_v2,,,0
1893,cust101896,06-11-2022,81,Female,SÃO PAULO,STANDARD,One year,Bank Transfer,?,53.28, ,1,41.6,TRUE,2,43,N/A,(509) 555 0134,,crm_export_v2,,competitor offer,Yes
1894,CUST101712,"Apr 11, 2024",47,Female,Chicago,Standard,TWO YEAR,Credit Card,10,41.54,$418.12,1,44.8,Y,7,62,N/A,6905550175,asked for discount,crm_export_v2,,price,Y
1895,CUST101004,08.10.19,37,Female,Berlin,Premium,Month-to-month,Debit Card,26,84.32,"$2,257.08",0,144.9,y,8,6,user1004@yahoo.com,4165550156,,crm_export_v2,,,Retained
1896,CUST101255,2019/07/05,42,Male,Singapore,Basic,Month-to-month,Auto-debit,22,14.64,322.64,2,90.5,1,9,14,user1255@outlook.com,(461) 555 0199,,crm_export_v2,,moved,1
1897,CUST101234,2022/10/27,39,Female,Zürich,Basic,Two year,Debit Card,69,17.76,1173.52,1,151.1 GB,1,10,3,user1234@@gmail,+1-744-555-0102,,crm_export_v2,,,No
1898,CUST101664,24/02/2022,28,f,Mumbai,Standard,Month-to-month,Credit Card,54,59.58,3229.8,2,66.6,True,6,15,user1664@outlook.com,898.555.0111,,crm_export_v2,,,0
1899,CUST100143,2021-06-13,60,Male,london,Basic,Month-to-month,Debit Card,58,USD 20.42,1219.38,2,18.1 GB,True,4,15,user143@gmail.com,+1-620-555-0170,,crm_export_v2,,,no
1900,CUST100753,2024-08-12,55,Male,null,standard,Month-to-month,Credit Card ,6,36.18,$213.50,2,81.3 GB,yes,10,-5,user753@outlook.com,(223) 555 0127,,crm_export_v2,,price,1
1901,CUST100519,07-25-2022,52,Male,Dubai,Basic,One year,Credit Card,36,27.64,1018.55,6,91.5 GB,TRUE,3,45,user519@gmail.com,324.555.0150,,crm_export_v2,,poor service,Yes
1902,cust101849,29.12.19,22,f,TORONTO,Basic,Month-to-month,Auto-debit,15,25.85,396.79,4,94105 MB,TRUE,,69,user1849@gmail.com,+1-469-555-0179,,crm_export_v2,,price,TRUE
1903,CUST101322,2022/04/18,20,Male,Berlin,basic,?,PayPal,72,13.7$,"$1,007.85",1,3.4 GB,True,7,64,user1322@@gmail,389.555.0130,,crm_export_v2,,,0
1904,CUST100822,2019/10/26,54,Male,Berlin,Basic,TWO YEAR,Bank Transfer,31,$29.47,905.08,3,83.6,Yes,8,14,user822@example.org,(537) 555 0199,,crm_export_v2,,,No
1905,CUST101790,03.07.22,45,Male,London,Basic,MONTH-TO-MONTH,Credit Card,30,21.72,669.99,3,94208 MB,Y,5,81,user1790@yahoo.com,+1-801-555-0127,,crm_export_v2,,poor service,1
1906,CUST100428,24/02/2019,65,Male,Zürich,Basic,Two year,Bank Transfer ,67,23.56,"$1,506.29",1,37.3,True,8,54,user428@gmail.com,(432) 555 0190,duplicate account?,crm_export_v2,,,Retained
1907,CUST100612,09-14-2023,45,Male,Zürich,Bsc,Month-to-month,PayPal,20,12.28,249.45,3,143.9 GB,True,-,77,USER612@EXAMPLE.ORG,NA,VIP???,crm_export_v2,,poor service,1
1908,CUST101505,15/06/2020,45,Male,Dubai,Premium,Two year,Credit Card,24,$83.18,2024.88,0,161.0,True,10,73,user1505@outlook.com,(557) 555 0149,VIP???,crm_export_v2,,,0
1909,CUST101783,2024/09/22,46,Female,DUBAI,Prem,Month-to-month,PAYPAL,29,$75.80,None,2,103.6 GB,FALSE,7,55,user1783@outlook.com,+1-690-555-0123,,crm_export_v2,,competitor offer,Yes
1910,CUST101032,2023-05-20,70,F,Pariss,Premium,One year,credit card,3,$88.84,$268.35,2,22.8,1,8,-5,user1032@outlook.com,351.555.0184,,crm_export_v2,,,FALSE
1911,CUST100156,10-04-2019,38,Male,sydney,Basic,Two year,PayPal,55,10.45,581.07,2,55.6,y,4,nan,user156@example.org,(341) 555 0163,,crm_export_v2,,,0
1912,CUST100539,"Feb 16, 2019",18,m,New York,STANDARD,Two year,Auto-debit,56,44.92,"$2,568.98",1,83.3,Y,5,72,USER539@GMAIL.COM,+1-448-555-0171,,crm_export_v2,,,No
1913,CUST101530,2019-07-16,18,F,Chicgo,Premium,One year,Credit Card,36,$79.46,"$2,804.73",1,51.6,no,5,53,user1530@mail.net,+1-965-555-0152,,crm_export_v2,,,0
1914,CUST101460,2023-09-27,34,Male ,Zürich,STANDARD,Month-to-month,Credit Card,38,54.48,"$2,112.07",0,118.9,Yes,9,74,user1460@gmail.com,723.555.0173,,crm_export_v2,,,FALSE
1915,CUST101290,"May 26, 2020",44,Female,None,N/A,Month-to-month,Bank Transfer,68,15.03,1059.6,2,N/A,TRUE,7,78,user1290@mail.net,890.555.0115,,crm_export_v2,,,Retained
1916,CUST101850,29.06.19,51,Female,Chicago,Basic,Two year,Debit Card,NA,19.45$,75.1,1,69836 MB,TRUE,9,57,user1850@gmail.com,(326) 555 0119,,crm_export_v2,,,FALSE
1917,CUST100461,null,50,Female,New York,Standard ,Month-to-month,PayPal,10,4212.0,$412.52,2,134.0 GB,True,6,62,USER461@OUTLOOK.COM,2865550191,,crm_export_v2,,competitor offer,Churned
1918,CUST100576,2024/07/20,40,Male ,Sydney,Basic,One year,Auto-debit ,37,24.16,892.37,2,nan,True,5,46,user576@mail.net,+1-232-555-0164,,crm_export_v2,,moved,Y
1919,CUST101362,2021/02/07,54,f,singapore,Basic,Two year,Credit Card,59,$26.11,"$1,565.16",1,47.3 GB,FALSE,5,72,user1362@outlook.com,(580) 555 0156,,crm_export_v2,,,no
1920,CUST100255,13/11/2019,46,male,London,STANDARD,One year,Debit Card,19,NA,970.51,1,127795 MB,Yes,9,5,user255@example.org,976.555.0140,,crm_export_v2,,no longer needed,Churned
1921,CUST100979,05-24-2022,31,F,Toronto,Basic,Two year,Auto-debit,65,10.0, ,2,34.0 GB,Yes,4,9,user979@mail.net,998.555.0192,,crm_export_v2,,,Retained
1922,CUST101185,"Nov 04, 2020",30,Male ,dubai,Basic ,Two year,Credit Card,71,10.68,$767.42,0,105.0,y,7,37,user1185@example.org,+1-310-555-0186,,crm_export_v2,,,N
1923,CUST101006,05.02.24,63,Female,Mumbai,Bsc,Month to month,Credit Card,47,21.47,"1,055.23",-1,41.0,True,5,63,user1006@outlook.com,(295) 555 0124,,crm_export_v2,,moved,TRUE
1924,CUST101521,2023-04-08,59,f,São Paulo,Basic,Month-to-month,PayPal,54,18.27,$951.95,3,39.1,yes,5,5,user1521@example.org,+1-904-555-0164,,crm_export_v2,,,FALSE
1925,CUST101689,2019-07-26,44,MALE,toronto,Premium,One year,Bank Transfer,45,86.89,"$3,941.66",0,0.110 TB,1,6,24,user1689@outlook.com,943.555.0167,call back,crm_export_v2,,,0
1926,CUST100560,"Mar 20, 2022",39,Other,London,Basic,One year,Credit Card,68,15.06,"1,039.57",0,64.0,1,5,84,user560@@gmail,2865550154,VIP???,crm_export_v2,,,FALSE
1927,CUST100208,31.07.20,20,Male,Sydney,Standard,MONTH-TO-MONTH,auto-debit,5,52.83,$260.58,1,75.1,1,10/10,41,-,507.555.0102,,crm_export_v2,,poor service,yes
1928,CUST100910,14/08/2023,65,F,Singapur,Standard ,One year,,65,43.28,2913.64,1,83.6,1,9,39,user910@yahoo.com,4905550153,,crm_export_v2,,,Retained
1929,CUST101311,2021-02-01,34,Female,Singapore,Basic,Month-to-month,Auto-debit,15,18.55,272.48,1,32870 MB,yes,5,87,no-email,(549) 555 0166,,crm_export_v2,,poor service,Churned
1930,CUST100001,N/A,53,Female,Berlin,premium,Month-to-month,Auto-debit,66,79.46,"5,241.54",2,212377 MB,False,6,36,N/A,(692) 555 0187,asked for discount,crm_export_v2,,,N
1931,CUST101365,08.02.19,44,Female,Paris,Standard,One year,Bank Transfer ,52,missing,"$1,884.34",5,88.3,FALSE,9,N/A,user1365@example.org,240.555.0193,,crm_export_v2,,poor service,Y
1932,CUST100269,18/07/2022,41,Female,Toronto,Standard,One year,Credit Card,57,51.4$,2820.28,1,186.4,NA,-,20,USER269@YAHOO.COM,+1-473-555-0107,,crm_export_v2,,,FALSE
1933,CUST100265,"Jun 26, 2022",26,Female,Zürich,Basic,One year,Auto-debit,64,13.27,$886.04,2,53.1 GB,n,6,29,user265@mail.net,9995550112,,crm_export_v2,,poor service,Churned
1934,CUST100914,07-20-2022,59,m,Chicgo,premium,Month-to-month,Debit Card,56,USD 79.0,"$4,559.69",2,0.057 TB,no,6,63,USER914@GMAIL.COM,+1-540-555-0154,,crm_export_v2,,price,yes
1935,CUST100230,"Oct 11, 2021",29,Male,New York,Premium ,TWO YEAR,null,47,77.6,"$3,658.10",1,85299 MB,True,7,62,user230@mail.net,(336) 555 0168,,crm_export_v2,,,0
1936,cust100484,10/10/2021,48,Female,PARIS,Bsc,Month-to-month,Credit Card,38,USD 20.56, ,1,107.3 GB,Y,2,67,user484@yahoo.com,2535550191,,crm_export_v2,,moved,yes
1937,CUST101904,12-30-2020,32,Male,Sydney,STANDARD,One year,PayPal,-,44.09,1647.33,2,78.6,TRUE,8/10,35,user1904@mail.net,7785550148,,crm_export_v2,,,0
1938,CUST101119,2021-12-16,40,Female,Singapur,Premium,Month-to-month,Auto-debit,31,$81.65,"2,484.01",0,161177 MB,1,99,77,user1119@mail.net,+1-928-555-0122,,crm_export_v2,,,No
1939,cust101602,"Dec 14, 2023",47,Female,CHICAGO,Premium,Two year,Auto-debit,64,-80,"$4,857.86",None,57548 MB,yes,8,nan,user1602@gmail.com,+1-683-555-0120,,crm_export_v2,,,No
1940,CUST100864,01-28-2024,42, Male,MUMBAI ,Premium,Month-to-month,Auto-debit,0,81.16,4464.64,2,65.6,Y,9,23,user864@example.org,+1-517-555-0135,,crm_export_v2,,,Retained
1941,CUST101066,20.07.24,36,Female,zurich,Basic,Month-to-month,Auto-debit,12,$10.63,131.37,3,75.6,Y,4,missing,N/A,(506) 555 0130,asked for discount,crm_export_v2,,moved,Churned
1942,CUST100873,01.10.19,33,Female,New York,Premium,Month-to-month,PayPal,25,88.01$,2102.38,3,99532 MB,1,6,6,user873@yahoo.com,820.555.0190,,crm_export_v2,,,no
1943,CUST101947,30/06/2024,46,Male,Dubai,premium,Two year,Debit Card,55,71.73,3839.91,1,22.8,No,5,25,user1947@@gmail,9855550152,,crm_export_v2,,,N
1944,CUST100398,06/09/2020,46,Male,Dubai,Prem,one year,Auto-debit,40,79.24,NA,0,40.8 GB,yes,6,6,user398@yahoo.com,+1-978-555-0123,,crm_export_v2,,,N
1945,CUST101988,2020-04-06,28,Female,Berlin,Standard,Two year,Credit Card,71,46.14,3226.17,2,92364 MB,True,3,26,user1988@example.org,(787) 555 0103,,crm_export_v2,,,No
1946,CUST101652,04-24-2019,63,Male,Singapore,Standard,Two year,PayPal,71,$41.06,"$2,925.90",1,87.0 GB,1,8,58,user1652@mail.net,4025550101,,crm_export_v2,,,Retained
1947,CUST100045,2024-10-26,34,Male,Singapore,Basic,MONTH-TO-MONTH,Debit Card,19,$22.61,439.13,3,44.4 GB,y,4,64,user45@mail.net,831.555.0194,,crm_export_v2,,poor service,Y
1948,CUST100161,2022-12-25,nan,F,PARIS,Standard,ONE YEAR,PayPal,36,$45.58,1680.08,0,92.0,yes,10,72,?,8995550119,,crm_export_v2,,,Retained
1949,CUST100991,2022/04/17,37,Female,SYDNEY,Standard,One year,Bank Transfer,42,39.57,1639.8,2,9.1,Y,6,25,user991@mail.net,,,crm_export_v2,,,No
1950,CUST100727,2019/07/12,25,Male,Zürich,Premium,Month-to-month,Auto-debit,11,73.5,829.41,2,177.3,y,7,88,user727@example.org,+1-393-555-0140,VIP???,crm_export_v2,,,0
1951,CUST100629,13.03.21,45,Male ,Berlin,Basic,Month-to-month,Auto-debit,70,16.83$, ,6,43.3 GB,No,0,8,user629@mail.net,8845550100,,crm_export_v2,,price,Churned
1952,CUST100288,null,33,F,Pariss,basic,Two year,PayPal,61,$21.90,1351.36,3,79.3,1,7,79,user288@gmail.com,12345,,crm_export_v2,,,FALSE
1953,CUST101613,26/02/2023,28,Male,Toronto,Basic,Month-to-month,Bank Transfer,62,20.58,"$1,250.83",1,151.7 GB,0,5,35,user1613@yahoo.com,+1-502-555-0191,,crm_export_v2,,no longer needed,Yes
1954,CUST101059,12/11/2020,48,MALE,Paris,Standard,Month-to-month,Bank Transfer,12,$45.48,535.47,0,27.7,Yes,9,86,missing,271.555.0146,,crm_export_v2,,,Retained
1955,CUST101925,NA,40,m,Dubai,Basic,Month-to-month,Bank Transfer,30,19.01,571.8,3,161.1,N,-1,15,user1925@example.org,+1-576-555-0152,,crm_export_v2,,poor service,Yes
1956,CUST100400,2024-12-25,forty,female,São Paulo,Basic,One year,Bank Transfer,nan,10.0,134.31,,48.2,N,7,15,user400@yahoo.com,383.555.0167,,crm_export_v2,,,No
1957,CUST101948,01-04-2019,66,Male,London,premium,One year,Credit Card,6,USD 87.99,$517.59,2,101.5,Yes,4,N/A,user1948@yahoo.com,(221) 555 0142,,crm_export_v2,,,N
1958,CUST100575,"Mar 29, 2021",44,F,Chicago,Standard,Month-to-month,Debit Card,37,50.41,1774.79,4,43008 MB,True,?,79,user575@gmail.com,8735550107,,crm_export_v2,,moved,Y
1959,CUST100850,16/11/2024,53,Male,São Paulo,Premium,Month-to-month,Auto-debit,8,77.97,605.76,1,126.2 GB,y,7,40,user850@mail.net,+1-308-555-0194,,crm_export_v2,,poor service,TRUE
1960,CUST101339,"Jun 12, 2021",-66,f,Singapore,standard,One year,Credit Card,9,47.18,404.92,2,53.5 GB,y,5,81,user1339@yahoo.com,000-000-0000,,crm_export_v2,,,No
1961,CUST101418,2024/02/29,33,Female,Sydney,Standard,ONE YEAR,Auto-debit,61,40.42,"$2,511.99",2,132.1,True,8,43,no-email,(680) 555 0148,,crm_export_v2,,,FALSE
1962,CUST100911,"Feb 06, 2020",60,Male,Toronto,STANDARD,Month-to-month,Debit Card,8,58.41,nan,3,40.0 GB,True,5,11,user911@gmail.com,2045550132,,crm_export_v2,,,No
1963,CUST101254,"Nov 24, 2022",31,f,toronto,Basic,Month-to-month,PayPal,4,24.28,93.87,3,86.8,null,9,15,user1254@yahoo.com,712.555.0131,,crm_export_v2,,competitor offer,Churned
1964,CUST101833,2019/06/07,38,m,mumbai,Std,Month-to-month,Auto-debit ,32,51.81,"1,589.49",2,47.0 GB,no,5,70,user1833@yahoo.com,+1-540-555-0165,,crm_export_v2,,price,Y
1965,CUST101722,2022-11-30,18,other,Toronto,Basic,Month-to-month,Debit Card,26,17.98,473.27,?,26.5,yes,6,88,user1722@outlook.com,6535550132,asked for discount,crm_export_v2,,competitor offer,TRUE
1966,CUST101980,12-11-2022,46,Male,London,Basic,Month-to-month,Bank Transfer,39,20.47,$760.70,5,120.2,Y,7,31,user1980@outlook.com,-,,crm_export_v2,,no longer needed,nan
1967,CUST101735,14.10.23,52,Female,London,Basic,Month-to-month,PAYPAL,33,19.06,620.66,4,71.9,1,4,72,user1735@mail.net,+1-483-555-0199,,crm_export_v2,,poor service,TRUE
1968,CUST100932,missing,27,Male,São Paulo,Basic,Month-to-month,Bank Transfer,52,$24.42,,2,120.1,yes,8,78,user932@mail.net,(764) 555 0183,,crm_export_v2,,,Retained
1969,CUST101901,2022-03-08,42,Male,Sydney,Basic,Month-to-month,DEBIT CARD,22,19.86,424.18,2,51.2,Y,7,76,user1901@mail.net,(869) 555 0118,,crm_export_v2,,price,yes
1970,CUST101100,2021-11-16,41,m,Mumbai,Standard,One year,Debit Card,12,$47.42,550.62,5,33.6,y,9,76,,(550) 555 0154,,crm_export_v2,,price,Y
1971,CUST101044,2023/04/03,64,m,Singapore,Premium,Month-to-month,PayPal,22,$70.73,"$1,556.18",1,50.9,Y,5,83,user1044@gmail.com,2485550134,n/a,crm_export_v2,,price,TRUE
1972,CUST101657,03-28-2024,34,Female,Zurich,Standard,One year,Debit Card,58,$43.49,2530.55,2,76.7,True,8,4,user1657@mail.net,(437) 555 0112,,crm_export_v2,,,Retained
1973,CUST101207,04-28-2023,45,Male,New York,Standard,Month to month,-,66,42.19,"$2,675.76",1,48.7,True,8,10,user1207@yahoo.com,+1-887-555-0195,,crm_export_v2,,,No
1974,CUST100247,2021/06/29,18,Male ,Mumbai,Basic,Month-to-month,Debit Card,14,20.36,283.02,4,34.0 GB,n,10,36,user247@gmail.com,269.555.0118,,crm_export_v2,,moved,Churned
1975,CUST101843,2024/01/27,33,M,SINGAPORE,Premium,Month-to-month,Auto-debit,55,$82.64,4353.37,1,75.7,True,8,71,user1843@outlook.com,517.555.0172,,crm_export_v2,,poor service,Churned
1976,CUST101848,"Feb 14, 2022",34,Male,Torontoo,Standard,Month-to-month,Debit Card ,32,$48.30,"$1,557.51",5,38.3,y,3,11,user1848@mail.net,230.555.0121,duplicate account?,crm_export_v2,,price,yes
1977,CUST100476,29/01/2024,60,Female,Chicago,Basic,Month-to-month,Debit Card,4,$17.54,70.35,0,106.0,no,7,58,user476@outlook.com,998.555.0130,,crm_export_v2,,,N
1978,CUST101899,13.01.21,48,f,Zürich,Standard,Two year,Bank Transfer,13,50.55,$628.53,2,109772 MB,None,9,9,user1899@@gmail,7825550178,,crm_export_v2,,poor service,TRUE
1979,CUST101694,12-17-2019,32,Male,mumbai,Bsc,Two year,Auto-debit,32,21.54,$669.66,null,131.8,y,3,61,user1694@yahoo.com,827.555.0173,,crm_export_v2,,,no
1980,CUST100085,03-14-2023,42, Male,LONDON ,basic,Month-to-month,Credit Card,38,18.28,675.7,1,31.9,yes,5,77,user85@yahoo.com,(904) 555 0133,,crm_export_v2,,,N
1981,CUST100469,2024-08-05,35,Female,Mumbai,Standard,One year,Debit Card,14,41.34,558.28,4,130.8,1,5,79,user469@example.org,5375550178,,crm_export_v2,,price,Churned
1982,CUST100225,11-01-2020,38,Male,Mumbai,Premium,Month-to-month,Credit Card,4,69.32,289.89,0,110.6 GB,Y,5,58,user225@mail.net,989.555.0174,,crm_export_v2,,moved,1
1983,CUST101912,2019/01/07,46,Female,Mumbai,Standard,Month-to-month,Bank Transfer,50,USD 42.7,"$2,106.32",1,36454 MB,True,10,71,user1912@mail.net,None,,crm_export_v2,,no longer needed,yes
1984,CUST100774,2024-01-28,60,Femail,Dubai,Standard,Two year,Credit Card,39,47.75,"$1,797.43",1,145.3,yes,9,11,user774@example.org,(851) 555 0156,,crm_export_v2,,,No
1985,CUST100331,23/03/2021,26,Female,Toronto,Std,Month-to-month,Bank Transfer,53,43.6,"$2,408.44",,68.9 GB,Yes,5,82,user331@gmail.com,(683) 555 0197,,crm_export_v2,,poor service,Y
1986,CUST100233,2023-07-20,24,Female,london,Basic,One year,Auto-debit,11,12.24,$139.53,2,51.4,n,5,7,user233@outlook.com,(276) 555 0134,asked for discount,crm_export_v2,,,No
1987,CUST100588,08.01.24,33,Femail,london,Standard,One year,Credit Card,missing,49.77,"$3,357.22",2,70.8,Yes,8,30,user588@outlook.com,477.555.0152,,crm_export_v2,,,FALSE
1988,CUST100475,2023/09/15,23,Female,Dubai,Standard,Month-to-month,Bank Transfer,70.0,40.49,"$2,899.29",2,22.3 GB,yes,10,-,user475@example.org,3675550194,,crm_export_v2,,,N
1989,CUST101284,2021-04-16,40,Male,Paris,BASIC,Month-to-month,Credit Card,12,USD 18.46,217.69,2,46.4,True,4,81,user1284@outlook.com,914.555.0145,Recontact in Q3,crm_export_v2,,competitor offer,yes
1990,CUST100573,"Apr 18, 2019",38,Male,São Paulo,Basic,Month-to-month,PayPal,25,$31.57,812.17,3,50.2,yes,4,35,user573@mail.net,+1-347-555-0133,Recontact in Q3,crm_export_v2,,poor service,yes
1991,CUST100599,2022/11/08,26,F,Sidney,Standard,Month-to-month,Credit Card,8,46.84,384.67,0,51.0,1,5,20,user599@outlook.com,7195550101,,crm_export_v2,,,No
1992,CUST100421,2023-03-01,45,Female,São Paulo,Standard,Two year,Bank Transfer,34,$46.57,1655.6,five,16.9,y,6,33,N/A,+1-744-555-0143,,crm_export_v2,,,no
1993,CUST101711,"Oct 25, 2021",18,Male,N/A,Standard ,One year,Debit Card,36,49.22,nan,two,11.8,Yes,3,47,user1711@@gmail,6855550125,,crm_export_v2,,price,1
1994,CUST100182,2021/12/25,54,Male,São Paulo,Standard ,One year,Debit Card,11,$42.22,$478.41,0,,yes,7,71,user182@gmail.com,(469) 555 0183,,crm_export_v2,,competitor offer,Yes
1995,CUST100988,2020-06-23,28,f,Chicago,Standard,Month-to-month,Bank Transfer,38,$53.41,"$2,073.34",3,-,Y,9,35,user988@gmail.com,+1-784-555-0100,,crm_export_v2,,moved,1
1996,CUST101000,06.11.23,40,M,Sidney,Standard,Month-to-month,Auto-debit,20,nan,790.61,2,71.7,False,4,56,user1000@outlook.com,9785550121,,crm_export_v2,,,No
1997,CUST101641,04-21-2019,52,Male,Dubai,Basic ,One year,Debit Card,24,13.61,$323.92,2,49.2,yes,4,59,user1641@gmail.com,9405550163,,crm_export_v2,,,Retained
1998,CUST101356,2021-01-23,41,f,Paris,Basic,Two year,Auto-debit,45,missing,$655.18,4,112.8,TRUE,8,89,user1356@example.org,2415550124,,crm_export_v2,,,Retained
1999,CUST101462,04-15-2019,65,Female,Paris,Std,Month-to-month,PayPal,32,51.37,1623.75,2,28.4,True,7,5,user1462@@gmail,(427) 555 0138,,crm_export_v2,,,Retained
2000,CUST100049,09-01-2023,42,female,new york,Basic,Month-to-month,Auto-debit,6,18.22,106.6,2,47.5 GB,y,6,47,user49@gmail.com,(771) 555 0194,,crm_export_v2,,,Retained
2001,CUST100282,-,21,Male,Berlin,Standard,Two year,PayPal,58,43.78,2499.24,1,105.3,False,3,59,user282@gmail.com,305.555.0164,,crm_export_v2,,,Retained
2002,CUST101029,01.01.21,45,Male,Mumbai,Bsc,Month-to-month,PayPal,47,17.81,832.18,3,122.0,Y,3,0,user1029@outlook.com,414.555.0106,,crm_export_v2,,,N
2003,CUST100529,09/07/2024,45,Female,London,Standard,Month-to-month,Auto-debit,47,55.38,2578.59,2,68.4,FALSE,6,-,user529@gmail.com,6715550109,,crm_export_v2,,price,Yes
2004,CUST101258,"Mar 29, 2022",44,FEMALE,New York,Bsc,MONTH-TO-MONTH,PayPal,13,12.02, ,1,157.8,missing,5,55,user1258@yahoo.com,5465550172,,crm_export_v2,,,FALSE
2005,CUST100486,01/01/2021,36,Female,Zürich,Standard,Month-to-month,PayPal,17,$41.42,684.69,3,-10,FALSE,10,58,user486@yahoo.com,+1-813-555-0118,,crm_export_v2,,,Retained
2006,cust101437,"Nov 30, 2022",30,Female,DUBAI,Basic ,month-to-month,Credit Card,-,27.03,1101.58,5,77.3,Yes,1/10,42,user1437@mail.net,731.555.0155,,crm_export_v2,,competitor offer,Yes
2007,CUST100497,03-30-2021,54,MALE,Sidney,Standard,Month-to-month,Auto-debit,6,39.76,$244.07,1,144.6,True,6,78,user497@example.org,null,,crm_export_v2,,poor service,1
2008,CUST101908,2019/03/22,18,Other,Paris,STANDARD,One year,Debit Card,66,$56.13,3645.78,2,88.5,TRUE,9,36,None,(349) 555 0131,,crm_export_v2,,,no
2009,CUST101646,22.01.21,36,Male,mumbai,standard,Month-to-month,Auto-debit ,28,34.37,991.1,None,125.5,yes,6,5,user1646@gmail.com,+1-762-555-0119,,crm_export_v2,,,No
2010,CUST100106,2023-09-05,20,Male ,Zürich,Basic,Month-to-month,Bank Transfer,37,$10.00,380.27,2,60.7,y,7,44,user106@example.org,2575550172,,crm_export_v2,,,Retained
2011,CUST100443,2021-12-05,36,female,sao paulo,Basic,Month-to-month,Auto-debit,17,$17.41,298.42,five,69.5,Yes,8,46,user443@example.org,(672) 555 0161,,crm_export_v2,,,0
2012,CUST101954,N/A,44, Male,Paris,premium,Month-to-month,Bank Transfer,55,86.38,4642.02,1,115.3,Yes,7,16,user1954@outlook.com,+1-241-555-0154,asked for discount,crm_export_v2,,,0
2013,CUST101512,2023/06/18,37,M,London,Basic,One year,Debit Card,72,USD 11.63,$813.58,2,127078 MB,Yes,10,67,user1512@mail.net,+1-249-555-0182,,crm_export_v2,,competitor offer,1
2014,CUST100646,2021-10-05,42,MALE,Sao Paulo,Premium,One year,Credit Card,24,87.44, ,3,118.0,Y,10,46,user646@example.org,(594) 555 0102,,crm_export_v2,,,N
2015,CUST101036,31.05.24,44,Female,São Paulo,BASIC,Month-to-month,Credit Card,66,17.28,1148.06,zero,23859 MB,0,3,7,user1036@gmail.com,+1-729-555-0161,,crm_export_v2,,,0
2016,CUST101762,23/01/2019,25,Male,São Paulo,Premium,Month-to-month,Auto-debit,40,8275.0,3230.56,2,null,N/A,6,21,user1762@outlook.com,None,,crm_export_v2,,,N
2017,CUST100726,2023/04/29,thirty five,M,SYDNEY,standard,Month-to-month,Bank Transfer,33,$47.64,1564.48,4,165.2 GB,No,5,33,user726@mail.net,(646) 555 0177,asked for discount,crm_export_v2,,no longer needed,yes
2018,CUST100190,06.02.23,60,Female ,Berlin,Basic,Month-to-month,None,68,20.38,"$1,375.87",2,44.0 GB,Y,5,8,user190@outlook.com,+1-677-555-0115,,crm_export_v2,,,No
2019,CUST101788,2021-11-01,25,Female,Berlin,BASIC,Month to month,auto-debit,6,10.18,64.08,5,5.7 GB,Y,8,41,user1788@mail.net,7145550134,,crm_export_v2,,price,TRUE
2020,CUST101856,01.04.21,28,Male,London,PREMIUM,Month to month,Debit Card,57,$79.36,4391.94,2,193.5,Yes,4,67,user1856@@gmail,(544) 555 0171,,crm_export_v2,,price,1
2021,CUST100282,-,21,Male,Berlin,Standard,Two year,PayPal,58,43.78,2499.24,1,105.3,False,3,59,user282@gmail.com,305.555.0164,,crm_export_v2,,,Retained
2022,CUST100029,29.08.21,51,Male ,paris,Bsc,Two year,Bank Transfer,19.0,$21.35,413.09,4,59.5,y,5,39,user29@gmail.com,+1-933-555-0197,,crm_export_v2,,moved,Yes
2023,CUST100169,"Feb 19, 2019",42,Female,Singapore,Basic,Month-to-month,Debit Card,49,$21.57,"1,047.82",1,60.8 GB,0,7,61,user169@outlook.com,604.555.0100,VIP???,crm_export_v2,,,N
2024,CUST101001,"Jun 02, 2023",35,Male,dubai,Basic,Two year,Debit Card,18,16.34$,288.84,3,68.7,True,10,1,nan,8795550186,,crm_export_v2,,,FALSE
2025,CUST101204,2022-11-26,27,Female,London,nan,Two year,missing,28,79.12,"$2,218.00",2,84.6,Y,5,40,None,(586) 555 0196,,crm_export_v2,,no longer needed,Y
2026,CUST100100,2023/12/29,47,Female,NEW YORK,Basic,Month-to-month,PayPal,64,15.88,"$1,050.44",2,35430 MB,?,5,70,user100@gmail.com,7735550121,,crm_export_v2,,,N
2027,CUST100197,09-16-2019,28,F,Mumbai,Premium ,TWO YEAR,Auto-debit,71,83.2,5940.79,2,70.1 GB,1,9,81,user197@gmail.com,550.555.0134,##,crm_export_v2,,,FALSE
2028,CUST100495,2021/06/22,30,Male,PARIS,Basic,One year,PayPal,37,$15.41,$586.62,1,18.2 GB,TRUE,8,65,user495@outlook.com,452.555.0102,,crm_export_v2,,,FALSE
2029,CUST101960,"Jan 13, 2024",45,Male,Zurich,Basic,Month-to-month,Debit Card,33,15.43$,$523.07,1,27.7 GB,1,3,29,user1960@outlook.com,null,,crm_export_v2,,competitor offer,Churned
2030,CUST101745,11-14-2024,40,Male,São Paulo,standard,Month-to-month,Credit Card,59,USD 47.89,N/A,3,49.0,TRUE,7,8,user1745@example.org,(963) 555 0104,duplicate account?,crm_export_v2,,,Retained
2031,CUST100647,"Mar 18, 2022",32,Male,Sydney,Standard,One year,Bank Transfer,15,49.06,null,0,26828 MB,TRUE,6,74,user647@outlook.com,9775550157,,crm_export_v2,,,No
2032,CUST100987,"Nov 23, 2020",44,Male,Paris,Basic,Two year,Credit Card,56,27.7,1561.04,2,75.8,TRUE,7,7,user987@mail.net,+1-254-555-0141,,crm_export_v2,,,0
2033,CUST100044,2019-05-29,N/A,Male,Zürich,Premium,Two year,Auto-debit,6,78.17,472.3,2,39.2,True,8,71, user44@yahoo.com ,+1-290-555-0185,,crm_export_v2,,,No
2034,cust100871,"Mar 17, 2020",60,Female,SÃO PAULO,Standard,Month-to-month,Debit Card,29,45.54,"$1,285.66",2,32.7,no,7,6,user871@gmail.com,(793) 555 0183,,crm_export_v2,,,N
2035,CUST100710,2023-01-27,46,Female ,Berlin,Basic ,Month-to-month,paypal,55,23.31,1295.1,3,61.8,yes,10,11,user710@gmail.com,(870) 555 0197,,crm_export_v2,,,0
2036,CUST100373,03-29-2021,31,Female,Singapore,Std,TWO YEAR,Bank Transfer,1200,45.85,2188.81,1,41.7,Y,6,55,no-email,7505550150,,crm_export_v2,,,FALSE
2037,CUST100678,2022/02/19,42,Female,New York,standard,One year,Debit Card,61,50.13,"$3,055.88",3,91.6 GB,y,6,25,user678@outlook.com,+1-667-555-0130,,crm_export_v2,,,Retained
2038,CUST100566,2020/05/14,26,Male,New York,Basic,Month-to-month,Debit Card,14,$17.82,239.79,1,30.6,yes,nan,,user566@example.org,741.555.0144,,crm_export_v2,,poor service,TRUE
2039,CUST101672,08-09-2020,33,m,Singapore,Std,Two year,Auto-debit,17,42.44,757.09,1,72.5,True,6,26,user1672@@gmail,9055550150,,crm_export_v2,,,no
2040,CUST101821,08-02-2023,34,Male,Toronto,BASIC,One year,Auto-debit,46,19.35,$929.53,1,48.0 GB,Yes,5,62,user1821@gmail.com,+1-546-555-0175,,crm_export_v2,,moved,Yes
2041,CUST100847,2019/04/24,43,f,Berlinn,Basic,One year,Debit Card,65,11.36,740.04,3,115.9,Yes,6,9,user847@mail.net,+1-669-555-0155,call back,crm_export_v2,,,no
2042,CUST100460,04/05/2023,missing,female,Toronto,Basic,Month-to-month,Bank Transfer,26,$15.27, ,3,70.3 GB,yes,6,42,user460@outlook.com,+1-813-555-0129,,crm_export_v2,,,N
2043,CUST101932,01-02-2024,52,Male,NYC,Premium,One year,PayPal,45,81.49,"$3,754.91",0,28.2,Yes,3,63,user1932@outlook.com,+1-846-555-0173,,crm_export_v2,,,FALSE
2044,CUST101437,"Nov 30, 2022",30,Female,Dubai,Basic ,month-to-month,Credit Card,-,27.03,1101.58,5,77.3,Yes,1/10,42,user1437@mail.net,731.555.0155,,crm_export_v2,,competitor offer,Yes
2045,CUST101155,09/07/2022,30,Male,Toronto,standard,Month-to-month,null,17,39.51, ,2,147.7,y,5,47,user1155@gmail.com,(241) 555 0185,,crm_export_v2,,,No
2046,CUST100039,10-15-2022,50,Female,Dubai,Premium,Two year,Auto-debit,23,77.1,1844.54,3,32.3,True,8,72,user39@yahoo.com,4555550110,,crm_export_v2,,,Retained
2047,CUST100434,08-08-2021,37,Female,Sydney,Premium,Month-to-month,Bank Transfer,24,missing,2050.74,0,nan,True,10,2,user434@outlook.com,+1-861-555-0156,,crm_export_v2,,,FALSE
2048,CUST100973,2021-11-04,24,male,Berlin,BASIC,One year,Bank Transfer,4,19.78,79.47,3,101273 MB,1,5,19,user973@gmail.com,(901) 555 0146,,crm_export_v2,,competitor offer,Yes
2049,CUST101786,2020-03-10,42,Male ,São paulo,Standard,Two year,Debit Card,39,45.87,1816.51,1,134.0,TRUE,6,85,user1786@gmail.com,+1-462-555-0131,!!!,crm_export_v2,,no longer needed,Churned
2050,CUST101498,10-20-2021,31,Male,Singapore,Basic ,missing,Auto-debit,31,15.92,483.0,1,0.138 TB,1,9/10,24,user1498@mail.net,(285) 555 0119,,crm_export_v2,,,no
2051,CUST101835,29/10/2019,52,Male,Mumbai,Basic,Month-to-month,Debit Card,6,$15.10,91.7,4,127897 MB,No,4,54,user1835@example.org,6575550156,,crm_export_v2,,competitor offer,1
2052,CUST101840,20/07/2021,18,Female,Berlin,Basic,Month-to-month,Auto-debit,55,18.41,978.77,1,62.0,Yes,2,55,user1840@mail.net,454.555.0161,,crm_export_v2,,,FALSE
2053,CUST100827,null,18,Female,Singapore,Basic,Two year,Credit Card,50,26.89,1381.62,3,40.9 GB,1,5,11,user827@example.org,-,,crm_export_v2,,,no
2054,CUST101935,2019/12/25,54,Femail,singapore,Standard,one year,Auto-debit ,6,40.5, ,1,88.6,1,9,50,user1935@outlook.com,5245550170,,crm_export_v2,,,No
2055,CUST101068,31.12.20,51,Male,Singapore,Basic,One year,Debit Card,54,USD 24.9, ,0,102.2 GB,True,4,5,user1068@example.org,380.555.0183,,crm_export_v2,,,0
2056,CUST100309,26/08/2019,33,FEMALE,Singapore,Basic,Two year,Debit Card,26,19.66,$495.52,3,11.7,N,5,42,user309@gmail.com,534.555.0110,,crm_export_v2,,,no
2057,CUST100276,"Oct 19, 2021",34,N/A,Paris,Premium,Month-to-month,Auto-debit,65,$85.41,5705.1,2,60.9 GB,Y,10,44,user276@example.org,9585550177,,crm_export_v2,,,no
2058,CUST100636,2020/05/30,23,Female,São Paulo,Bsc,Month-to-month,Auto-debit,31,10.0, ,1,41.9,Y,4,19,user636@outlook.com,(685) 555 0116,,crm_export_v2,,moved,Yes
2059,CUST100654,26.04.22,null,Male,chicago,Standard,Two year,Auto-debit,45,40.85,1846.49,0,23.3,y,8,15,no-email,?,,crm_export_v2,,,No
2060,CUST100622,28/12/2019,35,Male,Zürich,Premium,Month to month,PayPal,5,85.69$,$432.81,2,9932 MB,1,5,-5,user622@example.org,943.555.0162,,crm_export_v2,,price,yes
2061,CUST101859,05-29-2023,65,Femail,Zürich,Basic,Month-to-month,PayPal ,19,17.63,$326.49,4,71.2,y,9,9,user1859@@gmail,(634) 555 0171,call back,crm_export_v2,,,No
2062,CUST100844,2019-01-12,18,Male,New York,Basic ,Month-to-month,PayPal,42,$18.69,753.2,2,69.4 GB,,6,4,user844@outlook.com,(995) 555 0126,,crm_export_v2,,,Retained
2063,CUST100393,2022-08-05,36,FEMALE,Chicago,Standard,Two year,Bank Transfer,72,31.39,2339.82,3,83.4,True,5,52,user393@yahoo.com,9165550109,,crm_export_v2,,,0
2064,CUST100349,2019-12-27,38,Male,New York,Basic,Month-to-month,Debit Card,10,21.01,207.4,3,68.8,Y,7,43,user349@yahoo.com,7935550101,,crm_export_v2,,moved,Yes
2065,CUST100784,2021-11-13,33,Female,Torontoo,Premium,Two year,Bank Transfer,67,83.02,"$5,604.85",2,84.1,No,6,86,user784@yahoo.com,+1-900-555-0190,,crm_export_v2,,moved,1
2066,CUST100047,2024-05-09,27,Female,São Paulo,NA,Month-to-month,Bank Transfer,68,38.51,"$2,644.15",2,139.6,1,9,50,user47@yahoo.com,616.555.0194,,crm_export_v2,,,N
2067,CUST101978,06/05/2019,44,Female,London,Basic,Month to month,paypal,48,10.0,$495.84,2,50.6 GB,Yes,1,28,user1978@outlook.com,(446) 555 0146,,crm_export_v2,,competitor offer,Churned
2068,CUST101655,2020/05/21,61,male,São paulo,Basic,Month-to-month,debit card,61,$24.94,1457.01,3,23.1,Yes,8,70,user1655@example.org,610.555.0184,,crm_export_v2,,,Retained
2069,CUST100402,12-02-2020,53,Male ,Zürich,Basic,One year,Bank Transfer,66,18.53,"$1,248.05",1,61849 MB,yes,5,1,user402@gmail.com,(350) 555 0187,,crm_export_v2,,,N
2070,CUST101107,09/06/2024,42,Male,Mumbai,Standard,Month-to-month,Credit Card,9,38.69,None,4,49.3,yes,9,None,NA,+1-552-555-0157,,crm_export_v2,,price,Y
2071,CUST101154,29.10.20,42,Female,DUBAI,Standard,One year,Credit Card,16,40.75,681.91,7,37.2,False,8,10,nan,+1-527-555-0119,,crm_export_v2,,,Retained
2072,CUST101439,09-23-2024,45,Female,London,basic,Month-to-month,Bank Transfer,49,19.71$,966.69,5,62.0,no,6,53,user1439@outlook.com,963.555.0119,,crm_export_v2,,price,Yes
2073,cust100538,03-29-2022,47,Male,,Standard,Month-to-month,Debit Card,13,52.19,681.97,3,188.0,Yes,7,62,user538@yahoo.com,+1-600-555-0184,,crm_export_v2,,poor service,TRUE
2074,CUST101699,06.10.24,36,Female,Mumbai,Premium,Month-to-month,Auto-debit,23,79.24,"1,818.92",1,64204 MB,yes,5,16,user1699@yahoo.com,258.555.0146,n/a,crm_export_v2,,moved,Yes
2075,CUST100989,21.09.23,53,Female,Dubai,Basic,One year,PayPal ,44,14.56,$648.72,2,54.9,1,3,67,user989@mail.net,252.555.0113,,crm_export_v2,,competitor offer,1
2076,CUST101865,2021/06/05,54,Female,Toronto,Bsc,Month-to-month,Auto-debit,22,27.23,594.6,5,35.0 GB,yes,6,59,user1865@example.org,2905550147,,crm_export_v2,,,FALSE
2077,CUST101310,21/02/2022,66,Female,Torontoo,Standard,ONE YEAR,Bank Transfer,49,40.23,"$1,925.49",2,86.3 GB,True,9,59,user1310@gmail.com,+1-928-555-0160,,crm_export_v2,,moved,TRUE
2078,CUST100033,29.04.22,40,Female,Mumbai,basic,Month-to-month,Credit Card,27,28.78,$769.29,2,43.6,n,8,17,user33@mail.net,3055550188,,crm_export_v2,,,FALSE
2079,CUST100787,2023-02-11,55,,Paris,Standard,One year,PayPal,6,USD 50.19,313.88,5,52.2 GB,1,10/10,68,USER787@YAHOO.COM,9055550168,,crm_export_v2,,,N
2080,CUST101043,03-26-2021,25,Male,toronto,Basic,Month-to-month,Debit Card,15,11.25,173.73,2,52.5 GB,y,8,71,user1043@mail.net,669.555.0123,,crm_export_v2,,,No
2081,CUST100481,"Dec 22, 2023",37,Female,Dubai,Standard,Two year,Credit Card,26,42.04,1145.46,3,93.7,yes,2,45,user481@outlook.com,8605550139,Recontact in Q3,crm_export_v2,,,0
2082,CUST101243,08.12.21,51,Male,Chicago,Standard,Month-to-month,Bank Transfer,25,43.76,1039.73,0,13.2,y,8,38,user1243@yahoo.com,+1-509-555-0100,call back,crm_export_v2,,,FALSE
2083,CUST100931,03-13-2023,35,Female,Berlinn,Standard,Month-to-month,Debit Card,38,$35.49, ,1,180.4,1,5,15,user931@example.org,(317) 555 0148,test,crm_export_v2,,,no
2084,CUST101685,13.02.22,58,Male,Berlin,Basic,One year,PayPal,3,23.45,70.05,4,32.4,True,8,88,N/A,2005550139,!!!,crm_export_v2,,no longer needed,1
2085,CUST101248,2020-12-13,41,Male,Dubaii,Basic,Month to month,Credit Card,29,25.26,710.92,6,70.9 GB,n,7,78,null,3215550113,!!!,crm_export_v2,,moved,nan
2086,CUST100759,18/05/2023,29,Female,Zürich,Std,One year,Debit Card,69,3636.0,2445.32,3,5000,Yes,6,40,-,7925550140,duplicate account?,crm_export_v2,,,no
2087,CUST100092,18/01/2024,47,male,Sydney,basic,One year,Auto-debit,-1,13.35,nan,1,126259 MB,yes,7,83,user92@example.org,+1-331-555-0117,test,crm_export_v2,,,N
2088,CUST101175,"Jan 12, 2021",76,Female,São Paulo,Standard ,Two year,Auto-debit,36,48.7,1695.41,2,31.6,TRUE,10,28,user1175@example.org,7055550130,,crm_export_v2,,,No
2089,CUST101415,2023-09-13,21,Female,DUBAI,Basic,Two year,Credit Card ,72,29.44, ,0,66.7 GB,yes,7,46,missing,7725550174,,crm_export_v2,,,no
2090,CUST101341,10-27-2019,58,Female,Sydney,Basic,Two year,PayPal,31,23.23,$741.10,3,80.6 GB,TRUE,6,47,no-email,+1-699-555-0166,,crm_export_v2,,,Retained
2091,CUST101472,2021/09/10,39,m,London,Premium,Month-to-month,paypal,15,$68.97,"$1,076.24",2,49.2 GB,Yes,7,59,user1472@gmail.com,+1-318-555-0143,,crm_export_v2,,,no
2092,CUST101607,2022/07/24,40,Male,Mumbai,BASIC,two year,CREDIT CARD,46,10.0, ,0,174.7,1,99,69,user1607@gmail.com,+1-881-555-0116,VIP???,crm_export_v2,,,Retained
2093,CUST100764,01/03/2021,41,Male,Londn,Basic ,Month-to-month,Bank Transfer,46,18.91,850.39,2,90.7,Yes,2,6,user764@yahoo.com,missing,,crm_export_v2,,,No
2094,CUST101373,2021/07/09,60,Female,NEW YORK,Standard,One year,Debit Card,40,$42.81,1759.68,1,70348 MB,missing,6,62,user1373@mail.net,(413) 555 0124,,crm_export_v2,,,no
2095,CUST101951,2022/08/24,28,Female ,dubai,Premium,Two year,PayPal,69,$92.63,6686.26,0,5000,0,7,73,user1951@yahoo.com,(420) 555 0140,,crm_export_v2,,,no
2096,CUST101728,2021/08/31,53,Female,Paris,Basic,Month-to-month,Auto-debit,59,21.92,"$1,282.78",3,134.5 GB,Y,null,3,user1728@gmail.com,227.555.0130,,crm_export_v2,,poor service,TRUE
2097,CUST100257,2019/08/15,29,Female,Sydney,Premium,month-to-month,PayPal,68,$81.77,N/A,0,123.3,1,10,null,user257@mail.net,(581) 555 0189,,crm_export_v2,,,FALSE
2098,CUST100944,2019/10/11,48,Female,Mumbai,Standard,One year,Auto-debit,36,33.69,"$1,178.22",1,27.9,True,7,34,user944@example.org,348.555.0107,,crm_export_v2,,,0
2099,CUST101219,21.08.21,39,Female,São Paulo,Standard,Two year,bank transfer,43,$31.11,"$1,356.23",2,64.4 GB,Yes,9,79,user1219@mail.net,(402) 555 0131,,crm_export_v2,,,no
2100,CUST101161,2021-12-28,46,Male,Berlin,Basic,One year,null,11,10.0,$112.80,1,120.2 GB,No,4,63,user1161@example.org,N/A,,crm_export_v2,,,No
2101,CUST100772,2019-01-11,42,Female,Pariss,Premium,One year,Bank Transfer,67,-,"$5,361.83",2,45.6,Y,NA,15,no-email,+1-375-555-0114,complained about billing,crm_export_v2,,,0
2102,CUST101486,"Dec 23, 2019",30,Male,Sydney,Basic ,One year,debit card,52,$17.92,914.00,1,95.5 GB,y,10,80,user1486@example.org,+1-294-555-0147,VIP???,crm_export_v2,,,N
2103,CUST100312,"Sep 18, 2019",38,Female,berlin,standard,Month-to-month,Bank Transfer,43,35.73$,1502.62,1,115.3,y,4,62,?,N/A,,crm_export_v2,,poor service,Yes
2104,CUST100290,04/11/2023,40,Female,MUMBAI ,Basic,Month-to-month,PayPal,14,13.65,190.93,1,13619 MB,True,1,67,user290@example.org,+1-456-555-0172,,crm_export_v2,,,no
2105,CUST100763,08-12-2024,40,m,New Yrok,standard,Month-to-month,PayPal,56,48.25,2752.06,0,53.3,False,5,56,user763@outlook.com,421.555.0150,,crm_export_v2,,,No
2106,CUST100183,05.03.23,nan,m,-,Basic,Month-to-month,Credit Card,26,25.24,681.34,1,63.4,0,8/10,62,user183@@gmail,513.555.0128,VIP???,crm_export_v2,,,no
2107,CUST101176,2020-11-24,46,Male,London,Standard,Month-to-month,PayPal,68,37.22,"$2,409.20",5,93.3,True,4,87,user1176@gmail.com,+1-318-555-0198,,crm_export_v2,,no longer needed,Churned
2108,CUST101349,"Jul 27, 2022",37,Female,São Paulo,Basic,MONTH-TO-MONTH,Bank Transfer,47,20.17,991.0,2,128.5,Yes,6,78,USER1349@YAHOO.COM,900.555.0122,n/a,crm_export_v2,,,0
2109,CUST101099,07.08.21,54,Female,missing,Basic,month-to-month,PayPal,63,23.05,1411.68,2,65.5,1,5,1,user1099@mail.net,5555550196,,crm_export_v2,,poor service,1
2110,CUST100391,28.01.20,36,Male,Dubaii,Basic,One year,PayPal,5,26.27,135.12,0,71270 MB,y,4,70,user391@example.org,683.555.0172,,crm_export_v2,,,0
2111,CUST101919,03-06-2022,48,Male,Singapore,Premium ,One year,Auto-debit,11,81.87,903.19,3,16588 MB,Y,?,55,user1919@yahoo.com,671.555.0164,##,crm_export_v2,,,no
2112,CUST101456,2024/11/26,35,Female,Sydney,Premium,Two year,Auto-debit,66,$84.19,5398.32,2,missing,No,7,N/A,user1456@gmail.com,4805550131,,crm_export_v2,,,No
2113,CUST101092,21/01/2024,27,m,Singapore,Standard,One year,Auto-debit,70,45.97,3315.18,3,113.8,n,4,18,user1092@outlook.com,3395550154,,crm_export_v2,,,FALSE
2114,CUST101926,26.02.21,32,Male,New York,Basic,Month-to-month,Credit Card,29,27.2,765.93,1,38.0,Y,6,73,user1926@outlook.com,(644) 555 0145,,crm_export_v2,,price,yes
2115,CUST100904,2021/10/02,34, Male,DUBAI,basic,Two year,Debit Card,72,14.31,1014.54,1,38809 MB,True,8,21,user904@yahoo.com,+1-777-555-0131,,crm_export_v2,,,no
2116,CUST100366,2021-10-25,45,female,Sidney,Bsc,Month-to-month,Debit Card,34,null,740.7,2,85.4,N,6,63,user366@outlook.com,(367) 555 0129,,crm_export_v2,,poor service,TRUE
2117,CUST100345,"Jul 14, 2020",32,Male,Paris,Standard,Month-to-month,debit card,47,$40.34,1809.66,0,105267 MB,True,4,22,user345@outlook.com,961.555.0144,,crm_export_v2,,,N
2118,CUST101372,11/09/2021,52,None,toronto,Standard,nan,PayPal,3,45.88,138.48,4,29.4,Yes,9,14,user1372@example.org,414.555.0151,,crm_export_v2,,price,yes
2119,CUST101639,2020/08/21,28,Female,New York,STANDARD,MONTH-TO-MONTH,Auto-debit,18,42.99, ,1,29.9,Yes,8,29,user1639@mail.net,(949) 555 0194,,crm_export_v2,,,0
2120,CUST100919,25.10.22,27,Male ,Chicago,Standard,month-to-month,Auto-debit,51,47.79,"2,420.71",1,63.5,Yes,5,7,user919@yahoo.com,(910) 555 0194,,crm_export_v2,,,N
2121,CUST100211,2023/04/19,46,Male,São paulo,premium,Month-to-month,Credit Card,24,82.02,"$2,058.50",1,24.2,Y,8,83,None,(700) 555 0192,,crm_export_v2,,,N
2122,CUST101603,25.11.20,71,Male,Chicago,Standard,One year,Debit Card,38,37.75,"$1,425.65",6,74547 MB,True,5,66,user1603@example.org,651.555.0150,,crm_export_v2,,competitor offer,-
2123,CUST100537,2019/09/10,38, Male,Sydney,Standard,Two year,PayPal,62.0,USD 49.74,3164.55,5,0.022 TB,N,-,?,user537@gmail.com,4125550104,,crm_export_v2,,poor service,Y
2124,CUST101220,"Nov 23, 2022",35,Male,dubai,Basic,month-to-month,Credit Card,15,$10.76,157.98,4,137.5,1,10,59,user1220@example.org,420.555.0103,,crm_export_v2,,,No
2125,CUST100175,10-08-2021,18,Male,Mumbai,Basic,Month-to-month,Credit Card,49,14.17, ,0,62.6,1,7,51,user175@gmail.com,888.555.0112,,crm_export_v2,,,N
