customer_id,signup_date,age,gender,city,plan_type,contract_type,payment_method,tenure_months,monthly_charges,total_charges,num_support_calls,data_usage_gb,has_internet_service,satisfaction_score,last_login_days_ago,churn
CUST100000,2019-07-15,31,Female,Berlin,Premium,Two year,PayPal,19,85.39,1571.87,1,63.9,Yes,9,65,1
CUST100001,2023-08-22,53,Female,Berlin,Premium,Month-to-month,Auto-debit,66,79.46,5241.54,2,207.4,No,6,36,0
CUST100002,2022-12-04,41,Male,Sydney,Basic,Month-to-month,Debit Card,29,22.65,661.72,2,72.9,Yes,5,77,1
CUST100003,2021-08-19,37,Male,Chicago,Basic,Month-to-month,Auto-debit,38,12.82,508.28,0,65.7,Yes,7,62,0
CUST100004,2021-08-06,40,Female,Dubai,Standard,Two year,Auto-debit,32,43.93,1427.63,3,89.8,Yes,6,45,0
CUST100005,2024-02-24,44,Male,Berlin,Standard,Month-to-month,Bank Transfer,33,51.58,1622.32,1,62.5,Yes,3,48,0
CUST100006,2019-07-08,49,Female,Singapore,Basic,Month-to-month,Bank Transfer,12,25.82,306.14,2,169.7,Yes,10,20,0
CUST100007,2023-03-08,28,Female,Chicago,Standard,Two year,PayPal,40,40.22,1656.01,7,44.5,Yes,8,79,1
CUST100008,2020-03-17,27,Male,Paris,Premium,Month-to-month,Debit Card,30,76.73,2246.78,1,78.1,Yes,5,5,1
CUST100009,2019-07-26,55,Female,Dubai,Standard,Two year,PayPal,62,39.07,2525.28,5,48.2,No,2,4,0
CUST100010,2022-02-26,36,Female,London,Basic,Month-to-month,Auto-debit,35,16.06,563.73,1,29.8,Yes,6,70,0
CUST100011,2024-11-06,23,Male,Berlin,Basic,One year,Credit Card,70,11.61,779.58,3,53.9,Yes,5,2,0
CUST100012,2023-05-31,47,Female,Berlin,Basic,Two year,Debit Card,22,19.17,410.85,1,94.9,Yes,6,45,0
CUST100013,2023-07-25,47,Female,London,Basic,Month-to-month,PayPal,24,23.8,594.41,2,18.0,Yes,2,16,1
CUST100014,2023-04-21,21,Male,Berlin,Standard,One year,Debit Card,3,40.29,126.81,3,49.0,Yes,5,61,1
CUST100015,2023-09-18,44,Female,Toronto,Standard,Month-to-month,Bank Transfer,54,44.46,2487.99,2,78.3,Yes,6,10,0
CUST100016,2022-01-28,51,Male,Singapore,Standard,One year,Debit Card,6,43.68,257.38,1,29.6,Yes,6,23,1
CUST100017,2019-10-08,46,Female,Sydney,Premium,Two year,Bank Transfer,21,86.33,1861.67,3,86.5,Yes,6,47,1
CUST100018,2024-01-14,49,Female,Mumbai,Basic,One year,Credit Card,66,16.33,1047.84,1,72.0,Yes,7,34,0
CUST100019,2021-09-13,23,Female,Berlin,Basic,Two year,Debit Card,44,16.55,719.79,0,65.3,Yes,10,18,0
CUST100020,2021-12-31,45,Female,London,Basic,One year,Bank Transfer,41,14.92,623.78,1,153.3,Yes,5,5,0
CUST100021,2021-03-23,37,Female,Paris,Basic,One year,PayPal,58,13.17,799.68,2,35.2,Yes,4,1,1
CUST100022,2020-02-04,35,Male,São Paulo,Standard,Month-to-month,Bank Transfer,56,48.18,2681.68,5,57.2,Yes,3,17,1
CUST100023,2024-07-22,52,Male,Berlin,Premium,One year,Bank Transfer,64,79.19,5066.05,2,41.5,Yes,5,25,0
CUST100024,2023-09-08,60,Male,Dubai,Premium,Two year,Debit Card,48,80.33,3747.94,0,35.6,Yes,3,10,0
CUST100025,2022-11-11,64,Female,Dubai,Standard,One year,PayPal,33,52.65,1720.64,0,107.3,Yes,9,45,0
CUST100026,2021-05-31,58,Male,Paris,Standard,Month-to-month,Auto-debit,10,52.99,506.74,2,43.6,No,6,79,1
CUST100027,2023-12-07,40,Male,London,Basic,Month-to-month,Auto-debit,27,10.12,283.04,2,35.0,Yes,9,64,0
CUST100028,2022-04-09,46,Female,São Paulo,Standard,One year,Credit Card,51,48.89,2374.54,1,81.9,Yes,10,27,0
CUST100029,2021-08-29,51,Male,Paris,Basic,Two year,Bank Transfer,19,21.35,413.09,4,59.5,Yes,5,39,1
CUST100030,2021-09-13,43,Male,Dubai,Premium,Month-to-month,PayPal,49,77.23,3698.45,4,98.8,Yes,6,69,0
CUST100031,2020-05-12,43,Male,Berlin,Standard,Month-to-month,Credit Card,10,46.97,468.58,0,27.0,Yes,9,86,0
CUST100032,2019-07-21,52,Male,Chicago,Basic,Month-to-month,Bank Transfer,5,10.0,48.91,1,94.4,Yes,7,49,0
CUST100033,2022-04-29,40,Female,Mumbai,Basic,Month-to-month,Credit Card,27,28.78,769.29,2,43.6,No,8,17,0
CUST100034,2024-04-28,32,Male,Mumbai,Basic,Two year,Debit Card,17,23.09,394.37,1,96.3,No,9,78,0
CUST100035,2019-05-20,36,Male,Singapore,Premium,Month-to-month,Bank Transfer,63,74.81,4779.43,4,104.2,Yes,8,46,0
CUST100036,2024-02-23,49,Female,Dubai,Basic,Month-to-month,Auto-debit,28,16.49,482.05,1,52.1,Yes,7,2,0
CUST100037,2023-12-18,41,Female,London,Basic,Month-to-month,PayPal,31,10.0,304.8,1,71.3,Yes,10,22,0
CUST100038,2020-08-29,45,Female,Singapore,Basic,Month-to-month,Auto-debit,30,18.12,548.21,2,8.3,Yes,6,47,1
CUST100039,2022-10-15,50,Female,Dubai,Premium,Two year,Auto-debit,23,77.1,1844.54,3,32.3,Yes,8,72,0
CUST100040,2019-12-28,36,Female,Singapore,Standard,Month-to-month,PayPal,67,37.05,2430.28,1,70.2,Yes,6,76,1
CUST100041,2023-07-19,51,Male,Toronto,Standard,Month-to-month,Credit Card,54,49.66,2779.53,2,78.5,No,9,16,0
CUST100042,2023-03-15,46,Female,New York,Basic,Month-to-month,Bank Transfer,12,27.66,347.11,0,100.6,Yes,5,65,0
CUST100043,2021-02-15,25,Female,Singapore,Basic,Two year,Credit Card,16,19.84,328.47,4,50.6,No,3,86,1
CUST100044,2019-05-29,60,Male,Zürich,Premium,Two year,Auto-debit,6,78.17,472.3,2,39.2,Yes,8,71,0
CUST100045,2024-10-26,34,Male,Singapore,Basic,Month-to-month,Debit Card,19,22.61,439.13,3,44.4,Yes,4,64,1
CUST100046,2021-09-03,19,Male,Paris,Basic,One year,Bank Transfer,48,19.88,952.43,4,19.6,Yes,4,71,0
CUST100047,2024-05-09,27,Female,São Paulo,Standard,Month-to-month,Bank Transfer,68,38.51,2644.15,2,139.6,Yes,9,50,0
CUST100048,2023-01-24,28,Female,Singapore,Basic,One year,PayPal,35,16.08,589.5,1,75.5,No,9,54,0
CUST100049,2023-09-01,42,Female,New York,Basic,Month-to-month,Auto-debit,6,18.22,106.6,2,47.5,Yes,6,47,0
CUST100050,2023-07-23,37,Male,Singapore,Premium,Two year,Bank Transfer,4,81.49,335.5,4,18.1,Yes,1,86,1
CUST100051,2020-03-02,37,Male,Berlin,Standard,Two year,Auto-debit,30,45.06,1352.64,1,91.8,Yes,8,32,0
CUST100052,2021-03-07,49,Male,Zürich,Basic,Month-to-month,Credit Card,20,21.26,411.46,1,61.4,Yes,8,69,0
CUST100053,2021-10-19,45,Female,London,Basic,Month-to-month,PayPal,42,10.85,462.24,2,59.8,Yes,8,1,0
CUST100054,2021-12-26,45,Female,Chicago,Standard,Month-to-month,Auto-debit,9,48.99,453.8,2,45.6,Yes,8,37,0
CUST100055,2019-04-06,46,Female,Toronto,Basic,Month-to-month,Auto-debit,17,20.02,342.68,1,24.8,Yes,6,82,1
CUST100056,2022-04-11,49,Female,Mumbai,Basic,Month-to-month,PayPal,41,35.32,1496.98,1,98.2,No,6,21,0
CUST100057,2019-12-04,18,Female,London,Standard,Month-to-month,Credit Card,21,42.67,884.05,2,79.7,Yes,4,71,1
CUST100058,2023-06-16,36,Female,Berlin,Standard,Two year,Debit Card,27,46.94,1319.82,2,47.3,Yes,5,45,1
CUST100059,2023-02-04,18,Male,Paris,Premium,Month-to-month,PayPal,16,96.98,1574.69,3,144.5,Yes,7,12,0
CUST100060,2024-07-13,41,Male,Toronto,Basic,Two year,Bank Transfer,4,21.16,87.21,4,48.8,Yes,7,9,0
CUST100061,2023-06-20,41,Male,Singapore,Basic,Month-to-month,Auto-debit,25,19.59,478.63,2,56.1,Yes,8,10,0
CUST100062,2021-03-13,55,Male,Paris,Standard,Month-to-month,Credit Card,24,39.08,932.87,2,54.0,No,3,41,1
CUST100063,2024-10-19,56,Male,São Paulo,Standard,Month-to-month,Debit Card,65,54.17,3665.28,0,125.7,Yes,3,27,1
CUST100064,2021-06-18,44,Male,New York,Basic,Two year,Debit Card,65,13.05,810.15,3,65.5,No,6,80,0
CUST100065,2020-12-14,34,Female,Sydney,Standard,Month-to-month,Auto-debit,32,47.56,1507.31,3,81.3,Yes,4,68,1
CUST100066,2024-06-06,47,Male,Sydney,Basic,Month-to-month,Credit Card,21,17.16,370.46,0,35.0,Yes,7,12,1
CUST100067,2021-03-22,34,Female,Toronto,Premium,One year,Debit Card,31,78.86,2504.26,2,29.3,Yes,4,45,0
CUST100068,2019-06-17,41,Female,Berlin,Premium,One year,Debit Card,44,71.46,3254.8,2,75.2,Yes,9,68,0
CUST100069,2021-10-25,54,Female,Singapore,Standard,One year,Credit Card,28,53.06,1521.25,1,169.3,Yes,5,58,0
CUST100070,2023-10-09,34,Female,Sydney,Premium,Month-to-month,Bank Transfer,55,78.33,4500.76,2,49.1,Yes,10,0,1
CUST100071,2020-02-19,51,Male,Toronto,Premium,Month-to-month,PayPal,70,72.71,5088.81,1,86.4,Yes,8,0,0
CUST100072,2021-10-10,50,Female,Sydney,Basic,Two year,PayPal,30,27.52,835.86,3,42.7,Yes,4,52,0
CUST100073,2019-10-12,29,Male,Sydney,Basic,One year,Auto-debit,9,16.98,158.13,5,52.9,Yes,10,83,1
CUST100074,2023-02-12,54,Female,Berlin,Standard,One year,PayPal,9,47.01,431.62,2,110.4,Yes,7,4,0
CUST100075,2021-11-07,50,Male,Mumbai,Basic,Month-to-month,Debit Card,63,25.05,1515.35,4,137.2,Yes,7,14,0
CUST100076,2020-12-24,42,Male,Paris,Basic,Month-to-month,Debit Card,30,22.84,676.09,2,83.9,Yes,6,16,1
CUST100077,2020-05-11,31,Female,Singapore,Basic,Two year,Auto-debit,24,10.0,241.26,1,61.0,Yes,8,28,0
CUST100078,2022-05-21,30,Female,São Paulo,Premium,One year,PayPal,45,84.17,3884.13,3,181.7,Yes,8,80,1
CUST100079,2023-01-06,34,Male,Paris,Standard,Month-to-month,Credit Card,69,44.4,3076.95,0,165.4,Yes,5,85,1
CUST100080,2024-08-21,48,Female,São Paulo,Standard,Two year,Bank Transfer,31,43.03,1370.95,3,46.7,Yes,6,27,1
CUST100081,2021-08-15,29,Male,Berlin,Basic,One year,Bank Transfer,23,19.35,460.08,2,24.4,Yes,7,65,1
CUST100082,2019-12-18,47,Female,Sydney,Basic,Month-to-month,Debit Card,63,10.34,636.12,2,60.6,Yes,8,0,0
CUST100083,2023-12-29,25,Male,Mumbai,Premium,Month-to-month,PayPal,6,81.15,492.55,2,28.0,Yes,8,45,1
CUST100084,2022-10-11,38,Male,Mumbai,Basic,One year,PayPal,61,11.81,724.52,0,110.2,Yes,7,56,0
CUST100085,2023-03-14,42,Male,London,Basic,Month-to-month,Credit Card,38,18.28,675.7,1,31.9,Yes,5,77,0
CUST100086,2019-08-01,73,Male,London,Basic,One year,Credit Card,2,20.94,41.84,3,111.6,Yes,5,73,0
CUST100087,2020-11-15,23,Male,Sydney,Standard,One year,Bank Transfer,17,51.44,878.73,0,153.7,Yes,4,5,0
CUST100088,2023-08-09,60,Male,Chicago,Basic,Month-to-month,Bank Transfer,49,15.08,762.37,2,19.6,No,8,37,1
CUST100089,2023-12-28,43,Male,Zürich,Basic,Two year,Bank Transfer,55,28.71,1572.89,3,15.9,Yes,5,6,0
CUST100090,2021-08-11,46,Male,Chicago,Basic,Month-to-month,Debit Card,15,25.68,369.06,2,30.7,Yes,6,0,1
CUST100091,2023-10-29,43,Female,Berlin,Basic,Month-to-month,PayPal,48,17.42,835.1,2,83.3,Yes,7,13,0
CUST100092,2024-01-18,47,Male,Sydney,Basic,One year,Auto-debit,72,13.35,993.68,1,123.3,Yes,7,83,0
CUST100093,2021-04-28,39,Female,Singapore,Standard,One year,Debit Card,50,36.34,1829.95,2,32.3,Yes,6,23,0
CUST100094,2024-05-20,60,Female,Mumbai,Basic,Month-to-month,Bank Transfer,51,21.63,1083.15,1,89.5,Yes,5,66,1
CUST100095,2020-09-23,35,Male,Mumbai,Basic,One year,Credit Card,14,15.58,227.3,5,72.6,Yes,7,63,1
CUST100096,2020-06-08,56,Female,Sydney,Standard,Two year,Credit Card,46,52.2,2318.52,1,41.0,Yes,6,78,0
CUST100097,2023-02-03,33,Male,New York,Standard,Two year,Auto-debit,52,40.92,2091.0,2,156.9,Yes,6,47,0
CUST100098,2022-10-26,40,Male,Chicago,Basic,Two year,Credit Card,8,14.6,116.07,1,98.8,No,9,87,0
CUST100099,2019-11-03,27,Female,Paris,Basic,Month-to-month,Bank Transfer,23,21.4,503.91,2,61.7,No,8,38,0
CUST100100,2023-12-29,47,Female,New York,Basic,Month-to-month,PayPal,64,15.88,1050.44,2,34.6,Yes,5,70,0
CUST100101,2020-03-13,60,Female,Sydney,Premium,One year,Auto-debit,72,80.05,5509.17,4,93.8,No,6,70,1
CUST100102,2023-10-29,40,Male,Singapore,Basic,Month-to-month,PayPal,13,25.92,346.8,1,103.3,Yes,10,48,0
CUST100103,2019-01-17,38,Female,Dubai,Basic,One year,Bank Transfer,53,20.7,1121.29,4,68.2,Yes,6,28,0
CUST100104,2023-10-12,27,Male,Paris,Standard,Month-to-month,Auto-debit,37,45.73,1758.79,3,62.8,Yes,7,14,0
CUST100105,2023-09-20,38,Male,Sydney,Basic,Month-to-month,Auto-debit,43,21.23,949.45,1,98.6,Yes,8,7,0
CUST100106,2023-09-05,20,Male,Zürich,Basic,Month-to-month,Bank Transfer,37,10.0,380.27,2,60.7,Yes,7,44,0
CUST100107,2022-12-27,29,Other,Paris,Basic,Month-to-month,Credit Card,63,22.35,1364.43,5,37.5,Yes,6,35,0
CUST100108,2021-10-29,44,Male,Dubai,Standard,Month-to-month,Credit Card,33,45.96,1488.45,2,21.8,Yes,5,18,0
CUST100109,2023-03-25,58,Female,Toronto,Standard,One year,PayPal,43,50.36,2259.96,5,61.1,No,6,68,1
CUST100110,2020-08-29,78,Female,Dubai,Standard,One year,Bank Transfer,49,48.63,2406.26,1,21.2,Yes,8,14,0
CUST100111,2023-09-06,33,Female,Sydney,Standard,Month-to-month,Bank Transfer,40,43.79,1758.39,0,104.1,Yes,9,42,0
CUST100112,2022-05-01,60,Female,New York,Basic,Month-to-month,Bank Transfer,64,26.19,1745.84,0,61.1,Yes,3,38,0
CUST100113,2021-10-02,44,Female,Dubai,Premium,Two year,Credit Card,18,78.24,1461.02,3,114.2,No,10,87,0
CUST100114,2022-01-12,39,Male,Chicago,Standard,Month-to-month,Credit Card,69,46.48,3280.08,1,76.2,Yes,6,9,0
CUST100115,2022-05-30,47,Male,Sydney,Premium,Month-to-month,Credit Card,49,78.13,3974.71,3,89.8,Yes,9,77,0
CUST100116,2019-03-23,42,Female,Mumbai,Standard,Month-to-month,PayPal,70,47.77,3214.77,2,40.0,Yes,5,61,1
CUST100117,2019-11-03,42,Male,Sydney,Basic,One year,Bank Transfer,27,17.74,491.32,2,58.3,Yes,3,71,0
CUST100118,2020-06-21,36,Male,London,Basic,Two year,Credit Card,35,29.89,1094.86,1,75.5,Yes,4,70,1
CUST100119,2019-09-08,23,Male,Paris,Standard,One year,Auto-debit,4,57.1,218.1,0,69.9,Yes,6,69,0
CUST100120,2021-08-20,21,Male,New York,Basic,Two year,Debit Card,67,25.24,1644.24,3,68.0,Yes,8,39,0
CUST100121,2023-01-03,49,Male,Singapore,Standard,Two year,Bank Transfer,59,54.25,3294.84,1,29.0,No,7,52,0
CUST100122,2022-12-04,37,Male,New York,Basic,Month-to-month,Bank Transfer,22,10.76,237.19,5,14.2,Yes,6,32,1
CUST100123,2021-10-28,33,Female,Zürich,Basic,Month-to-month,Credit Card,4,11.47,43.98,1,27.5,Yes,9,81,1
CUST100124,2024-02-16,41,Male,Chicago,Premium,Month-to-month,Auto-debit,51,78.07,3889.18,0,5.8,Yes,7,20,1
CUST100125,2022-05-22,51,Other,São Paulo,Standard,Month-to-month,Auto-debit,49,45.25,2178.24,4,16.2,Yes,7,53,0
CUST100126,2019-06-23,43,Female,São Paulo,Standard,One year,Auto-debit,38,43.81,1634.99,1,79.1,Yes,10,18,0
CUST100127,2023-08-03,32,Male,Dubai,Basic,Month-to-month,Credit Card,12,10.15,126.4,3,53.3,Yes,6,33,1
CUST100128,2022-06-12,57,Female,Paris,Standard,Month-to-month,Debit Card,67,51.91,3534.33,4,35.8,Yes,5,86,1
CUST100129,2022-10-22,62,Female,Chicago,Premium,Month-to-month,Debit Card,32,92.93,3043.62,3,52.6,Yes,8,17,0
CUST100130,2022-05-23,47,Female,Berlin,Standard,One year,PayPal,53,52.69,2656.73,5,11.5,Yes,8,79,1
CUST100131,2022-04-27,54,Male,Singapore,Standard,One year,Auto-debit,62,51.51,3170.47,1,60.1,Yes,7,73,0
CUST100132,2019-07-18,57,Male,Dubai,Standard,Two year,Bank Transfer,40,46.36,1820.62,2,23.1,Yes,7,32,0
CUST100133,2022-05-09,56,Male,Toronto,Basic,Month-to-month,Bank Transfer,7,14.94,108.26,4,133.9,Yes,10,33,1
CUST100134,2023-10-07,49,Female,Zürich,Standard,Month-to-month,PayPal,64,45.44,3040.15,2,92.4,Yes,9,0,0
CUST100135,2020-10-27,49,Other,New York,Premium,Two year,Auto-debit,49,92.63,4504.08,3,87.4,Yes,6,71,0
CUST100136,2022-08-13,48,Female,Chicago,Standard,One year,Auto-debit,65,42.89,2919.73,1,69.1,Yes,5,59,1
CUST100137,2019-03-09,27,Female,São Paulo,Basic,One year,Auto-debit,45,17.27,739.41,0,97.5,Yes,7,88,0
CUST100138,2021-01-31,50,Other,Zürich,Standard,Month-to-month,Auto-debit,66,51.64,3348.84,1,60.3,Yes,5,26,0
CUST100139,2021-08-14,23,Female,Dubai,Standard,Month-to-month,Bank Transfer,63,52.04,3368.66,2,35.1,Yes,8,35,0
CUST100140,2024-11-22,31,Male,Berlin,Premium,Two year,Credit Card,16,74.91,1181.79,3,88.4,Yes,7,61,1
CUST100141,2020-04-14,58,Female,Mumbai,Standard,One year,Debit Card,13,43.43,588.36,2,118.2,No,10,30,0
CUST100142,2020-08-28,52,Male,Chicago,Basic,One year,Bank Transfer,12,16.99,198.14,1,30.4,Yes,10,28,0
CUST100143,2021-06-13,60,Male,London,Basic,Month-to-month,Debit Card,58,20.42,1219.38,2,18.1,Yes,4,15,0
CUST100144,2024-12-13,37,Female,Dubai,Standard,Month-to-month,Credit Card,18,51.62,901.44,0,185.8,Yes,5,88,1
CUST100145,2024-02-12,26,Female,Toronto,Basic,Month-to-month,Auto-debit,33,15.18,485.77,0,144.5,Yes,2,42,0
CUST100146,2019-03-17,38,Male,Singapore,Standard,One year,PayPal,57,51.54,2921.84,0,64.7,Yes,2,69,1
CUST100147,2020-05-27,42,Female,Singapore,Premium,Month-to-month,Auto-debit,31,80.61,2610.1,1,9.1,No,7,58,0
CUST100148,2023-12-05,42,Male,Zürich,Standard,Month-to-month,Debit Card,5,58.96,297.32,3,75.8,Yes,4,53,1
CUST100149,2019-05-08,56,Male,Chicago,Basic,Month-to-month,Debit Card,27,21.91,599.56,3,246.0,Yes,10,28,0
CUST100150,2024-02-17,36,Male,Sydney,Standard,Two year,Debit Card,7,44.42,295.7,5,97.0,Yes,9,28,0
CUST100151,2020-09-08,46,Female,Berlin,Standard,Month-to-month,Debit Card,28,48.45,1296.45,2,91.9,No,6,43,1
CUST100152,2024-07-02,28,Female,Mumbai,Basic,Month-to-month,PayPal,54,17.98,928.87,1,61.5,Yes,6,12,0
CUST100153,2020-10-04,47,Male,São Paulo,Standard,One year,Debit Card,38,34.23,1342.32,4,86.7,No,10,48,0
CUST100154,2021-08-09,41,Male,Dubai,Standard,Two year,Auto-debit,49,43.56,2078.27,1,96.7,Yes,10,8,0
CUST100155,2022-12-20,31,Male,Dubai,Premium,One year,Debit Card,8,78.46,616.94,1,71.7,No,4,24,1
CUST100156,2019-10-04,38,Male,Sydney,Basic,Two year,PayPal,55,10.45,581.07,2,55.6,Yes,4,56,0
CUST100157,2022-05-04,39,Female,Paris,Basic,Month-to-month,Auto-debit,31,19.56,611.45,3,72.5,No,6,2,1
CUST100158,2022-01-10,37,Female,New York,Standard,Two year,PayPal,21,32.6,678.47,2,70.3,No,7,4,0
CUST100159,2023-09-13,64,Female,London,Basic,Two year,Credit Card,47,17.91,800.04,3,10.9,Yes,5,19,0
CUST100160,2024-12-21,40,Male,New York,Standard,Month-to-month,Credit Card,10,46.46,462.26,2,217.9,No,7,68,0
CUST100161,2022-12-25,38,Female,Paris,Standard,One year,PayPal,36,45.58,1680.08,0,92.0,Yes,10,72,0
CUST100162,2021-06-15,18,Male,Berlin,Basic,Month-to-month,Bank Transfer,31,17.53,529.04,1,130.7,Yes,3,0,0
CUST100163,2021-06-08,29,Male,São Paulo,Standard,Month-to-month,Auto-debit,12,44.49,545.0,2,77.5,Yes,6,25,1
CUST100164,2021-07-04,38,Female,Dubai,Premium,Month-to-month,Credit Card,69,75.3,4943.79,2,44.3,Yes,3,5,1
CUST100165,2023-11-18,32,Female,Dubai,Standard,Month-to-month,PayPal,27,45.06,1266.26,6,113.9,Yes,5,1,1
CUST100166,2020-12-04,59,Female,Paris,Standard,Two year,Debit Card,3,45.35,142.17,1,17.2,Yes,6,84,1
CUST100167,2020-01-01,39,Female,New York,Standard,Month-to-month,PayPal,32,39.6,1204.15,1,94.4,Yes,5,38,0
CUST100168,2021-01-02,58,Female,Sydney,Basic,One year,PayPal,70,21.61,1506.32,2,113.0,Yes,8,71,0
CUST100169,2019-02-19,42,Female,Singapore,Basic,Month-to-month,Debit Card,49,21.57,1047.82,1,60.8,No,7,61,0
CUST100170,2019-08-21,41,Male,Zürich,Standard,Month-to-month,Credit Card,46,44.0,2093.2,0,88.6,Yes,7,40,0
CUST100171,2019-07-17,40,Male,São Paulo,Basic,Month-to-month,Credit Card,65,34.53,2253.59,0,11.1,Yes,6,67,0
CUST100172,2023-08-17,41,Male,Singapore,Basic,Month-to-month,PayPal,7,19.16,135.61,1,91.1,No,6,22,0
CUST100173,2023-05-01,63,Male,Toronto,Basic,One year,Debit Card,40,18.32,711.0,2,50.4,Yes,6,37,0
CUST100174,2023-03-06,18,Male,London,Premium,Two year,Debit Card,24,77.47,1780.64,2,88.9,Yes,6,34,0
CUST100175,2021-10-08,18,Male,Mumbai,Basic,Month-to-month,Credit Card,49,14.17,707.68,0,62.6,Yes,7,51,0
CUST100176,2023-04-20,34,Female,Toronto,Standard,Two year,Credit Card,62,49.12,3082.19,3,62.1,Yes,2,18,0
CUST100177,2019-12-20,41,Female,Singapore,Basic,One year,Credit Card,6,15.88,98.45,5,90.7,Yes,7,67,0
CUST100178,2024-05-26,50,Female,Dubai,Standard,One year,Debit Card,12,41.59,516.28,1,52.2,Yes,5,75,0
CUST100179,2022-01-02,47,Male,Singapore,Basic,Month-to-month,Credit Card,69,16.77,1172.29,2,60.5,Yes,6,80,1
CUST100180,2024-08-16,36,Female,Singapore,Basic,Month-to-month,Debit Card,36,14.09,509.19,0,190.8,No,3,80,1
CUST100181,2019-11-30,54,Male,New York,Standard,Two year,Debit Card,23,34.49,826.11,0,136.1,No,6,57,0
CUST100182,2021-12-25,54,Male,São Paulo,Standard,One year,Debit Card,11,42.22,478.41,0,55.6,Yes,7,71,1
CUST100183,2023-03-05,43,Male,Mumbai,Basic,Month-to-month,Credit Card,26,25.24,681.34,1,63.4,No,8,62,0
CUST100184,2021-12-21,54,Male,London,Standard,Two year,Credit Card,1,46.18,48.47,0,42.1,Yes,4,85,1
CUST100185,2021-09-04,45,Male,Berlin,Standard,Month-to-month,Auto-debit,17,54.36,915.2,4,50.5,Yes,7,8,1
CUST100186,2019-12-31,34,Female,Dubai,Basic,One year,Bank Transfer,14,24.51,350.58,2,52.2,Yes,9,17,0
CUST100187,2021-04-14,50,Female,Paris,Standard,Month-to-month,Credit Card,7,48.14,343.32,3,69.4,Yes,5,37,1
CUST100188,2020-06-06,42,Female,Singapore,Basic,Two year,Debit Card,70,31.3,2119.6,4,12.5,Yes,7,55,0
CUST100189,2020-10-22,41,Male,Paris,Standard,Month-to-month,Debit Card,57,44.42,2566.51,3,49.6,No,2,80,1
CUST100190,2023-02-06,60,Female,Berlin,Basic,Month-to-month,Auto-debit,68,20.38,1375.87,2,44.0,Yes,5,8,0
CUST100191,2022-10-12,18,Female,Toronto,Standard,One year,Auto-debit,18,44.93,804.75,2,147.2,Yes,7,14,1
CUST100192,2022-08-22,23,Male,Paris,Basic,Month-to-month,Bank Transfer,21,29.26,594.81,2,62.9,Yes,9,77,0
CUST100193,2021-03-03,26,Female,Berlin,Standard,Two year,Credit Card,21,45.02,968.56,1,75.6,Yes,5,27,1
CUST100194,2024-10-02,36,Male,São Paulo,Standard,One year,PayPal,41,41.11,1718.87,3,48.6,Yes,10,1,0
CUST100195,2019-07-11,38,Male,Berlin,Premium,Month-to-month,PayPal,14,83.53,1173.2,2,63.3,Yes,7,61,1
CUST100196,2021-01-20,21,Male,Toronto,Standard,Month-to-month,Bank Transfer,17,40.1,658.3,4,50.5,Yes,4,78,1
CUST100197,2019-09-16,28,Female,Mumbai,Premium,Two year,Auto-debit,71,83.2,5940.79,2,70.1,Yes,9,81,0
CUST100198,2021-01-12,30,Male,Sydney,Basic,One year,Debit Card,26,22.48,561.11,2,88.5,Yes,4,76,0
CUST100199,2024-10-07,73,Male,Chicago,Basic,Two year,PayPal,57,18.86,1057.75,3,24.0,No,7,5,0
CUST100200,2021-03-13,64,Male,Paris,Basic,Month-to-month,Debit Card,17,23.39,392.55,2,96.4,Yes,4,12,0
CUST100201,2024-06-12,36,Female,Singapore,Standard,Two year,Debit Card,67,36.07,2509.35,2,32.7,No,4,78,0
CUST100202,2021-12-20,36,Male,Singapore,Standard,Month-to-month,Debit Card,50,45.98,2279.59,2,194.8,No,9,62,0
CUST100203,2023-03-13,26,Male,New York,Premium,One year,Bank Transfer,63,77.22,4912.76,3,69.1,Yes,6,19,0
CUST100204,2021-09-28,18,Male,Berlin,Standard,Month-to-month,PayPal,38,62.17,2451.0,0,75.0,Yes,10,34,0
CUST100205,2020-08-05,39,Female,New York,Standard,Month-to-month,Bank Transfer,66,45.93,3008.87,0,76.9,Yes,4,77,0
CUST100206,2023-08-01,28,Female,Chicago,Basic,Two year,Bank Transfer,27,16.42,460.35,2,66.3,No,3,83,0
CUST100207,2024-10-23,40,Female,Berlin,Basic,Two year,Debit Card,35,11.73,395.62,2,39.3,Yes,5,80,0
CUST100208,2020-07-31,20,Male,Sydney,Standard,Month-to-month,Auto-debit,5,52.83,260.58,1,75.1,Yes,10,41,1
CUST100209,2023-09-02,31,Male,Chicago,Basic,Two year,Credit Card,13,17.9,223.27,2,72.4,Yes,8,69,0
CUST100210,2020-07-25,43,Female,Zürich,Basic,Month-to-month,Auto-debit,56,15.25,859.2,0,36.0,Yes,8,4,0
CUST100211,2023-04-19,46,Male,São Paulo,Premium,Month-to-month,Credit Card,24,82.02,2058.5,1,24.2,Yes,8,83,0
CUST100212,2023-09-24,46,Female,New York,Premium,Month-to-month,Debit Card,8,83.9,681.73,2,113.4,Yes,5,19,0
CUST100213,2021-09-11,24,Female,Singapore,Standard,Month-to-month,Auto-debit,22,48.8,1087.14,2,49.5,Yes,10,86,0
CUST100214,2023-06-02,52,Male,Singapore,Basic,Month-to-month,Bank Transfer,26,20.12,511.52,1,57.8,No,8,1,0
CUST100215,2020-08-19,31,Female,Toronto,Premium,Month-to-month,Debit Card,52,80.96,4391.41,2,72.6,Yes,7,83,1
CUST100216,2019-06-23,49,Female,Zürich,Basic,Month-to-month,Auto-debit,7,21.39,149.3,2,38.5,Yes,9,47,0
CUST100217,2019-07-31,41,Male,Paris,Standard,One year,Credit Card,2,47.02,91.85,3,79.3,No,4,46,1
CUST100218,2021-09-05,23,Male,Toronto,Basic,Two year,Bank Transfer,53,22.55,1253.44,8,59.7,Yes,5,60,0
CUST100219,2024-05-30,37,Male,Toronto,Premium,One year,PayPal,11,86.57,944.95,0,63.4,No,6,41,1
CUST100220,2019-10-07,46,Female,Toronto,Premium,Month-to-month,Debit Card,31,80.34,2458.54,1,127.2,Yes,9,85,0
CUST100221,2021-09-25,49,Male,Chicago,Standard,One year,Auto-debit,50,40.1,1911.76,3,70.9,Yes,4,9,0
CUST100222,2023-03-22,39,Male,New York,Basic,Month-to-month,Bank Transfer,38,19.13,703.55,2,56.0,Yes,6,59,0
CUST100223,2020-03-19,61,Female,Chicago,Standard,One year,Credit Card,9,49.52,459.46,2,30.6,Yes,6,19,0
CUST100224,2023-04-30,54,Male,Dubai,Basic,One year,Credit Card,52,10.0,519.1,5,76.7,Yes,3,3,0
CUST100225,2020-11-01,38,Male,Mumbai,Premium,Month-to-month,Credit Card,4,69.32,289.89,0,110.6,Yes,5,58,1
CUST100226,2023-11-06,51,Female,São Paulo,Basic,Month-to-month,PayPal,17,25.51,415.62,2,56.6,Yes,8,61,0
CUST100227,2022-06-22,66,Male,Chicago,Basic,Two year,PayPal,8,29.12,235.66,2,110.0,Yes,3,11,1
CUST100228,2022-04-12,66,Male,Dubai,Standard,Two year,Bank Transfer,37,37.41,1414.62,3,77.3,Yes,10,65,0
CUST100229,2020-01-23,25,Male,Toronto,Standard,One year,Bank Transfer,50,45.6,2307.63,3,67.3,Yes,8,84,0
CUST100230,2021-10-11,29,Male,New York,Premium,Two year,Credit Card,47,77.6,3658.1,1,83.3,Yes,7,62,0
CUST100231,2024-02-19,60,Male,São Paulo,Basic,Two year,PayPal,11,18.44,204.43,2,25.0,No,7,20,0
CUST100232,2019-02-12,27,Female,London,Premium,Month-to-month,Bank Transfer,25,81.83,2084.53,1,50.1,Yes,4,7,1
CUST100233,2023-07-20,24,Female,London,Basic,One year,Auto-debit,11,12.24,139.53,2,51.4,No,5,7,0
CUST100234,2021-12-15,35,Male,Paris,Basic,Month-to-month,Debit Card,25,13.36,328.53,2,58.2,Yes,7,55,1
CUST100235,2023-04-25,46,Female,Mumbai,Standard,Month-to-month,Credit Card,17,43.19,731.27,3,176.0,Yes,5,21,1
CUST100236,2022-12-23,40,Female,São Paulo,Basic,Month-to-month,Credit Card,54,19.13,1047.06,3,68.8,Yes,7,33,1
CUST100237,2021-08-04,33,Female,Berlin,Standard,Two year,Debit Card,55,38.24,2064.13,2,22.0,Yes,5,4,0
CUST100238,2020-11-06,32,Female,London,Basic,One year,PayPal,59,24.74,1412.77,2,42.2,Yes,7,39,0
CUST100239,2022-10-05,32,Female,New York,Basic,Month-to-month,Debit Card,15,17.49,274.58,2,63.4,No,8,14,0
CUST100240,2019-11-04,30,Female,Sydney,Standard,Month-to-month,Credit Card,1,42.47,41.17,5,70.7,Yes,3,38,1
CUST100241,2022-07-03,71,Male,New York,Basic,Month-to-month,Debit Card,3,21.7,63.36,3,5.5,Yes,7,52,1
CUST100242,2019-07-27,45,Female,Mumbai,Standard,One year,Debit Card,61,44.23,2730.05,4,88.0,Yes,3,86,1
CUST100243,2022-11-24,53,Male,Toronto,Standard,Two year,PayPal,66,50.02,3161.8,1,90.3,Yes,2,26,0
CUST100244,2022-10-08,35,Male,Singapore,Basic,Month-to-month,Credit Card,16,14.4,219.66,2,29.6,Yes,5,28,1
CUST100245,2019-07-04,39,Female,São Paulo,Standard,Month-to-month,Bank Transfer,64,36.62,2241.5,3,108.7,Yes,10,72,0
CUST100246,2023-07-17,32,Male,Toronto,Basic,One year,PayPal,39,18.14,680.81,0,56.3,Yes,8,85,0
CUST100247,2021-06-29,18,Male,Mumbai,Basic,Month-to-month,Debit Card,14,20.36,283.02,4,34.0,No,10,36,1
CUST100248,2023-09-20,23,Male,New York,Basic,Month-to-month,Auto-debit,23,12.56,298.39,2,28.0,Yes,8,31,0
CUST100249,2019-04-02,18,Male,Toronto,Premium,Month-to-month,Bank Transfer,20,71.67,1410.75,1,86.8,Yes,7,64,1
CUST100250,2020-01-29,18,Female,Paris,Standard,Month-to-month,Credit Card,55,46.09,2516.58,2,44.1,No,8,67,0
CUST100251,2021-12-17,25,Female,Paris,Standard,Month-to-month,Credit Card,14,40.45,571.98,1,75.5,Yes,5,63,1
CUST100252,2020-02-17,58,Male,Mumbai,Premium,Two year,Credit Card,14,71.28,978.18,1,27.4,Yes,8,57,1
CUST100253,2020-12-23,40,Male,Paris,Basic,Month-to-month,PayPal,52,25.79,1332.03,2,51.8,Yes,9,12,0
CUST100254,2022-12-17,58,Male,Singapore,Premium,Month-to-month,Debit Card,22,76.21,1657.56,3,83.3,Yes,8,23,0
CUST100255,2019-11-13,46,Male,London,Standard,One year,Debit Card,19,51.9,970.51,1,124.8,Yes,9,5,1
CUST100256,2023-01-24,51,Female,Chicago,Premium,Two year,PayPal,59,80.17,4677.24,3,133.0,Yes,7,35,0
CUST100257,2019-08-15,29,Female,Sydney,Premium,Month-to-month,PayPal,68,81.77,5288.52,0,123.3,Yes,10,75,0
CUST100258,2020-01-19,48,Female,São Paulo,Premium,Month-to-month,Credit Card,40,78.73,3270.84,3,254.8,Yes,6,20,1
CUST100259,2022-07-10,50,Male,São Paulo,Basic,One year,Credit Card,60,10.0,628.64,0,76.2,Yes,10,63,0
CUST100260,2023-10-04,34,Female,Toronto,Standard,Month-to-month,Bank Transfer,61,38.18,2413.4,5,26.8,Yes,8,37,1
CUST100261,2020-01-09,48,Female,Zürich,Premium,One year,Auto-debit,43,79.25,3239.32,0,42.9,Yes,6,15,0
CUST100262,2020-10-18,48,Female,Singapore,Standard,Month-to-month,Auto-debit,60,47.19,2902.44,1,130.8,No,4,20,0
CUST100263,2024-07-19,34,Male,Sydney,Basic,Month-to-month,Auto-debit,1,10.0,10.07,2,39.0,Yes,5,61,1
CUST100264,2024-12-07,26,Male,Toronto,Premium,Month-to-month,PayPal,3,79.68,229.34,0,4.0,No,4,71,0
CUST100265,2022-06-26,26,Female,Zürich,Basic,One year,Auto-debit,64,13.27,886.04,2,53.1,No,6,29,1
CUST100266,2021-09-06,42,Male,Berlin,Standard,Month-to-month,Auto-debit,11,46.41,524.61,3,107.3,Yes,4,82,1
CUST100267,2021-01-29,45,Male,London,Standard,Month-to-month,Auto-debit,53,44.88,2294.27,1,42.3,Yes,9,5,0
CUST100268,2022-09-03,31,Other,Chicago,Basic,Month-to-month,Credit Card,31,24.46,793.45,1,134.8,Yes,7,51,0
CUST100269,2022-07-18,41,Female,Toronto,Standard,One year,Credit Card,57,51.4,2820.28,1,186.4,Yes,7,20,0
CUST100270,2020-10-07,48,Male,São Paulo,Basic,Month-to-month,PayPal,48,22.75,1087.05,5,75.1,Yes,4,80,1
CUST100271,2019-02-19,49,Male,Zürich,Standard,One year,PayPal,6,50.16,290.7,0,206.4,Yes,5,68,0
CUST100272,2019-11-28,61,Male,Chicago,Premium,One year,Auto-debit,25,77.9,1879.37,2,158.5,Yes,2,5,1
CUST100273,2024-09-30,58,Female,São Paulo,Basic,Month-to-month,Debit Card,52,36.94,2010.74,1,109.4,No,10,35,0
CUST100274,2021-07-04,28,Male,Zürich,Standard,Two year,Auto-debit,67,37.69,2543.44,3,81.6,Yes,3,67,0
CUST100275,2021-11-22,63,Female,Chicago,Basic,Two year,Auto-debit,58,16.83,952.63,2,77.0,Yes,4,49,0
CUST100276,2021-10-19,34,Female,Paris,Premium,Month-to-month,Auto-debit,65,85.41,5705.1,2,60.9,Yes,10,44,0
CUST100277,2023-09-11,55,Female,New York,Premium,Month-to-month,Credit Card,69,84.52,6050.72,1,92.3,Yes,7,12,0
CUST100278,2019-05-23,42,Female,Zürich,Basic,Month-to-month,Debit Card,65,22.92,1552.01,0,12.0,Yes,7,51,0
CUST100279,2019-07-01,36,Male,Berlin,Standard,Month-to-month,Debit Card,42,49.05,2149.3,1,162.8,Yes,7,8,0
CUST100280,2020-08-27,18,Male,Chicago,Standard,Month-to-month,Bank Transfer,25,32.5,845.45,5,208.6,Yes,9,28,1
CUST100281,2021-12-01,39,Female,New York,Standard,Two year,Bank Transfer,37,54.54,2046.02,1,11.2,Yes,7,21,0
CUST100282,2023-01-09,21,Male,Berlin,Standard,Two year,PayPal,58,43.78,2499.24,1,105.3,No,3,59,0
CUST100283,2021-12-10,54,Male,Berlin,Standard,Month-to-month,Credit Card,31,52.48,1696.11,2,154.9,Yes,8,42,0
CUST100284,2021-08-24,61,Male,São Paulo,Standard,Month-to-month,PayPal,60,32.8,1893.71,4,70.4,No,7,38,0
CUST100285,2024-08-15,31,Male,New York,Basic,Month-to-month,Bank Transfer,51,21.54,1062.16,2,58.9,Yes,9,76,0
CUST100286,2019-12-19,45,Male,New York,Basic,Month-to-month,PayPal,16,16.62,264.16,5,50.3,No,4,35,0
CUST100287,2022-06-06,32,Female,Singapore,Premium,Month-to-month,Debit Card,67,83.43,5468.88,2,43.8,Yes,5,68,1
CUST100288,2022-04-02,33,Female,Paris,Basic,Two year,PayPal,61,21.9,1351.36,3,79.3,Yes,7,79,0
CUST100289,2021-11-02,51,Female,Singapore,Standard,Two year,Bank Transfer,44,47.2,2160.97,1,134.1,Yes,4,14,0
CUST100290,2023-11-04,40,Female,Mumbai,Basic,Month-to-month,PayPal,14,13.65,190.93,1,13.3,Yes,1,67,0
CUST100291,2020-08-07,64,Male,São Paulo,Premium,One year,Auto-debit,17,79.66,1361.52,4,31.6,Yes,7,6,0
CUST100292,2024-09-19,35,Female,Singapore,Standard,One year,Debit Card,61,43.92,2658.53,2,41.5,Yes,8,57,0
CUST100293,2020-12-27,54,Female,Sydney,Standard,Two year,Bank Transfer,2,47.97,97.93,0,19.5,Yes,6,20,0
CUST100294,2022-04-08,42,Male,São Paulo,Basic,Month-to-month,Auto-debit,35,25.94,871.65,4,98.1,Yes,8,23,0
CUST100295,2022-02-14,51,Female,New York,Standard,Month-to-month,Debit Card,45,45.9,1972.26,2,89.9,Yes,7,76,1
CUST100296,2024-02-05,35,Male,Berlin,Premium,One year,Debit Card,17,72.34,1247.16,4,113.6,Yes,7,16,0
CUST100297,2021-08-19,40,Male,Zürich,Standard,Month-to-month,Credit Card,63,45.65,2885.98,1,9.3,Yes,7,46,0
CUST100298,2020-09-15,39,Male,Sydney,Standard,One year,Debit Card,38,60.67,2284.1,2,105.1,Yes,9,70,1
CUST100299,2019-02-17,30,Male,New York,Standard,Month-to-month,Credit Card,5,54.88,269.84,3,133.6,Yes,4,72,0
CUST100300,2021-03-07,50,Male,London,Basic,One year,Bank Transfer,24,10.0,229.24,3,99.3,Yes,8,18,0
CUST100301,2023-12-15,49,Female,Chicago,Standard,Two year,Credit Card,29,45.38,1339.78,0,66.6,Yes,4,33,1
CUST100302,2019-01-22,49,Female,Toronto,Basic,Month-to-month,Bank Transfer,17,25.59,431.61,3,60.4,Yes,5,50,1
CUST100303,2024-05-16,61,Male,New York,Basic,Month-to-month,PayPal,68,18.91,1278.84,1,84.5,Yes,9,53,0
CUST100304,2022-04-03,60,Female,Zürich,Standard,One year,Auto-debit,26,42.24,1141.45,2,78.1,No,4,14,0
CUST100305,2019-11-04,36,Male,Singapore,Premium,Month-to-month,Debit Card,37,78.4,2969.71,2,42.5,Yes,6,53,1
CUST100306,2020-10-23,46,Female,Mumbai,Premium,One year,Debit Card,39,83.31,3157.93,2,10.1,Yes,10,0,0
CUST100307,2022-04-28,33,Male,Chicago,Premium,One year,Debit Card,16,73.11,1188.14,2,47.0,Yes,9,56,0
CUST100308,2020-11-22,41,Male,Toronto,Standard,Month-to-month,PayPal,41,52.13,2058.73,1,194.0,Yes,5,66,1
CUST100309,2019-08-26,33,Female,Singapore,Basic,Two year,Debit Card,26,19.66,495.52,3,11.7,No,5,42,0
CUST100310,2022-12-29,62,Female,Zürich,Standard,Month-to-month,Credit Card,1,39.39,40.23,1,77.3,Yes,6,22,1
CUST100311,2023-01-12,46,Female,São Paulo,Premium,One year,Auto-debit,30,86.75,2505.14,0,166.4,Yes,9,21,0
CUST100312,2019-09-18,38,Female,Berlin,Standard,Month-to-month,Bank Transfer,43,35.73,1502.62,1,115.3,Yes,4,62,1
CUST100313,2020-09-07,57,Female,Zürich,Standard,Month-to-month,Credit Card,9,41.67,389.96,0,126.6,Yes,4,38,1
CUST100314,2020-06-18,18,Male,Zürich,Standard,Month-to-month,Bank Transfer,57,41.57,2425.96,3,117.8,Yes,8,83,0
CUST100315,2022-12-15,18,Male,London,Standard,Two year,Debit Card,48,57.86,2896.55,1,19.7,Yes,3,87,1
CUST100316,2023-05-19,51,Male,London,Premium,Two year,Credit Card,23,75.89,1812.12,2,148.3,Yes,4,39,0
CUST100317,2023-05-12,42,Male,Zürich,Standard,Two year,PayPal,43,32.07,1353.16,2,161.3,Yes,6,24,0
CUST100318,2024-08-17,44,Male,London,Standard,Month-to-month,Bank Transfer,22,41.51,925.31,1,25.2,Yes,6,73,0
CUST100319,2023-08-11,24,Female,Chicago,Basic,Month-to-month,Credit Card,47,22.73,1055.35,2,50.0,Yes,3,65,1
CUST100320,2020-12-03,41,Male,London,Standard,One year,Debit Card,12,49.7,608.16,0,71.1,No,7,14,0
CUST100321,2019-08-24,67,Female,Paris,Basic,One year,Auto-debit,44,33.66,1458.6,2,50.4,Yes,8,85,0
CUST100322,2022-09-08,52,Male,Zürich,Premium,Month-to-month,Debit Card,4,88.44,336.12,2,39.8,Yes,5,18,1
CUST100323,2024-06-29,43,Female,Mumbai,Standard,Two year,Credit Card,2,46.13,88.51,2,40.5,Yes,10,50,0
CUST100324,2024-11-05,35,Female,Toronto,Standard,Month-to-month,PayPal,19,39.65,773.77,2,104.9,Yes,7,16,1
CUST100325,2020-05-19,36,Male,Sydney,Basic,Month-to-month,Bank Transfer,13,29.74,370.54,5,124.3,Yes,4,44,1
CUST100326,2020-06-01,18,Male,Zürich,Standard,Two year,Auto-debit,36,42.79,1555.76,3,40.6,No,10,56,0
CUST100327,2019-03-23,44,Female,Dubai,Standard,Month-to-month,Bank Transfer,12,41.05,510.22,1,123.7,Yes,5,10,1
CUST100328,2019-11-06,52,Female,Berlin,Basic,Month-to-month,Credit Card,18,17.5,322.59,0,50.2,No,7,23,1
CUST100329,2022-04-30,21,Male,Singapore,Premium,One year,Auto-debit,8,72.49,574.9,2,26.6,Yes,5,67,1
CUST100330,2022-04-12,32,Male,Paris,Basic,Two year,Bank Transfer,64,17.21,1069.34,0,83.1,Yes,8,86,0
CUST100331,2021-03-23,26,Female,Toronto,Standard,Month-to-month,Bank Transfer,53,43.6,2408.44,1,68.9,Yes,5,82,1
CUST100332,2020-11-09,28,Female,Zürich,Basic,One year,Auto-debit,16,24.38,392.67,1,85.2,Yes,6,67,0
CUST100333,2023-12-23,42,Male,Berlin,Standard,Month-to-month,Bank Transfer,9,42.67,380.4,3,84.3,Yes,6,88,1
CUST100334,2021-10-04,18,Male,Chicago,Standard,Month-to-month,Debit Card,62,37.4,2421.3,3,78.6,Yes,5,14,0
CUST100335,2023-11-06,49,Female,Berlin,Premium,Month-to-month,PayPal,49,70.38,3350.34,2,63.7,No,9,18,0
CUST100336,2024-10-10,51,Male,Toronto,Basic,Month-to-month,PayPal,64,21.26,1352.79,2,122.0,Yes,4,36,1
CUST100337,2020-11-25,38,Female,Mumbai,Premium,Month-to-month,PayPal,13,80.44,1004.8,2,99.9,Yes,6,82,1
CUST100338,2020-03-19,18,Male,Sydney,Standard,Month-to-month,Bank Transfer,26,41.67,1042.78,3,51.5,Yes,7,71,1
CUST100339,2024-09-17,28,Female,Berlin,Basic,One year,Bank Transfer,9,17.2,153.23,4,50.6,Yes,6,33,1
CUST100340,2022-10-22,57,Male,São Paulo,Basic,One year,Credit Card,31,22.33,706.05,1,18.3,Yes,9,1,0
CUST100341,2020-09-29,18,Male,New York,Basic,One year,PayPal,12,28.34,334.6,2,20.8,Yes,3,55,1
CUST100342,2022-09-23,36,Female,Paris,Premium,Two year,Credit Card,1,75.32,76.75,2,60.6,Yes,8,27,1
CUST100343,2022-02-01,26,Male,New York,Basic,Month-to-month,PayPal,37,20.53,782.79,1,112.5,Yes,4,20,1
CUST100344,2024-06-06,51,Female,Sydney,Standard,Month-to-month,PayPal,71,50.75,3739.3,3,35.7,Yes,5,19,0
CUST100345,2020-07-14,32,Male,Paris,Standard,Month-to-month,Debit Card,47,40.34,1809.66,0,102.8,Yes,4,22,0
CUST100346,2024-12-11,46,Female,London,Premium,One year,Auto-debit,55,79.91,4515.36,3,76.8,Yes,6,28,0
CUST100347,2024-08-11,48,Female,New York,Standard,Month-to-month,Debit Card,59,44.77,2548.23,4,37.4,Yes,5,55,0
CUST100348,2020-01-31,65,Female,Zürich,Standard,Month-to-month,Credit Card,70,37.13,2650.63,2,70.6,No,10,14,0
CUST100349,2019-12-27,38,Male,New York,Basic,Month-to-month,Debit Card,10,21.01,207.4,3,68.8,Yes,7,43,1
CUST100350,2022-03-13,46,Female,Chicago,Premium,Month-to-month,Bank Transfer,19,80.19,1555.27,3,38.7,Yes,7,82,0
CUST100351,2019-04-09,22,Female,Mumbai,Basic,Two year,Credit Card,45,23.33,1019.81,1,98.5,Yes,4,86,0
CUST100352,2020-10-16,56,Female,Chicago,Basic,One year,PayPal,60,12.88,784.0,1,119.3,Yes,8,74,1
CUST100353,2021-08-10,31,Male,Berlin,Premium,Month-to-month,PayPal,56,80.06,4315.46,1,54.7,Yes,10,23,1
CUST100354,2024-10-23,34,Male,London,Basic,One year,Auto-debit,53,28.29,1449.85,4,28.6,Yes,8,13,0
CUST100355,2024-12-13,41,Male,Paris,Basic,One year,Credit Card,23,32.46,755.13,0,122.9,Yes,4,79,1
CUST100356,2019-11-28,21,Female,Dubai,Standard,Month-to-month,Credit Card,27,52.68,1399.14,1,19.7,Yes,5,36,1
CUST100357,2024-05-06,44,Female,Chicago,Basic,Month-to-month,PayPal,6,12.94,79.22,3,81.2,No,7,41,1
CUST100358,2019-07-19,54,Male,Toronto,Basic,One year,Credit Card,23,22.71,532.0,6,35.7,Yes,5,38,0
CUST100359,2023-06-28,45,Female,Sydney,Standard,Month-to-month,Bank Transfer,12,42.1,511.34,0,26.7,Yes,10,12,0
CUST100360,2024-01-26,20,Female,Singapore,Standard,Month-to-month,Debit Card,68,46.7,3248.81,2,46.2,No,5,64,0
CUST100361,2024-05-04,39,Male,Mumbai,Standard,Month-to-month,PayPal,7,40.37,290.9,2,68.8,Yes,6,21,1
CUST100362,2020-05-04,51,Male,Berlin,Basic,One year,Credit Card,27,10.0,281.11,3,31.4,Yes,5,20,0
CUST100363,2024-05-10,18,Female,Sydney,Standard,Two year,Bank Transfer,64,42.93,2632.27,1,23.3,Yes,7,68,0
CUST100364,2019-09-11,27,Female,São Paulo,Premium,One year,PayPal,69,84.34,5861.1,3,14.9,Yes,10,64,1
CUST100365,2022-02-10,52,Male,New York,Basic,Month-to-month,Credit Card,28,21.73,623.58,3,166.4,Yes,7,74,1
CUST100366,2021-10-25,45,Female,Sydney,Basic,Month-to-month,Debit Card,34,22.42,740.7,2,85.4,No,6,63,1
CUST100367,2020-11-22,46,Female,Toronto,Basic,One year,Credit Card,38,21.3,790.27,1,37.7,Yes,4,3,0
CUST100368,2019-02-18,65,Female,New York,Standard,Two year,Credit Card,60,47.43,2779.48,1,88.2,Yes,9,37,0
CUST100369,2023-08-18,47,Female,London,Basic,Two year,Bank Transfer,56,23.18,1307.47,2,68.3,Yes,6,36,0
CUST100370,2021-01-04,50,Female,Mumbai,Standard,Two year,PayPal,38,43.35,1625.25,2,105.1,No,6,28,0
CUST100371,2022-12-20,76,Female,London,Premium,Month-to-month,Auto-debit,27,80.5,2209.6,1,57.8,Yes,1,44,1
CUST100372,2021-06-17,38,Male,Sydney,Basic,One year,Debit Card,27,30.46,831.49,2,116.9,Yes,6,44,0
CUST100373,2021-03-29,31,Female,Singapore,Standard,Two year,Bank Transfer,47,45.85,2188.81,1,41.7,Yes,6,55,0
CUST100374,2024-04-24,47,Male,Chicago,Basic,One year,Bank Transfer,61,20.26,1205.25,3,76.4,Yes,2,86,1
CUST100375,2019-07-26,47,Female,London,Basic,One year,Bank Transfer,6,20.62,127.03,6,112.4,Yes,9,58,0
CUST100376,2023-06-02,34,Male,Mumbai,Standard,Month-to-month,Auto-debit,56,43.69,2486.77,2,78.8,Yes,5,83,1
CUST100377,2023-06-24,28,Female,London,Standard,One year,Bank Transfer,35,42.39,1428.85,0,197.8,Yes,10,74,1
CUST100378,2021-04-12,71,Male,Mumbai,Premium,Month-to-month,Bank Transfer,11,81.25,866.95,2,103.8,Yes,10,66,0
CUST100379,2020-07-28,45,Male,Mumbai,Standard,Month-to-month,Bank Transfer,7,41.97,287.94,1,87.2,Yes,5,24,1
CUST100380,2019-01-12,31,Male,Dubai,Basic,Two year,PayPal,25,19.13,499.1,2,52.2,Yes,10,52,0
CUST100381,2024-08-13,53,Female,Mumbai,Standard,Two year,Bank Transfer,18,40.26,712.1,3,77.4,Yes,10,10,1
CUST100382,2024-09-06,40,Female,Paris,Basic,Two year,Auto-debit,8,20.65,157.27,4,137.9,Yes,5,83,0
CUST100383,2020-06-11,38,Male,London,Premium,Month-to-month,Bank Transfer,22,83.51,1771.38,2,47.6,Yes,4,16,1
CUST100384,2019-03-11,48,Female,New York,Standard,Month-to-month,Bank Transfer,61,43.73,2542.74,0,34.8,Yes,2,21,1
CUST100385,2019-09-26,24,Female,New York,Basic,Month-to-month,Credit Card,52,10.0,514.95,2,47.8,No,7,84,1
CUST100386,2019-05-29,46,Male,Sydney,Standard,Two year,PayPal,16,48.54,799.72,3,46.0,Yes,4,10,1
CUST100387,2023-12-26,66,Female,Berlin,Standard,One year,Credit Card,49,45.72,2229.18,1,94.9,Yes,7,49,0
CUST100388,2024-05-07,47,Male,London,Standard,Two year,Credit Card,33,39.04,1331.99,4,183.9,Yes,5,51,0
CUST100389,2019-12-02,36,Male,Berlin,Basic,Month-to-month,Debit Card,54,24.64,1270.36,3,20.5,No,5,19,0
CUST100390,2023-06-24,34,Female,Paris,Basic,One year,PayPal,18,11.61,208.35,3,8.8,No,5,35,0
CUST100391,2020-01-28,36,Male,Dubai,Basic,One year,PayPal,5,26.27,135.12,0,69.6,Yes,4,70,0
CUST100392,2021-03-15,38,Female,New York,Basic,Month-to-month,Auto-debit,23,19.66,460.08,3,31.5,Yes,5,64,1
CUST100393,2022-08-05,36,Female,Chicago,Standard,Two year,Bank Transfer,72,31.39,2339.82,3,83.4,Yes,5,52,0
CUST100394,2023-04-26,53,Female,Berlin,Basic,One year,PayPal,41,21.07,844.33,2,89.8,Yes,6,48,0
CUST100395,2024-03-30,18,Female,Sydney,Standard,Month-to-month,Debit Card,4,42.56,170.25,0,46.2,Yes,7,33,1
CUST100396,2019-04-09,52,Female,Toronto,Standard,Month-to-month,Bank Transfer,71,41.66,3010.18,3,96.6,Yes,4,56,0
CUST100397,2020-03-06,36,Other,Sydney,Basic,Two year,Debit Card,60,15.57,903.23,0,40.8,No,9,1,0
CUST100398,2020-09-06,46,Male,Dubai,Premium,One year,Auto-debit,40,79.24,3269.7,0,40.8,Yes,6,6,0
CUST100399,2020-11-10,26,Male,Zürich,Standard,One year,Bank Transfer,54,42.09,2230.01,2,36.3,Yes,10,70,0
CUST100400,2024-12-25,58,Female,São Paulo,Basic,One year,Bank Transfer,14,10.0,134.31,2,48.2,No,7,15,0
CUST100401,2023-08-30,57,Male,São Paulo,Standard,Month-to-month,Debit Card,43,52.63,2323.22,2,65.1,No,7,64,0
CUST100402,2020-12-02,53,Male,Zürich,Basic,One year,Bank Transfer,66,18.53,1248.05,1,60.4,Yes,5,1,0
CUST100403,2024-10-29,21,Male,Berlin,Premium,Two year,Auto-debit,32,75.61,2512.35,2,73.8,Yes,8,23,0
CUST100404,2021-12-29,52,Female,Sydney,Standard,Month-to-month,Credit Card,3,38.23,119.19,3,93.5,Yes,7,84,1
CUST100405,2022-01-01,46,Male,London,Standard,One year,Credit Card,55,49.62,2668.66,0,74.5,No,8,23,0
CUST100406,2021-08-07,20,Male,Zürich,Premium,Month-to-month,PayPal,53,72.21,3881.23,1,164.5,Yes,10,88,0
CUST100407,2019-11-12,41,Male,Mumbai,Premium,Month-to-month,Debit Card,54,80.8,4580.98,4,68.3,Yes,5,24,0
CUST100408,2024-08-08,46,Male,São Paulo,Premium,Month-to-month,Bank Transfer,47,76.5,3503.39,4,107.3,Yes,8,57,0
CUST100409,2019-01-31,48,Female,Singapore,Basic,Two year,PayPal,10,16.85,168.04,2,18.2,Yes,8,60,0
CUST100410,2020-01-17,43,Male,Toronto,Basic,Month-to-month,Auto-debit,9,13.38,125.36,3,73.8,Yes,8,57,0
CUST100411,2020-05-17,45,Female,London,Standard,Month-to-month,Debit Card,58,41.28,2299.21,1,59.9,Yes,6,26,0
CUST100412,2020-09-03,60,Female,Paris,Standard,One year,Debit Card,62,45.05,2912.71,2,56.3,No,6,68,0
CUST100413,2019-10-16,57,Male,Toronto,Standard,Month-to-month,Credit Card,6,46.41,278.13,2,136.2,Yes,5,27,1
CUST100414,2019-02-09,18,Female,London,Standard,One year,Debit Card,42,40.29,1758.69,1,202.5,Yes,5,73,1
CUST100415,2023-01-24,37,Female,Toronto,Basic,Two year,Debit Card,37,19.45,728.38,0,94.1,Yes,5,33,0
CUST100416,2024-10-23,39,Female,Chicago,Basic,Month-to-month,Bank Transfer,26,25.33,669.87,1,14.7,Yes,6,75,1
CUST100417,2019-09-24,18,Male,Toronto,Standard,Month-to-month,Debit Card,47,35.02,1690.87,2,44.5,Yes,5,88,1
CUST100418,2020-10-11,42,Male,Paris,Basic,Two year,Debit Card,66,19.96,1260.34,4,21.0,Yes,7,67,0
CUST100419,2022-01-13,57,Other,Mumbai,Standard,Month-to-month,Debit Card,60,39.3,2388.13,2,72.6,Yes,7,41,1
CUST100420,2024-07-24,27,Female,Chicago,Standard,Month-to-month,PayPal,12,38.68,483.84,1,86.6,No,7,38,1
CUST100421,2023-03-01,45,Female,São Paulo,Standard,Two year,Bank Transfer,34,46.57,1655.6,2,16.9,Yes,6,33,0
CUST100422,2023-08-05,29,Female,New York,Standard,Two year,Auto-debit,68,41.73,2970.53,1,151.0,Yes,7,31,0
CUST100423,2022-06-26,32,Male,Singapore,Standard,One year,Credit Card,18,37.7,688.5,2,26.4,Yes,6,42,1
CUST100424,2021-07-02,60,Female,Mumbai,Standard,One year,Auto-debit,62,52.95,3326.66,0,84.0,No,8,43,1
CUST100425,2020-03-13,34,Male,Berlin,Basic,Two year,Debit Card,36,25.52,923.54,4,149.0,No,6,64,0
CUST100426,2024-03-07,47,Female,Singapore,Standard,One year,Auto-debit,38,33.41,1283.23,2,73.5,No,7,80,1
CUST100427,2023-10-28,18,Male,London,Standard,One year,Credit Card,19,36.15,694.55,1,39.0,No,4,79,1
CUST100428,2019-02-24,65,Male,Zürich,Basic,Two year,Bank Transfer,67,23.56,1506.29,1,37.3,Yes,8,54,0
CUST100429,2023-04-16,49,Female,Dubai,Standard,One year,Auto-debit,39,43.29,1618.9,1,74.8,Yes,5,89,1
CUST100430,2019-07-04,39,Female,London,Premium,Month-to-month,Credit Card,42,89.0,3782.64,2,107.4,Yes,4,80,1
CUST100431,2023-06-07,48,Female,Mumbai,Basic,Month-to-month,Bank Transfer,34,23.7,790.83,3,82.1,Yes,4,43,1
CUST100432,2023-12-14,23,Male,São Paulo,Standard,Month-to-month,Credit Card,7,46.8,321.09,6,36.7,Yes,4,37,1
CUST100433,2019-10-15,56,Male,New York,Premium,Month-to-month,Auto-debit,57,73.87,4081.51,2,58.9,Yes,5,41,0
CUST100434,2021-08-08,37,Female,Sydney,Premium,Month-to-month,Bank Transfer,24,82.95,2050.74,0,33.0,Yes,10,2,0
CUST100435,2019-09-29,38,Male,Toronto,Standard,Month-to-month,Auto-debit,18,37.35,703.52,5,32.7,Yes,5,29,1
CUST100436,2022-05-27,35,Male,New York,Standard,Two year,Auto-debit,57,52.83,3049.78,1,31.4,Yes,2,34,1
CUST100437,2024-07-24,33,Female,Dubai,Premium,Month-to-month,Debit Card,15,82.53,1293.09,2,50.3,Yes,7,70,1
CUST100438,2019-06-27,50,Male,Mumbai,Standard,Month-to-month,PayPal,50,40.05,2079.37,2,63.2,Yes,4,23,1
CUST100439,2021-05-20,44,Female,Dubai,Basic,Month-to-month,Bank Transfer,35,24.83,844.54,3,68.3,Yes,8,59,0
CUST100440,2024-11-01,49,Male,São Paulo,Basic,Month-to-month,Credit Card,58,33.45,1872.88,2,79.3,No,6,28,0
CUST100441,2020-10-21,41,Female,Chicago,Standard,One year,Debit Card,4,43.69,169.72,5,38.3,Yes,6,32,1
CUST100442,2019-10-17,48,Female,Paris,Standard,Month-to-month,Credit Card,56,48.3,2595.58,2,64.1,Yes,9,6,0
CUST100443,2021-12-05,36,Female,São Paulo,Basic,Month-to-month,Auto-debit,17,17.41,298.42,0,69.5,Yes,8,46,0
CUST100444,2022-01-18,70,Female,Sydney,Basic,Two year,Debit Card,63,20.51,1264.05,1,128.8,Yes,4,8,0
CUST100445,2022-12-22,21,Male,Mumbai,Standard,Month-to-month,PayPal,26,35.96,973.57,3,17.4,Yes,4,18,1
CUST100446,2020-11-18,57,Female,Dubai,Standard,Month-to-month,PayPal,1,45.0,45.51,0,21.8,Yes,3,45,1
CUST100447,2024-09-23,59,Female,Mumbai,Premium,Two year,Debit Card,36,80.26,2848.8,3,91.1,Yes,10,62,0
CUST100448,2022-02-15,30,Female,Singapore,Standard,One year,Bank Transfer,4,55.79,233.98,2,97.2,No,5,36,0
CUST100449,2020-09-19,70,Female,Berlin,Premium,One year,Auto-debit,20,69.23,1447.35,1,91.4,Yes,9,22,1
CUST100450,2024-10-04,54,Female,Paris,Premium,Two year,PayPal,52,78.31,4185.58,1,90.8,Yes,5,80,1
CUST100451,2024-07-18,54,Female,São Paulo,Basic,Two year,Auto-debit,41,27.73,1170.09,3,18.9,Yes,4,31,0
CUST100452,2021-12-29,41,Female,Toronto,Standard,Month-to-month,Credit Card,52,43.55,2372.68,1,184.1,Yes,7,28,0
CUST100453,2019-02-24,38,Male,São Paulo,Basic,One year,Auto-debit,64,18.97,1226.28,2,120.0,Yes,6,6,1
CUST100454,2022-07-31,38,Female,Sydney,Premium,One year,Credit Card,34,75.0,2646.91,2,19.2,Yes,8,31,0
CUST100455,2022-04-30,46,Female,London,Basic,Month-to-month,Credit Card,40,14.4,550.93,2,53.7,No,8,19,1
CUST100456,2019-11-21,59,Male,Chicago,Standard,Two year,Credit Card,5,34.04,171.12,1,51.7,Yes,5,31,0
CUST100457,2022-10-20,43,Female,Chicago,Premium,Month-to-month,Debit Card,21,76.22,1601.02,1,60.2,Yes,3,17,1
CUST100458,2024-01-16,29,Female,Chicago,Basic,Two year,Auto-debit,53,14.06,710.73,3,47.2,Yes,4,17,0
CUST100459,2019-08-20,52,Male,Sydney,Premium,One year,Debit Card,5,80.71,386.88,1,28.0,Yes,1,66,0
CUST100460,2023-05-04,53,Female,Toronto,Basic,Month-to-month,Bank Transfer,26,15.27,378.04,3,70.3,Yes,6,42,0
CUST100461,2019-11-04,50,Female,New York,Standard,Month-to-month,PayPal,10,42.12,412.52,2,134.0,Yes,6,62,1
CUST100462,2023-06-28,51,Female,Zürich,Standard,Two year,Credit Card,62,42.29,2504.91,2,46.2,Yes,4,51,0
CUST100463,2021-07-06,37,Male,Toronto,Basic,One year,PayPal,41,19.71,801.9,3,78.9,No,4,48,1
CUST100464,2019-01-15,29,Female,Chicago,Standard,Month-to-month,Debit Card,47,41.83,2027.5,4,61.3,Yes,6,41,0
CUST100465,2024-10-17,30,Male,Chicago,Premium,Month-to-month,Debit Card,50,73.63,3723.41,2,90.7,Yes,5,34,0
CUST100466,2019-12-30,20,Female,London,Basic,One year,PayPal,17,20.51,354.73,1,57.8,Yes,6,23,0
CUST100467,2022-07-29,44,Male,Paris,Standard,Month-to-month,Bank Transfer,4,51.4,195.97,1,41.5,Yes,6,80,1
CUST100468,2020-02-02,40,Female,London,Premium,One year,PayPal,29,80.77,2421.86,2,48.0,Yes,7,36,0
CUST100469,2024-08-05,35,Female,Mumbai,Standard,One year,Debit Card,14,41.34,558.28,4,130.8,Yes,5,79,1
CUST100470,2023-06-05,18,Female,Mumbai,Basic,Month-to-month,Bank Transfer,24,19.26,453.12,1,66.6,Yes,5,69,1
CUST100471,2023-10-28,25,Female,Paris,Premium,One year,Bank Transfer,23,67.7,1559.71,2,65.1,Yes,2,54,0
CUST100472,2021-08-04,56,Female,São Paulo,Basic,Month-to-month,Debit Card,57,19.16,1139.08,1,128.3,Yes,6,75,1
CUST100473,2021-10-20,32,Female,Chicago,Standard,Two year,Auto-debit,24,42.6,1073.33,1,142.9,No,7,59,0
CUST100474,2022-10-21,46,Male,São Paulo,Standard,Two year,Auto-debit,11,39.4,445.65,2,9.1,Yes,6,73,0
CUST100475,2023-09-15,23,Female,Dubai,Standard,Month-to-month,Bank Transfer,70,40.49,2899.29,2,22.3,Yes,10,71,0
CUST100476,2024-01-29,60,Female,Chicago,Basic,Month-to-month,Debit Card,4,17.54,70.35,0,106.0,No,7,58,0
CUST100477,2019-02-09,39,Other,Chicago,Basic,Month-to-month,Debit Card,15,25.95,395.7,2,68.6,Yes,6,65,1
CUST100478,2022-12-24,45,Female,Sydney,Standard,Two year,PayPal,26,51.55,1292.64,2,143.3,Yes,8,73,0
CUST100479,2019-08-28,71,Female,Sydney,Basic,Month-to-month,Credit Card,5,14.43,70.48,1,17.5,Yes,10,20,0
CUST100480,2020-09-22,61,Female,Paris,Standard,One year,Debit Card,65,41.89,2854.81,3,75.2,Yes,7,78,0
CUST100481,2023-12-22,37,Female,Dubai,Standard,Two year,Credit Card,26,42.04,1145.46,3,93.7,Yes,2,45,0
CUST100482,2020-07-02,33,Male,Paris,Standard,Month-to-month,Credit Card,57,49.86,2791.71,3,52.3,Yes,7,11,1
CUST100483,2023-10-12,37,Female,Singapore,Basic,One year,Bank Transfer,10,20.87,203.3,2,102.2,Yes,5,13,0
CUST100484,2021-10-10,48,Female,Paris,Basic,Month-to-month,Credit Card,38,20.56,760.15,1,107.3,Yes,2,67,1
CUST100485,2020-05-24,40,Female,Zürich,Premium,One year,PayPal,10,83.22,830.94,2,61.8,Yes,10,72,0
CUST100486,2021-01-01,36,Female,Zürich,Standard,Month-to-month,PayPal,17,41.42,684.69,3,59.0,No,10,58,0
CUST100487,2022-03-08,60,Male,Berlin,Basic,Two year,Credit Card,30,28.18,857.95,1,113.8,Yes,5,58,0
CUST100488,2023-08-03,40,Male,Singapore,Basic,Month-to-month,Auto-debit,63,19.99,1205.82,1,74.3,No,5,77,1
CUST100489,2022-08-20,71,Female,Zürich,Basic,Month-to-month,Auto-debit,23,14.86,328.23,2,89.7,Yes,7,88,1
CUST100490,2024-08-05,42,Male,Dubai,Premium,Two year,Bank Transfer,55,78.62,4227.64,1,74.0,Yes,5,74,0
CUST100491,2024-03-15,64,Male,Paris,Basic,Two year,Bank Transfer,7,27.39,197.05,0,71.6,Yes,6,12,1
CUST100492,2023-07-08,46,Male,Toronto,Basic,One year,Debit Card,19,17.45,325.69,2,58.9,Yes,5,72,1
CUST100493,2022-08-13,54,Female,Toronto,Standard,One year,Auto-debit,44,50.7,2224.29,0,93.5,Yes,6,45,0
CUST100494,2020-09-26,32,Male,Paris,Basic,Month-to-month,Bank Transfer,34,16.25,561.15,2,35.9,Yes,3,71,1
CUST100495,2021-06-22,30,Male,Paris,Basic,One year,PayPal,37,15.41,586.62,1,18.2,Yes,8,65,0
CUST100496,2019-09-18,47,Male,Berlin,Premium,Month-to-month,Bank Transfer,49,83.96,4034.68,4,65.1,No,9,61,0
CUST100497,2021-03-30,54,Male,Sydney,Standard,Month-to-month,Auto-debit,6,39.76,244.07,1,144.6,Yes,6,78,1
CUST100498,2024-07-21,42,Male,Paris,Basic,Two year,Bank Transfer,51,24.94,1244.73,0,74.3,Yes,6,13,0
CUST100499,2021-07-21,24,Female,Berlin,Standard,One year,Credit Card,63,47.11,3010.81,2,55.3,Yes,8,76,0
CUST100500,2019-09-07,23,Female,Dubai,Basic,Month-to-month,Debit Card,56,14.76,822.5,4,50.6,Yes,7,31,0
CUST100501,2022-11-28,22,Male,London,Basic,Month-to-month,Credit Card,21,19.57,428.5,0,48.3,Yes,10,18,0
CUST100502,2024-10-09,18,Female,Berlin,Standard,Two year,Debit Card,26,41.71,1136.74,2,5.1,Yes,4,64,0
CUST100503,2024-03-14,42,Male,Dubai,Standard,Month-to-month,Auto-debit,70,47.09,3386.66,2,132.6,Yes,8,88,0
CUST100504,2020-08-23,56,Male,São Paulo,Standard,Month-to-month,Credit Card,57,56.33,3344.21,3,44.9,Yes,6,7,0
CUST100505,2021-09-21,41,Female,Singapore,Premium,Month-to-month,Auto-debit,68,77.78,5096.79,1,65.9,Yes,4,88,0
CUST100506,2022-03-08,18,Female,Chicago,Basic,Month-to-month,Debit Card,66,23.2,1554.85,2,53.1,No,10,30,0
CUST100507,2020-06-26,39,Female,Toronto,Premium,Month-to-month,PayPal,32,80.15,2487.44,3,39.7,Yes,10,87,0
CUST100508,2020-08-11,39,Male,Singapore,Standard,Two year,PayPal,10,45.14,441.33,1,136.7,Yes,6,4,0
CUST100509,2020-06-02,68,Male,São Paulo,Basic,Month-to-month,Credit Card,17,19.01,323.91,2,29.0,Yes,7,55,1
CUST100510,2024-12-18,22,Male,Zürich,Premium,Month-to-month,Credit Card,22,74.86,1686.77,1,95.5,Yes,5,48,1
CUST100511,2023-06-22,36,Male,Toronto,Basic,One year,Debit Card,61,22.01,1372.35,0,20.6,Yes,6,74,0
CUST100512,2024-01-16,63,Other,São Paulo,Standard,One year,Credit Card,20,43.27,897.37,2,59.3,Yes,4,42,1
CUST100513,2023-11-24,47,Male,Mumbai,Standard,One year,Bank Transfer,27,39.57,1074.72,2,125.2,Yes,4,6,1
CUST100514,2024-10-01,48,Female,Singapore,Basic,One year,PayPal,62,26.09,1686.54,1,46.9,Yes,10,16,0
CUST100515,2019-08-19,42,Female,Chicago,Premium,One year,Auto-debit,12,80.59,1004.59,3,90.2,Yes,6,22,0
CUST100516,2024-04-14,45,Female,Sydney,Basic,One year,Auto-debit,48,18.63,925.45,2,45.4,Yes,7,78,0
CUST100517,2019-05-26,51,Male,Zürich,Premium,One year,Debit Card,40,88.04,3426.35,0,52.1,Yes,5,8,1
CUST100518,2021-11-07,30,Female,Paris,Basic,One year,Auto-debit,71,10.0,712.23,2,103.5,Yes,7,75,0
CUST100519,2022-07-25,52,Male,Dubai,Basic,One year,Credit Card,36,27.64,1018.55,6,91.5,Yes,3,45,1
CUST100520,2021-02-22,23,Female,Paris,Basic,Month-to-month,PayPal,38,14.72,585.99,2,145.5,Yes,5,50,1
CUST100521,2019-11-17,45,Female,São Paulo,Premium,One year,Bank Transfer,62,81.27,4792.67,2,46.8,Yes,4,86,1
CUST100522,2020-02-26,43,Female,Toronto,Basic,One year,PayPal,72,16.47,1165.34,2,81.0,Yes,9,69,0
CUST100523,2023-12-12,33,Female,Paris,Premium,Month-to-month,Bank Transfer,53,74.46,3884.17,4,68.4,Yes,3,58,1
CUST100524,2020-11-29,41,Female,São Paulo,Basic,Two year,Auto-debit,51,27.88,1391.81,1,82.4,Yes,4,74,1
CUST100525,2020-11-10,33,Female,Berlin,Standard,Month-to-month,PayPal,64,56.14,3707.01,2,119.4,No,2,41,1
CUST100526,2024-07-15,27,Female,Toronto,Basic,Month-to-month,Debit Card,71,18.67,1265.27,0,41.1,Yes,5,83,1
CUST100527,2019-11-12,36,Female,Toronto,Basic,Two year,PayPal,53,22.01,1150.13,1,78.9,Yes,5,71,0
CUST100528,2024-06-27,27,Male,Chicago,Premium,Month-to-month,Auto-debit,22,80.34,1804.89,2,135.7,Yes,9,87,0
CUST100529,2024-07-09,45,Female,London,Standard,Month-to-month,Auto-debit,47,55.38,2578.59,2,68.4,No,6,49,1
CUST100530,2022-08-03,26,Female,Zürich,Standard,Month-to-month,Auto-debit,18,32.32,561.05,0,103.0,No,6,57,0
CUST100531,2019-12-29,50,Female,Singapore,Standard,Two year,Debit Card,37,47.26,1768.0,1,13.4,Yes,7,41,0
CUST100532,2019-12-08,26,Male,New York,Standard,Month-to-month,Debit Card,33,40.64,1344.15,1,70.4,Yes,6,83,0
CUST100533,2020-09-15,34,Female,São Paulo,Standard,One year,PayPal,72,30.86,2328.98,1,48.7,Yes,10,56,0
CUST100534,2022-06-18,33,Male,Dubai,Premium,One year,PayPal,40,77.84,3190.98,2,90.6,Yes,5,14,0
CUST100535,2019-12-03,58,Female,Zürich,Standard,One year,Bank Transfer,70,56.09,4117.19,3,79.3,Yes,7,46,0
CUST100536,2021-09-24,45,Male,Singapore,Standard,Two year,Auto-debit,59,41.06,2346.56,2,36.2,Yes,8,11,0
CUST100537,2019-09-10,38,Male,Sydney,Standard,Two year,PayPal,62,49.74,3164.55,5,22.6,No,5,57,1
CUST100538,2022-03-29,47,Male,London,Standard,Month-to-month,Debit Card,13,52.19,681.97,3,188.0,Yes,7,62,1
CUST100539,2019-02-16,18,Male,New York,Standard,Two year,Auto-debit,56,44.92,2568.98,1,83.3,Yes,5,72,0
CUST100540,2023-04-02,40,Male,Sydney,Standard,Month-to-month,PayPal,19,45.72,865.86,2,82.0,Yes,7,13,1
CUST100541,2019-05-02,67,Female,São Paulo,Standard,Month-to-month,Bank Transfer,42,34.7,1415.48,0,40.3,Yes,7,41,0
CUST100542,2020-03-02,43,Male,New York,Standard,Month-to-month,Credit Card,36,40.7,1398.64,4,53.3,Yes,6,31,1
CUST100543,2020-01-18,42,Female,Paris,Premium,One year,PayPal,19,85.44,1678.28,5,136.6,Yes,4,37,1
CUST100544,2023-12-25,48,Male,São Paulo,Premium,Month-to-month,PayPal,71,80.36,5885.18,0,69.3,Yes,10,84,0
CUST100545,2019-04-27,53,Female,Toronto,Premium,One year,Credit Card,64,82.2,5083.27,3,139.5,Yes,8,50,0
CUST100546,2021-07-29,18,Female,Paris,Standard,Month-to-month,Debit Card,42,45.8,1951.53,6,83.5,Yes,3,39,1
CUST100547,2022-07-18,19,Male,Berlin,Standard,Month-to-month,Bank Transfer,1,58.15,59.53,3,121.5,Yes,6,81,1
CUST100548,2022-02-04,44,Female,Paris,Basic,Month-to-month,Credit Card,14,17.42,245.29,2,12.5,Yes,3,47,1
CUST100549,2023-01-30,32,Female,Toronto,Standard,Two year,Credit Card,17,54.63,911.74,2,38.7,Yes,8,38,0
CUST100550,2023-10-25,58,Female,Sydney,Basic,Month-to-month,Credit Card,70,20.8,1511.47,4,68.5,Yes,6,48,0
CUST100551,2021-05-12,37,Male,Mumbai,Basic,Month-to-month,Credit Card,30,30.17,917.99,1,56.3,Yes,7,76,0
CUST100552,2023-12-19,18,Male,Paris,Premium,Month-to-month,PayPal,4,72.65,297.0,1,91.0,Yes,5,40,0
CUST100553,2020-11-27,25,Female,Toronto,Premium,Month-to-month,PayPal,43,81.11,3540.78,2,22.6,Yes,6,55,1
CUST100554,2024-11-25,18,Male,Paris,Standard,One year,Bank Transfer,69,42.64,3007.27,3,23.0,Yes,8,16,0
CUST100555,2022-01-09,38,Female,Sydney,Basic,Month-to-month,PayPal,41,20.84,824.11,1,88.9,Yes,9,1,0
CUST100556,2023-05-31,39,Male,Toronto,Standard,Month-to-month,PayPal,32,52.33,1745.33,5,118.3,Yes,8,6,1
CUST100557,2024-03-31,35,Female,São Paulo,Standard,Two year,Auto-debit,13,47.27,601.35,2,53.0,Yes,3,42,1
CUST100558,2023-10-02,55,Male,Zürich,Premium,Month-to-month,Debit Card,64,87.32,5776.56,2,148.1,Yes,6,64,0
CUST100559,2024-02-07,57,Male,Sydney,Premium,Month-to-month,Bank Transfer,8,75.98,631.75,3,169.0,Yes,7,18,1
CUST100560,2022-03-20,39,Other,London,Basic,One year,Credit Card,68,15.06,1039.57,0,64.0,Yes,5,84,0
CUST100561,2019-04-06,18,Female,Sydney,Basic,One year,Auto-debit,17,20.1,345.06,3,51.8,Yes,3,13,0
CUST100562,2021-12-15,49,Female,Singapore,Basic,One year,Debit Card,10,19.77,189.97,1,43.9,Yes,4,62,1
CUST100563,2020-02-02,48,Female,New York,Basic,Month-to-month,Debit Card,26,18.88,487.75,2,38.5,No,10,21,0
CUST100564,2024-05-01,45,Male,New York,Basic,Month-to-month,Credit Card,1,14.25,14.41,4,99.8,Yes,4,5,1
CUST100565,2020-06-02,54,Male,Paris,Basic,Month-to-month,PayPal,2,27.19,52.11,2,35.1,Yes,7,64,1
CUST100566,2020-05-14,26,Male,New York,Basic,Month-to-month,Debit Card,14,17.82,239.79,1,30.6,Yes,6,46,1
CUST100567,2020-06-30,67,Female,Sydney,Basic,Month-to-month,Auto-debit,50,28.56,1498.47,1,37.2,No,6,56,0
CUST100568,2022-11-08,29,Male,Dubai,Basic,Two year,Credit Card,59,20.08,1164.84,3,64.5,No,6,84,0
CUST100569,2022-06-04,51,Female,Toronto,Standard,One year,PayPal,18,48.89,866.8,1,67.5,Yes,8,48,0
CUST100570,2024-09-08,19,Male,Mumbai,Basic,Month-to-month,Auto-debit,47,23.35,1070.18,2,96.5,Yes,7,75,0
CUST100571,2021-06-30,29,Male,London,Premium,Month-to-month,Auto-debit,26,75.05,1979.79,1,60.6,Yes,5,44,1
CUST100572,2020-09-10,61,Male,Dubai,Basic,One year,Bank Transfer,32,22.2,708.49,1,21.4,Yes,7,31,0
CUST100573,2019-04-18,38,Male,São Paulo,Basic,Month-to-month,PayPal,25,31.57,812.17,3,50.2,Yes,4,35,1
CUST100574,2019-01-16,52,Male,Chicago,Basic,Month-to-month,Auto-debit,65,21.51,1399.9,0,65.5,Yes,8,31,0
CUST100575,2021-03-29,44,Female,Chicago,Standard,Month-to-month,Debit Card,37,50.41,1774.79,4,42.0,Yes,5,79,1
CUST100576,2024-07-20,40,Male,Sydney,Basic,One year,Auto-debit,37,24.16,892.37,2,79.1,Yes,5,46,1
CUST100577,2022-02-21,59,Female,New York,Standard,One year,PayPal,62,46.84,2774.9,3,8.0,Yes,8,83,1
CUST100578,2024-05-10,38,Female,Sydney,Basic,Month-to-month,Debit Card,48,21.12,1046.89,4,60.2,Yes,6,22,1
CUST100579,2019-08-11,18,Female,London,Premium,Month-to-month,Debit Card,11,83.28,880.69,2,132.7,Yes,6,68,1
CUST100580,2019-07-24,31,Female,Singapore,Basic,One year,PayPal,14,24.58,334.38,2,116.3,Yes,9,10,0
CUST100581,2023-12-31,48,Male,London,Standard,One year,Credit Card,25,36.89,918.56,4,70.8,Yes,4,25,1
CUST100582,2019-08-22,46,Male,Paris,Premium,One year,Bank Transfer,8,81.48,631.97,2,67.1,No,8,3,0
CUST100583,2019-04-24,21,Male,São Paulo,Basic,Month-to-month,Debit Card,50,18.9,948.71,1,86.3,Yes,9,82,0
CUST100584,2021-06-03,32,Female,Toronto,Basic,One year,Debit Card,36,17.65,632.9,1,30.8,Yes,9,26,0
CUST100585,2024-07-18,33,Female,Paris,Premium,Two year,Credit Card,4,87.78,367.01,2,110.6,Yes,10,73,1
CUST100586,2023-02-18,36,Male,Dubai,Basic,One year,PayPal,29,15.6,433.78,3,145.5,Yes,5,38,1
CUST100587,2019-08-06,23,Male,Mumbai,Basic,Month-to-month,Debit Card,60,11.63,703.15,3,60.0,Yes,5,11,1
CUST100588,2024-01-08,33,Female,London,Standard,One year,Credit Card,66,49.77,3357.22,2,70.8,Yes,8,30,0
CUST100589,2024-01-22,32,Female,Sydney,Basic,Month-to-month,Auto-debit,70,11.48,773.68,0,97.3,Yes,9,30,0
CUST100590,2023-10-20,51,Female,São Paulo,Premium,Month-to-month,Bank Transfer,67,68.43,4647.38,3,39.3,Yes,5,45,0
CUST100591,2024-05-30,52,Female,Dubai,Standard,Month-to-month,Debit Card,44,50.45,2300.65,2,148.3,Yes,8,29,0
CUST100592,2020-06-09,39,Female,Toronto,Standard,Two year,Credit Card,67,45.95,3167.18,2,185.5,Yes,10,60,0
CUST100593,2024-11-15,36,Female,Zürich,Basic,Month-to-month,Auto-debit,69,22.84,1644.54,3,90.7,Yes,7,65,1
CUST100594,2020-12-03,43,Male,Toronto,Standard,Two year,Bank Transfer,46,42.35,1991.07,3,155.4,Yes,9,13,1
CUST100595,2023-10-23,30,Male,Berlin,Standard,Month-to-month,PayPal,30,36.69,1089.03,1,27.9,No,10,47,1
CUST100596,2022-06-22,26,Female,Mumbai,Basic,Month-to-month,Bank Transfer,70,12.89,940.24,4,77.4,Yes,10,52,0
CUST100597,2023-09-04,29,Female,London,Premium,Month-to-month,Credit Card,30,78.37,2286.53,0,13.9,Yes,7,24,0
CUST100598,2022-10-06,33,Male,Sydney,Standard,One year,PayPal,12,37.37,452.19,0,50.2,Yes,9,69,0
CUST100599,2022-11-08,26,Female,Sydney,Standard,Month-to-month,Credit Card,8,46.84,384.67,0,51.0,Yes,5,20,0
CUST100600,2022-09-11,43,Male,Toronto,Basic,Month-to-month,Bank Transfer,41,17.23,732.73,2,42.6,Yes,7,78,0
CUST100601,2023-09-03,50,Female,Dubai,Basic,Month-to-month,Auto-debit,3,21.11,65.97,2,28.3,Yes,6,41,1
CUST100602,2023-06-07,20,Male,Toronto,Standard,Month-to-month,PayPal,9,45.93,396.21,0,90.1,Yes,2,32,1
CUST100603,2019-10-22,41,Female,Zürich,Standard,Month-to-month,Bank Transfer,18,47.32,871.01,3,37.1,Yes,3,59,1
CUST100604,2023-12-15,38,Female,Zürich,Basic,Month-to-month,Bank Transfer,39,23.0,870.46,2,90.2,Yes,7,55,1
CUST100605,2022-03-19,45,Male,São Paulo,Basic,Month-to-month,Auto-debit,35,17.94,645.43,2,62.8,No,7,45,0
CUST100606,2020-12-08,41,Male,Toronto,Premium,Two year,Credit Card,37,81.1,3060.92,3,80.3,Yes,4,61,0
CUST100607,2022-01-31,22,Female,Dubai,Basic,Month-to-month,Debit Card,37,21.42,767.29,3,45.5,Yes,10,23,0
CUST100608,2024-10-18,25,Male,Berlin,Basic,Month-to-month,Debit Card,72,10.0,743.96,3,62.4,Yes,4,72,1
CUST100609,2024-02-22,41,Male,Toronto,Standard,Month-to-month,Bank Transfer,16,48.88,779.09,6,205.1,Yes,7,55,1
CUST100610,2023-12-31,54,Female,Chicago,Basic,Month-to-month,PayPal,35,20.9,734.71,3,78.6,Yes,6,19,0
CUST100611,2021-10-10,18,Male,Sydney,Basic,One year,Bank Transfer,45,23.38,1101.7,2,148.5,Yes,7,89,0
CUST100612,2023-09-14,45,Male,Zürich,Basic,Month-to-month,PayPal,20,12.28,249.45,3,143.9,Yes,8,77,1
CUST100613,2021-04-23,56,Male,New York,Premium,Month-to-month,Auto-debit,14,78.11,1103.22,4,24.4,Yes,8,15,1
CUST100614,2023-02-11,39,Female,São Paulo,Basic,One year,Bank Transfer,4,13.45,51.2,2,143.7,Yes,8,70,0
CUST100615,2022-11-01,48,Male,Chicago,Standard,Month-to-month,Credit Card,24,49.47,1151.57,0,62.4,No,8,47,1
CUST100616,2020-07-01,32,Male,Zürich,Premium,Two year,Auto-debit,19,71.57,1295.45,2,50.9,Yes,4,69,1
CUST100617,2020-08-06,39,Male,Singapore,Standard,Two year,Auto-debit,15,39.43,581.59,0,31.6,Yes,9,33,0
CUST100618,2019-05-14,20,Male,Chicago,Standard,Month-to-month,Credit Card,20,48.21,949.21,3,24.6,Yes,4,21,1
CUST100619,2019-11-03,18,Male,Toronto,Standard,Month-to-month,Debit Card,51,41.22,2108.6,0,88.6,Yes,6,19,0
CUST100620,2021-08-07,53,Male,Sydney,Basic,Month-to-month,Auto-debit,60,14.43,882.23,0,23.9,Yes,6,5,0
CUST100621,2021-11-12,28,Male,New York,Standard,Month-to-month,Auto-debit,38,50.44,1855.26,2,90.9,No,7,78,1
CUST100622,2019-12-28,35,Male,Zürich,Premium,Month-to-month,PayPal,5,85.69,432.81,2,9.7,Yes,5,28,1
CUST100623,2021-07-01,23,Female,Zürich,Standard,One year,PayPal,53,49.33,2723.51,3,33.6,Yes,6,86,0
CUST100624,2022-08-16,23,Male,Dubai,Standard,Month-to-month,Credit Card,11,50.09,533.63,2,56.5,Yes,10,20,0
CUST100625,2020-05-24,39,Male,Zürich,Basic,Month-to-month,PayPal,5,18.61,94.53,6,67.3,Yes,4,31,1
CUST100626,2021-01-10,32,Female,London,Premium,Month-to-month,Bank Transfer,41,78.77,3082.81,5,34.9,No,6,79,1
CUST100627,2021-03-15,46,Female,São Paulo,Basic,Two year,Debit Card,31,16.11,500.97,0,26.4,Yes,4,31,1
CUST100628,2022-01-11,47,Female,Dubai,Premium,Two year,Debit Card,23,81.01,1908.23,2,52.3,No,8,68,0
CUST100629,2021-03-13,45,Male,Berlin,Basic,Month-to-month,Auto-debit,70,16.83,1123.21,6,43.3,No,5,8,1
CUST100630,2023-06-02,44,Male,Mumbai,Standard,One year,PayPal,7,42.4,291.86,5,47.2,Yes,7,85,1
CUST100631,2020-12-18,62,Male,Chicago,Premium,Month-to-month,Debit Card,4,83.6,347.04,0,93.8,Yes,4,55,1
CUST100632,2021-08-08,27,Male,Sydney,Standard,One year,Debit Card,43,52.11,2179.22,3,130.2,Yes,9,67,0
CUST100633,2021-04-11,40,Male,Dubai,Basic,One year,PayPal,31,22.39,709.56,2,50.4,Yes,7,2,0
CUST100634,2020-02-05,56,Female,Singapore,Premium,Two year,Debit Card,58,90.77,5323.75,1,93.8,Yes,7,86,0
CUST100635,2023-02-10,57,Male,São Paulo,Basic,Month-to-month,PayPal,3,15.77,45.72,3,44.2,Yes,8,44,0
CUST100636,2020-05-30,23,Female,São Paulo,Basic,Month-to-month,Auto-debit,31,10.0,317.49,1,41.9,Yes,4,19,1
CUST100637,2020-10-12,37,Male,São Paulo,Standard,Two year,Bank Transfer,11,49.29,543.93,5,52.1,Yes,5,13,1
CUST100638,2023-10-03,59,Male,Dubai,Standard,Month-to-month,Debit Card,3,40.37,116.41,0,118.7,Yes,7,7,0
CUST100639,2024-09-08,48,Female,Chicago,Standard,Month-to-month,PayPal,34,43.36,1540.49,0,19.7,Yes,3,60,1
CUST100640,2023-01-09,44,Female,Toronto,Basic,One year,PayPal,53,10.0,529.57,3,17.5,Yes,3,19,0
CUST100641,2024-06-29,38,Male,Paris,Standard,One year,Bank Transfer,12,39.6,486.85,0,165.5,Yes,5,83,0
CUST100642,2024-02-14,36,Female,São Paulo,Premium,One year,Bank Transfer,61,70.99,4208.14,4,34.2,Yes,4,20,1
CUST100643,2021-11-19,45,Male,São Paulo,Basic,One year,PayPal,38,17.39,636.84,3,57.0,Yes,6,7,0
CUST100644,2023-08-14,38,Male,Toronto,Standard,One year,Debit Card,35,42.63,1528.05,3,47.0,Yes,8,76,0
CUST100645,2020-12-20,40,Female,Mumbai,Standard,Month-to-month,Bank Transfer,67,45.54,3104.22,2,146.2,Yes,8,69,0
CUST100646,2021-10-05,42,Male,São Paulo,Premium,One year,Credit Card,24,87.44,2051.16,3,118.0,Yes,10,46,0
CUST100647,2022-03-18,32,Male,Sydney,Standard,One year,Bank Transfer,15,49.06,754.02,0,26.2,Yes,6,74,0
CUST100648,2024-10-04,48,Male,Toronto,Premium,Two year,Auto-debit,57,70.27,4007.39,4,67.7,Yes,7,65,0
CUST100649,2024-02-02,79,Male,Dubai,Basic,Month-to-month,Bank Transfer,8,23.65,186.34,3,79.4,Yes,6,15,1
CUST100650,2021-12-07,18,Male,Sydney,Basic,Month-to-month,PayPal,63,20.67,1339.57,0,92.2,Yes,7,37,0
CUST100651,2022-11-30,45,Male,São Paulo,Premium,One year,Auto-debit,60,79.41,4820.24,0,12.5,Yes,7,83,1
CUST100652,2020-03-19,31,Female,New York,Premium,Month-to-month,PayPal,71,79.86,5674.18,4,17.4,Yes,9,61,0
CUST100653,2023-10-28,49,Female,New York,Standard,Month-to-month,PayPal,34,46.23,1614.75,1,96.3,No,9,55,1
CUST100654,2022-04-26,42,Male,Chicago,Standard,Two year,Auto-debit,45,40.85,1846.49,0,23.3,Yes,8,15,0
CUST100655,2022-03-12,51,Male,London,Standard,Month-to-month,Credit Card,64,43.91,2933.48,1,78.5,Yes,10,48,0
CUST100656,2023-08-06,56,Female,Dubai,Basic,Month-to-month,Bank Transfer,10,27.1,279.62,4,27.3,Yes,7,14,1
CUST100657,2022-10-18,44,Male,Chicago,Premium,Month-to-month,Bank Transfer,23,75.78,1718.22,4,18.4,Yes,5,60,1
CUST100658,2019-06-08,56,Female,Mumbai,Premium,Month-to-month,PayPal,34,73.82,2501.08,2,33.3,Yes,6,19,0
CUST100659,2020-09-23,18,Female,Chicago,Standard,One year,Credit Card,46,44.63,2146.87,3,61.2,Yes,6,25,0
CUST100660,2020-01-23,62,Male,Mumbai,Basic,Month-to-month,Bank Transfer,49,13.22,673.38,3,76.3,Yes,4,51,0
CUST100661,2023-05-29,46,Male,Paris,Basic,Month-to-month,Debit Card,67,10.0,649.31,3,82.2,Yes,5,2,0
CUST100662,2019-03-18,55,Male,Berlin,Basic,Month-to-month,Auto-debit,36,17.93,630.91,3,103.5,No,4,62,1
CUST100663,2020-03-19,25,Male,Mumbai,Standard,Month-to-month,Bank Transfer,13,53.69,688.51,2,34.7,Yes,7,39,1
CUST100664,2022-08-01,30,Male,Sydney,Standard,Month-to-month,Debit Card,14,44.77,650.59,3,99.9,Yes,7,46,1
CUST100665,2023-03-02,43,Female,Dubai,Basic,Month-to-month,PayPal,58,21.07,1274.29,2,65.1,Yes,3,66,1
CUST100666,2022-01-07,41,Male,New York,Standard,Month-to-month,Credit Card,34,32.22,1128.6,1,71.9,Yes,5,69,1
CUST100667,2024-02-28,45,Female,Dubai,Premium,Month-to-month,PayPal,46,82.63,3715.73,2,216.4,Yes,10,82,0
CUST100668,2024-07-05,55,Female,New York,Basic,Month-to-month,Credit Card,41,20.56,875.59,1,89.7,Yes,8,16,0
CUST100669,2019-10-17,18,Male,Toronto,Standard,Month-to-month,Auto-debit,59,41.01,2306.57,1,53.9,Yes,7,38,0
CUST100670,2024-09-16,54,Male,São Paulo,Standard,Month-to-month,Bank Transfer,16,46.08,731.59,1,48.0,Yes,5,8,0
CUST100671,2022-09-07,41,Male,London,Basic,Month-to-month,Debit Card,13,21.02,269.92,5,61.6,Yes,7,23,1
CUST100672,2022-10-25,38,Female,Mumbai,Standard,Month-to-month,Auto-debit,53,38.64,2055.14,1,20.6,Yes,6,49,0
CUST100673,2019-07-28,22,Male,Paris,Standard,Month-to-month,Credit Card,32,46.99,1512.8,0,78.5,Yes,5,11,1
CUST100674,2022-09-23,48,Female,Dubai,Basic,Month-to-month,PayPal,59,27.18,1559.59,1,61.1,Yes,5,40,1
CUST100675,2023-05-09,18,Female,New York,Basic,One year,Credit Card,10,18.63,180.8,3,71.3,Yes,5,84,0
CUST100676,2022-06-25,49,Female,São Paulo,Premium,Month-to-month,Credit Card,20,74.79,1541.21,1,64.9,No,3,6,1
CUST100677,2019-07-05,22,Other,São Paulo,Basic,One year,Debit Card,70,18.93,1268.94,2,22.4,Yes,4,20,0
CUST100678,2022-02-19,42,Female,New York,Standard,One year,Debit Card,61,50.13,3055.88,3,91.6,Yes,6,25,0
CUST100679,2024-08-11,39,Female,São Paulo,Standard,Month-to-month,Bank Transfer,5,37.64,182.4,0,41.1,No,5,81,1
CUST100680,2023-05-04,56,Female,Singapore,Premium,Month-to-month,Auto-debit,59,83.47,4835.87,1,110.9,No,6,66,0
CUST100681,2019-10-28,39,Female,Zürich,Standard,Month-to-month,Bank Transfer,5,40.93,200.09,2,96.5,Yes,3,16,0
CUST100682,2024-10-03,32,Female,Toronto,Premium,Month-to-month,Bank Transfer,9,81.45,748.34,3,160.0,No,8,63,1
CUST100683,2024-09-30,34,Female,Toronto,Standard,Month-to-month,PayPal,65,41.61,2692.76,2,61.5,Yes,10,1,0
CUST100684,2020-01-06,58,Male,Zürich,Standard,Month-to-month,Debit Card,10,41.6,407.66,4,103.5,Yes,9,71,1
CUST100685,2023-10-20,48,Female,Zürich,Basic,Two year,Debit Card,22,29.14,662.32,2,170.8,Yes,9,20,0
CUST100686,2021-06-09,36,Female,London,Basic,Month-to-month,Auto-debit,10,11.55,110.72,0,38.6,Yes,8,64,1
CUST100687,2022-07-24,38,Female,Berlin,Standard,One year,PayPal,43,47.91,2115.0,2,119.1,No,7,44,0
CUST100688,2021-09-01,21,Male,São Paulo,Basic,One year,PayPal,5,30.39,148.13,5,88.7,Yes,7,66,1
CUST100689,2023-09-10,46,Female,Dubai,Standard,Month-to-month,Credit Card,21,49.11,1074.42,3,30.0,Yes,4,31,1
CUST100690,2024-12-22,18,Female,Berlin,Basic,Two year,PayPal,24,12.01,273.99,8,56.7,Yes,8,47,1
CUST100691,2023-10-08,51,Female,Berlin,Basic,Two year,Bank Transfer,47,12.31,581.85,0,236.6,Yes,8,81,0
CUST100692,2024-08-01,43,Male,Dubai,Basic,Month-to-month,PayPal,36,15.49,564.46,0,115.1,Yes,5,72,0
CUST100693,2024-09-02,72,Female,Zürich,Standard,Month-to-month,Bank Transfer,14,45.95,648.27,3,83.5,Yes,8,49,0
CUST100694,2019-07-17,27,Female,Chicago,Standard,Month-to-month,Auto-debit,34,46.36,1625.89,2,39.4,Yes,5,83,1
CUST100695,2020-07-08,40,Female,Dubai,Premium,Month-to-month,Credit Card,34,72.37,2365.15,1,10.0,Yes,5,10,1
CUST100696,2023-04-30,64,Female,Paris,Standard,Month-to-month,Auto-debit,26,39.76,1025.03,2,23.6,No,8,63,0
CUST100697,2022-07-16,56,Female,Berlin,Premium,Month-to-month,Auto-debit,39,75.13,3036.65,2,63.1,No,7,56,0
CUST100698,2019-04-20,32,Female,Toronto,Standard,Month-to-month,PayPal,24,43.92,1095.06,1,63.1,Yes,6,23,0
CUST100699,2019-07-28,44,Male,Berlin,Basic,One year,Bank Transfer,25,31.91,797.62,1,134.4,Yes,6,35,0
CUST100700,2022-02-13,41,Female,New York,Premium,Month-to-month,Credit Card,57,74.4,4265.38,0,32.8,Yes,7,36,0
CUST100701,2022-09-11,45,Male,Dubai,Basic,Month-to-month,Debit Card,19,14.14,275.75,0,30.8,Yes,2,61,1
CUST100702,2020-01-03,32,Female,São Paulo,Standard,Month-to-month,Credit Card,24,38.2,942.43,1,89.6,Yes,5,56,0
CUST100703,2020-01-11,40,Female,London,Standard,One year,Bank Transfer,11,48.81,557.75,2,48.7,Yes,4,70,1
CUST100704,2019-10-11,20,Male,Berlin,Basic,One year,Auto-debit,51,19.75,1041.89,0,48.3,Yes,7,59,0
CUST100705,2022-05-22,43,Male,Berlin,Standard,Month-to-month,Bank Transfer,51,39.62,2003.33,0,126.3,Yes,9,88,0
CUST100706,2019-01-18,47,Male,Sydney,Basic,One year,Bank Transfer,49,17.82,886.26,3,29.4,Yes,8,74,0
CUST100707,2022-06-07,38,Female,Mumbai,Basic,Month-to-month,Credit Card,13,15.25,197.92,0,115.0,Yes,5,51,1
CUST100708,2021-11-08,20,Female,Toronto,Basic,One year,Auto-debit,33,21.78,691.28,1,82.9,Yes,5,1,0
CUST100709,2021-10-17,54,Male,Paris,Basic,One year,Credit Card,22,36.11,819.97,1,45.3,Yes,5,33,0
CUST100710,2023-01-27,46,Female,Berlin,Basic,Month-to-month,PayPal,55,23.31,1295.1,3,61.8,Yes,10,11,0
CUST100711,2022-02-18,32,Male,Singapore,Standard,One year,Bank Transfer,25,44.44,1061.89,1,35.4,Yes,7,39,0
CUST100712,2023-05-13,37,Female,Mumbai,Standard,Two year,Auto-debit,30,41.01,1252.06,2,55.2,Yes,7,89,1
CUST100713,2023-07-31,21,Male,Sydney,Standard,One year,Auto-debit,33,36.94,1192.58,3,165.2,Yes,2,36,0
CUST100714,2024-07-08,28,Male,Dubai,Standard,Month-to-month,PayPal,55,49.4,2599.97,1,38.4,Yes,4,73,1
CUST100715,2023-10-17,34,Male,Paris,Basic,One year,PayPal,51,24.08,1241.17,1,15.6,Yes,6,40,0
CUST100716,2022-02-07,57,Female,New York,Basic,Month-to-month,PayPal,60,17.2,1055.96,3,63.1,Yes,5,51,0
CUST100717,2021-12-13,33,Male,Mumbai,Standard,One year,PayPal,31,52.28,1623.48,3,148.1,Yes,7,2,0
CUST100718,2020-05-31,49,Female,London,Premium,Two year,Bank Transfer,60,80.13,4570.13,0,72.7,No,7,61,0
CUST100719,2022-08-06,34,Male,Mumbai,Standard,Month-to-month,Bank Transfer,63,49.65,3152.0,1,52.9,Yes,8,22,0
CUST100720,2019-11-01,44,Male,São Paulo,Basic,Month-to-month,PayPal,38,21.78,786.8,2,51.3,Yes,2,41,1
CUST100721,2024-08-01,39,Male,Sydney,Standard,Month-to-month,PayPal,49,43.94,2244.87,4,117.1,Yes,4,88,1
CUST100722,2024-01-25,52,Male,Toronto,Premium,Month-to-month,Credit Card,66,74.27,4787.76,1,78.6,Yes,6,20,0
CUST100723,2019-09-20,34,Female,Toronto,Standard,Month-to-month,Credit Card,61,44.13,2791.8,1,89.4,Yes,5,83,1
CUST100724,2023-09-18,21,Male,Toronto,Basic,Month-to-month,PayPal,20,25.05,476.56,2,68.8,Yes,6,74,0
CUST100725,2019-09-14,23,Other,Toronto,Basic,One year,Debit Card,52,16.95,845.9,2,105.4,Yes,7,4,0
CUST100726,2023-04-29,34,Male,Sydney,Standard,Month-to-month,Bank Transfer,33,47.64,1564.48,4,165.2,No,5,33,1
CUST100727,2019-07-12,25,Male,Zürich,Premium,Month-to-month,Auto-debit,11,73.5,829.41,2,177.3,Yes,7,88,0
CUST100728,2021-12-05,46,Male,London,Standard,One year,Bank Transfer,27,49.68,1400.72,1,62.4,Yes,8,40,0
CUST100729,2022-12-11,35,Male,New York,Basic,Month-to-month,Auto-debit,71,21.88,1556.76,0,77.7,Yes,7,71,1
CUST100730,2023-05-16,72,Female,Singapore,Standard,Month-to-month,PayPal,69,37.79,2569.82,2,161.0,Yes,8,82,0
CUST100731,2021-07-05,18,Female,Zürich,Premium,One year,Auto-debit,57,78.66,4279.42,1,68.7,Yes,2,0,0
CUST100732,2024-07-11,44,Male,Toronto,Standard,Two year,Auto-debit,72,50.59,3672.97,2,116.1,Yes,5,65,0
CUST100733,2023-08-23,26,Female,Berlin,Premium,One year,Credit Card,42,72.45,3006.4,1,33.7,Yes,8,82,1
CUST100734,2020-04-01,35,Female,São Paulo,Basic,Month-to-month,Bank Transfer,55,13.57,776.89,2,37.4,Yes,5,51,1
CUST100735,2023-01-09,43,Female,Sydney,Basic,Month-to-month,PayPal,12,19.58,234.49,3,188.7,Yes,4,86,1
CUST100736,2023-05-19,18,Female,Zürich,Standard,Two year,Auto-debit,22,57.8,1305.35,0,99.9,Yes,6,62,0
CUST100737,2020-12-31,44,Female,London,Standard,One year,PayPal,13,40.96,551.02,3,57.1,Yes,6,56,1
CUST100738,2023-06-05,66,Female,London,Premium,One year,Credit Card,68,82.97,5415.31,3,43.5,Yes,5,11,0
CUST100739,2024-05-21,35,Female,Singapore,Standard,One year,Debit Card,45,46.56,2082.81,2,51.4,Yes,10,70,0
CUST100740,2023-11-25,44,Female,Sydney,Basic,Month-to-month,Credit Card,68,16.46,1163.35,1,24.4,No,7,76,0
CUST100741,2023-07-28,54,Female,Zürich,Basic,Month-to-month,Debit Card,30,20.97,624.35,1,94.8,Yes,5,29,0
CUST100742,2022-10-21,39,Male,Singapore,Standard,One year,Credit Card,30,42.31,1277.57,3,88.9,Yes,3,14,0
CUST100743,2020-08-15,33,Female,Sydney,Basic,Two year,Bank Transfer,49,17.85,907.28,1,87.6,Yes,7,51,0
CUST100744,2023-10-08,18,Female,London,Standard,Month-to-month,PayPal,41,35.03,1397.82,1,139.7,Yes,4,84,0
CUST100745,2021-03-08,49,Male,London,Basic,One year,Bank Transfer,27,19.85,557.1,1,66.2,Yes,10,65,0
CUST100746,2022-03-11,40,Female,Dubai,Basic,Month-to-month,Auto-debit,23,25.39,577.96,0,83.0,Yes,7,72,1
CUST100747,2020-11-19,28,Female,Berlin,Standard,Two year,Bank Transfer,37,45.34,1693.19,1,16.3,Yes,8,50,0
CUST100748,2020-11-16,43,Male,Singapore,Basic,Month-to-month,PayPal,6,26.54,156.5,2,100.5,Yes,7,37,1
CUST100749,2019-12-12,33,Female,Dubai,Standard,One year,Debit Card,14,48.48,680.56,4,90.3,Yes,9,27,0
CUST100750,2024-10-06,34,Female,Chicago,Standard,Month-to-month,Bank Transfer,4,44.64,170.51,3,26.8,Yes,1,72,1
CUST100751,2019-11-20,49,Female,Toronto,Standard,One year,PayPal,12,41.23,473.25,1,57.3,Yes,4,58,1
CUST100752,2019-07-08,24,Male,London,Standard,One year,Bank Transfer,15,42.08,625.82,3,128.1,No,9,67,0
CUST100753,2024-08-12,55,Male,Dubai,Standard,Month-to-month,Credit Card,6,36.18,213.5,2,81.3,Yes,10,75,1
CUST100754,2022-04-30,23,Female,Zürich,Premium,Two year,Credit Card,4,78.4,317.23,3,41.1,Yes,4,88,1
CUST100755,2021-08-17,32,Male,Toronto,Basic,Two year,Credit Card,60,20.88,1194.91,1,90.4,Yes,2,75,0
CUST100756,2023-06-04,66,Male,São Paulo,Basic,Two year,Bank Transfer,14,30.29,409.97,2,178.1,No,7,40,0
CUST100757,2021-04-19,56,Male,Berlin,Standard,Month-to-month,PayPal,40,48.17,1870.84,1,20.9,Yes,8,11,0
CUST100758,2019-10-08,42,Male,Zürich,Standard,One year,Debit Card,8,39.81,316.58,1,98.3,Yes,7,50,1
CUST100759,2023-05-18,29,Female,Zürich,Standard,One year,Debit Card,69,36.36,2445.32,3,79.3,Yes,6,40,0
CUST100760,2020-01-21,34,Female,Toronto,Standard,One year,Bank Transfer,18,43.76,759.14,0,24.9,Yes,2,84,0
CUST100761,2022-04-26,42,Female,Mumbai,Standard,Month-to-month,Auto-debit,54,49.87,2719.26,0,81.7,Yes,6,3,1
CUST100762,2024-09-09,41,Female,Sydney,Basic,One year,Auto-debit,47,18.68,899.37,1,44.0,Yes,6,77,0
CUST100763,2024-08-12,40,Male,New York,Standard,Month-to-month,PayPal,56,48.25,2752.06,0,53.3,No,5,56,0
CUST100764,2021-03-01,41,Male,London,Basic,Month-to-month,Bank Transfer,46,18.91,850.39,2,90.7,Yes,2,6,0
CUST100765,2023-09-05,38,Male,Paris,Standard,Month-to-month,Credit Card,37,49.3,1888.75,1,88.5,Yes,8,21,0
CUST100766,2022-09-03,22,Male,Mumbai,Standard,Month-to-month,Auto-debit,56,35.42,2005.7,3,87.4,Yes,8,5,0
CUST100767,2021-11-15,34,Male,London,Standard,Month-to-month,Credit Card,59,54.63,3260.13,2,236.0,No,5,83,1
CUST100768,2019-11-03,53,Male,New York,Basic,Month-to-month,Debit Card,28,13.33,362.52,2,59.0,Yes,6,58,1
CUST100769,2021-04-04,23,Male,Sydney,Premium,One year,Bank Transfer,68,84.76,5615.1,5,29.2,Yes,5,55,1
CUST100770,2022-11-28,39,Male,Paris,Standard,Month-to-month,Auto-debit,72,43.37,3114.76,0,99.0,Yes,5,46,0
CUST100771,2024-11-30,30,Female,Sydney,Standard,Month-to-month,Credit Card,52,44.31,2243.71,2,79.0,Yes,8,36,0
CUST100772,2019-01-11,42,Female,Paris,Premium,One year,Bank Transfer,67,78.55,5361.83,2,45.6,Yes,8,15,0
CUST100773,2023-04-21,36,Female,Mumbai,Standard,Two year,Credit Card,8,46.53,365.11,2,43.4,Yes,9,65,0
CUST100774,2024-01-28,60,Female,Dubai,Standard,Two year,Credit Card,39,47.75,1797.43,1,145.3,Yes,9,11,0
CUST100775,2024-09-14,48,Female,Dubai,Basic,Two year,PayPal,47,26.35,1195.3,3,11.5,Yes,6,18,1
CUST100776,2021-07-17,24,Male,New York,Basic,Two year,PayPal,67,28.45,1835.09,4,77.8,Yes,10,87,1
CUST100777,2019-09-17,50,Female,New York,Basic,One year,Debit Card,9,21.99,196.72,0,42.2,Yes,10,8,0
CUST100778,2020-08-16,31,Male,Paris,Basic,Two year,Auto-debit,59,30.28,1697.74,0,84.9,Yes,5,85,0
CUST100779,2024-02-06,33,Male,Paris,Standard,Two year,Bank Transfer,6,45.56,274.52,2,37.6,Yes,7,7,0
CUST100780,2024-04-06,45,Male,London,Basic,Month-to-month,PayPal,26,26.46,674.08,1,86.2,Yes,2,43,1
CUST100781,2022-10-27,35,Male,São Paulo,Standard,Two year,PayPal,50,47.57,2390.98,4,123.6,Yes,7,52,0
CUST100782,2019-09-26,53,Male,Paris,Basic,One year,PayPal,21,16.7,365.97,0,46.4,Yes,10,10,0
CUST100783,2019-09-25,31,Female,Paris,Basic,One year,Credit Card,61,21.09,1333.97,1,51.4,Yes,10,79,0
CUST100784,2021-11-13,33,Female,Toronto,Premium,Two year,Bank Transfer,67,83.02,5604.85,2,84.1,No,6,86,1
CUST100785,2022-07-12,32,Female,Dubai,Standard,Month-to-month,Bank Transfer,12,44.81,533.31,1,104.4,Yes,7,20,0
CUST100786,2019-03-12,34,Female,São Paulo,Premium,Month-to-month,PayPal,19,82.48,1598.21,3,209.7,No,8,19,1
CUST100787,2023-02-11,55,Female,Paris,Standard,One year,PayPal,6,50.19,313.88,5,52.2,Yes,10,68,0
CUST100788,2022-04-07,49,Male,London,Basic,One year,Auto-debit,52,19.86,1031.64,4,51.4,Yes,4,33,0
CUST100789,2019-01-27,63,Female,São Paulo,Standard,Two year,Bank Transfer,64,27.34,1679.65,2,30.8,No,10,3,0
CUST100790,2019-07-29,70,Female,New York,Standard,Two year,Debit Card,44,55.07,2487.56,2,8.6,No,6,67,0
CUST100791,2021-09-21,28,Male,Sydney,Basic,One year,Credit Card,10,18.21,173.19,2,124.3,Yes,4,31,1
CUST100792,2023-05-02,42,Male,New York,Premium,Two year,Auto-debit,13,75.06,1001.6,1,60.8,No,6,36,0
CUST100793,2023-12-13,26,Female,Mumbai,Standard,Month-to-month,Bank Transfer,3,38.26,110.02,2,30.0,No,5,58,0
CUST100794,2021-08-02,31,Female,Dubai,Standard,Two year,Bank Transfer,36,42.98,1486.41,6,112.8,Yes,7,51,1
CUST100795,2020-10-08,33,Male,São Paulo,Standard,Month-to-month,Debit Card,52,41.62,2225.21,2,118.5,Yes,3,74,1
CUST100796,2024-10-21,27,Female,Toronto,Standard,One year,Credit Card,11,40.58,454.84,1,98.9,Yes,7,71,1
CUST100797,2021-10-01,27,Male,Mumbai,Basic,Month-to-month,PayPal,62,15.91,992.53,3,51.0,Yes,8,84,0
CUST100798,2020-11-21,39,Male,Sydney,Premium,One year,Bank Transfer,19,83.18,1631.09,0,79.9,Yes,10,82,1
CUST100799,2021-08-26,25,Male,Zürich,Standard,Month-to-month,Debit Card,38,57.18,2249.19,3,33.9,Yes,8,56,0
CUST100800,2019-01-27,52,Male,Toronto,Basic,Month-to-month,PayPal,49,24.92,1215.89,3,102.0,Yes,10,50,0
CUST100801,2020-10-23,29,Female,London,Basic,One year,Auto-debit,39,26.74,1094.62,3,44.7,No,5,41,0
CUST100802,2022-02-03,78,Male,Singapore,Standard,One year,Debit Card,35,42.74,1474.6,2,133.1,Yes,7,59,0
CUST100803,2024-07-04,35,Female,Dubai,Premium,Month-to-month,Debit Card,25,80.63,1949.53,4,91.5,Yes,2,5,1
CUST100804,2023-06-05,42,Male,Mumbai,Premium,One year,Debit Card,31,82.56,2647.91,1,25.5,Yes,6,36,0
CUST100805,2023-09-08,24,Female,Berlin,Standard,Month-to-month,Auto-debit,18,41.04,732.48,2,124.5,Yes,7,24,0
CUST100806,2022-04-08,63,Female,New York,Premium,Month-to-month,PayPal,22,77.45,1767.71,3,118.4,Yes,8,50,1
CUST100807,2019-08-31,56,Female,Paris,Standard,Month-to-month,Auto-debit,55,50.13,2636.16,3,108.8,Yes,3,83,1
CUST100808,2021-05-06,45,Female,Dubai,Basic,One year,Auto-debit,64,26.54,1632.49,2,112.5,No,6,43,0
CUST100809,2024-12-23,23,Female,London,Standard,One year,PayPal,62,45.4,2685.4,3,66.5,Yes,6,52,0
CUST100810,2019-04-07,44,Female,New York,Basic,One year,Credit Card,24,12.83,311.06,3,79.0,Yes,6,36,1
CUST100811,2024-04-09,26,Female,London,Basic,Two year,Debit Card,24,18.23,452.04,2,58.3,Yes,8,30,0
CUST100812,2023-02-08,60,Female,Sydney,Standard,One year,PayPal,5,36.35,179.98,4,16.2,Yes,6,61,0
CUST100813,2020-09-13,52,Male,Dubai,Basic,One year,Debit Card,20,20.45,392.26,1,90.6,Yes,7,22,0
CUST100814,2023-08-31,42,Male,London,Premium,Two year,Credit Card,43,81.53,3461.43,1,20.7,Yes,5,79,1
CUST100815,2024-01-07,18,Male,Dubai,Premium,Month-to-month,Auto-debit,20,78.38,1543.78,2,30.8,Yes,9,10,0
CUST100816,2019-04-05,28,Male,New York,Basic,Month-to-month,Debit Card,53,21.45,1153.16,2,43.0,No,9,20,0
CUST100817,2019-08-22,50,Male,Zürich,Standard,Month-to-month,Bank Transfer,4,47.5,192.89,2,69.2,Yes,6,67,1
CUST100818,2022-12-28,57,Male,Toronto,Standard,One year,Auto-debit,30,46.54,1340.77,2,185.1,Yes,10,7,0
CUST100819,2024-12-28,55,Female,Paris,Basic,Month-to-month,PayPal,21,12.79,266.45,3,42.7,Yes,5,37,1
CUST100820,2019-02-22,20,Male,Mumbai,Basic,Month-to-month,Bank Transfer,36,18.48,674.76,5,194.3,Yes,9,34,0
CUST100821,2022-12-28,45,Female,Toronto,Basic,Two year,Credit Card,2,22.46,43.84,0,116.3,Yes,4,84,1
CUST100822,2019-10-26,54,Male,Berlin,Basic,Two year,Bank Transfer,31,29.47,905.08,3,83.6,Yes,8,14,0
CUST100823,2022-11-24,19,Female,Dubai,Basic,Month-to-month,Auto-debit,57,18.37,1058.99,1,39.4,Yes,8,40,0
CUST100824,2022-09-27,41,Male,Sydney,Basic,Month-to-month,Auto-debit,62,23.31,1431.18,4,69.9,Yes,4,41,0
CUST100825,2019-07-18,45,Male,Sydney,Basic,Month-to-month,Credit Card,19,25.27,457.61,2,73.7,Yes,6,73,0
CUST100826,2023-01-30,37,Male,Zürich,Premium,Month-to-month,Debit Card,31,78.82,2375.64,2,101.2,Yes,10,48,0
CUST100827,2024-05-18,18,Female,Singapore,Basic,Two year,Credit Card,50,26.89,1381.62,3,40.9,Yes,5,11,0
CUST100828,2024-03-05,37,Male,São Paulo,Basic,One year,Auto-debit,34,27.21,901.87,4,118.5,Yes,7,78,0
CUST100829,2019-03-05,37,Female,Mumbai,Standard,Month-to-month,Debit Card,40,53.28,2198.91,3,64.7,Yes,7,13,0
CUST100830,2020-06-22,39,Male,New York,Basic,Month-to-month,PayPal,25,22.75,566.87,0,90.4,Yes,6,62,1
CUST100831,2020-06-11,34,Female,New York,Standard,Month-to-month,PayPal,61,59.16,3598.99,2,61.3,No,3,24,1
CUST100832,2021-09-19,35,Male,New York,Basic,Month-to-month,Bank Transfer,46,16.31,770.56,3,143.4,No,8,10,0
CUST100833,2019-11-10,40,Female,Singapore,Standard,Month-to-month,Auto-debit,70,57.74,3994.63,1,32.2,Yes,7,17,1
CUST100834,2024-02-15,47,Male,Singapore,Standard,One year,Debit Card,57,49.61,2753.82,0,80.5,Yes,9,84,0
CUST100835,2023-08-29,37,Male,Zürich,Standard,Month-to-month,Bank Transfer,27,53.04,1375.52,0,25.1,Yes,7,87,1
CUST100836,2023-11-06,36,Male,Chicago,Standard,Two year,Debit Card,24,43.08,1051.69,0,95.1,Yes,7,54,0
CUST100837,2020-03-10,42,Male,Berlin,Standard,Month-to-month,Credit Card,7,50.07,349.44,1,30.2,Yes,7,72,1
CUST100838,2019-02-01,18,Male,Paris,Basic,One year,Credit Card,45,28.56,1324.96,1,56.1,Yes,4,81,0
CUST100839,2024-06-17,47,Other,Paris,Basic,Month-to-month,Debit Card,54,13.48,724.84,0,51.6,No,10,31,0
CUST100840,2020-09-24,41,Male,São Paulo,Standard,Month-to-month,PayPal,26,44.02,1134.77,0,223.2,Yes,6,68,0
CUST100841,2022-12-08,42,Male,Singapore,Basic,Two year,Bank Transfer,2,10.0,19.6,1,40.2,Yes,6,46,1
CUST100842,2024-06-14,53,Female,Berlin,Basic,One year,Auto-debit,60,18.93,1101.66,1,119.1,No,9,15,0
CUST100843,2019-03-21,18,Male,Berlin,Standard,Month-to-month,PayPal,17,40.1,704.23,2,8.2,Yes,7,47,0
CUST100844,2019-01-12,18,Male,New York,Basic,Month-to-month,PayPal,42,18.69,753.2,2,69.4,No,6,4,0
CUST100845,2019-01-12,45,Female,São Paulo,Basic,One year,Credit Card,4,37.54,156.2,6,147.3,Yes,7,54,0
CUST100846,2019-12-09,41,Female,Mumbai,Standard,Two year,Auto-debit,5,55.31,263.47,3,17.0,Yes,8,23,0
CUST100847,2019-04-24,43,Female,Berlin,Basic,One year,Debit Card,65,11.36,740.04,3,115.9,Yes,6,9,0
CUST100848,2023-12-01,35,Male,London,Premium,Month-to-month,Bank Transfer,49,83.33,3902.83,1,61.6,Yes,9,63,0
CUST100849,2022-08-19,50,Female,New York,Premium,Month-to-month,Bank Transfer,1,84.79,87.16,2,11.0,Yes,4,31,1
CUST100850,2024-11-16,53,Male,São Paulo,Premium,Month-to-month,Auto-debit,8,77.97,605.76,1,126.2,Yes,7,40,1
CUST100851,2023-10-22,47,Other,Zürich,Standard,Month-to-month,Auto-debit,36,46.07,1669.45,2,98.0,Yes,8,7,1
CUST100852,2024-10-10,38,Female,São Paulo,Basic,One year,Bank Transfer,49,21.66,1105.54,2,36.2,Yes,8,7,0
CUST100853,2020-06-06,18,Female,London,Standard,One year,Bank Transfer,31,36.92,1161.6,6,101.8,Yes,2,82,1
CUST100854,2020-09-22,51,Male,New York,Standard,Month-to-month,Credit Card,63,38.81,2366.38,0,18.2,No,6,53,1
CUST100855,2024-02-04,57,Male,London,Standard,One year,Credit Card,47,46.03,2227.59,2,44.9,Yes,4,36,0
CUST100856,2020-06-20,49,Female,Dubai,Basic,One year,PayPal,45,20.6,921.58,1,68.2,Yes,9,59,0
CUST100857,2019-05-06,30,Female,Zürich,Basic,One year,Bank Transfer,21,15.75,314.65,1,65.9,Yes,6,65,0
CUST100858,2023-01-05,50,Female,Toronto,Basic,Month-to-month,Bank Transfer,50,15.23,760.49,1,88.7,Yes,9,10,0
CUST100859,2023-10-21,52,Female,New York,Basic,Month-to-month,Debit Card,63,19.46,1264.29,3,219.9,Yes,4,82,0
CUST100860,2024-10-21,61,Female,Toronto,Basic,Month-to-month,PayPal,4,25.32,100.57,2,29.9,No,7,59,1
CUST100861,2024-07-24,30,Male,Dubai,Premium,Month-to-month,Auto-debit,53,79.54,4324.56,2,77.0,Yes,7,27,0
CUST100862,2019-09-21,38,Male,London,Basic,Month-to-month,Credit Card,64,29.74,1942.48,0,78.4,Yes,10,24,0
CUST100863,2023-08-18,51,Male,Dubai,Standard,Month-to-month,Debit Card,32,40.83,1300.93,2,133.4,No,9,7,1
CUST100864,2024-01-28,42,Male,Mumbai,Premium,Month-to-month,Auto-debit,56,81.16,4464.64,2,65.6,Yes,9,23,0
CUST100865,2023-03-09,26,Male,London,Basic,Month-to-month,Credit Card,26,17.87,475.15,4,14.6,Yes,10,30,0
CUST100866,2023-12-01,46,Female,Paris,Standard,Two year,Debit Card,14,48.53,670.51,2,72.1,No,7,19,0
CUST100867,2024-01-10,49,Female,Singapore,Standard,One year,PayPal,59,40.31,2299.83,1,12.9,Yes,6,60,0
CUST100868,2021-09-04,42,Female,Zürich,Basic,Month-to-month,Bank Transfer,23,31.56,712.88,4,125.8,Yes,6,22,1
CUST100869,2019-03-29,44,Male,London,Standard,Two year,Debit Card,55,34.86,1989.55,2,67.7,Yes,7,44,0
CUST100870,2021-09-26,38,Female,Sydney,Premium,Month-to-month,Bank Transfer,23,90.29,2031.69,0,86.4,Yes,1,50,1
CUST100871,2020-03-17,60,Female,São Paulo,Standard,Month-to-month,Debit Card,29,45.54,1285.66,2,32.7,No,7,6,0
CUST100872,2019-09-07,29,Female,São Paulo,Premium,Two year,Debit Card,50,83.31,4012.8,1,33.9,Yes,7,15,0
CUST100873,2019-10-01,33,Female,New York,Premium,Month-to-month,PayPal,25,88.01,2102.38,3,97.2,Yes,6,6,0
CUST100874,2023-03-08,41,Female,São Paulo,Basic,Month-to-month,Credit Card,59,25.15,1554.58,2,56.0,Yes,3,62,1
CUST100875,2022-01-09,52,Female,Paris,Standard,Month-to-month,Bank Transfer,3,40.62,122.31,4,40.4,Yes,6,62,1
CUST100876,2022-03-28,22,Male,Dubai,Standard,Month-to-month,Bank Transfer,1,48.6,49.72,0,147.2,Yes,3,11,1
CUST100877,2023-06-20,24,Female,Berlin,Standard,One year,Auto-debit,6,56.2,346.4,2,73.3,Yes,10,66,1
CUST100878,2022-04-15,18,Male,Chicago,Standard,Month-to-month,Debit Card,19,39.68,742.79,4,44.6,No,6,73,1
CUST100879,2022-10-11,41,Male,Zürich,Standard,Month-to-month,Debit Card,4,57.71,237.74,4,76.2,Yes,2,9,0
CUST100880,2019-07-08,26,Male,New York,Premium,Month-to-month,Auto-debit,28,82.31,2411.04,1,50.3,Yes,6,10,1
CUST100881,2024-02-07,36,Female,London,Basic,Month-to-month,Credit Card,2,17.4,35.64,4,92.1,Yes,8,71,0
CUST100882,2021-09-09,50,Female,Paris,Standard,Month-to-month,PayPal,55,39.64,2226.36,2,31.2,Yes,7,27,0
CUST100883,2019-12-06,33,Female,Berlin,Basic,Two year,PayPal,12,18.66,222.4,3,127.0,Yes,4,31,1
CUST100884,2023-11-17,44,Male,London,Standard,One year,PayPal,70,33.27,2408.39,3,50.3,Yes,5,52,0
CUST100885,2023-05-28,37,Male,Mumbai,Standard,Month-to-month,PayPal,62,42.51,2527.25,2,24.4,Yes,6,6,0
CUST100886,2019-04-27,50,Female,Singapore,Standard,One year,Bank Transfer,50,43.42,2225.21,0,26.8,Yes,6,39,0
CUST100887,2020-02-27,47,Male,Singapore,Standard,Month-to-month,Credit Card,58,38.55,2205.04,1,58.7,Yes,4,30,1
CUST100888,2019-02-04,32,Female,São Paulo,Standard,Month-to-month,Auto-debit,56,49.49,2789.72,4,40.6,Yes,6,74,1
CUST100889,2020-08-15,39,Male,Paris,Basic,Month-to-month,Auto-debit,61,18.69,1184.89,1,20.7,Yes,4,65,0
CUST100890,2019-08-07,55,Female,Dubai,Basic,Month-to-month,Credit Card,40,16.19,654.4,1,21.7,Yes,9,25,0
CUST100891,2023-04-04,46,Female,New York,Basic,One year,Auto-debit,45,18.05,773.72,2,68.1,Yes,9,59,0
CUST100892,2022-02-18,23,Female,London,Premium,Two year,Debit Card,34,82.13,2854.58,0,79.0,Yes,4,36,0
CUST100893,2024-11-16,50,Male,New York,Basic,Month-to-month,Credit Card,45,20.44,959.26,2,71.3,Yes,5,43,1
CUST100894,2023-06-30,27,Female,Sydney,Premium,Month-to-month,Debit Card,28,75.79,2152.26,1,144.6,Yes,6,66,1
CUST100895,2022-09-01,59,Female,Sydney,Basic,One year,Bank Transfer,9,20.75,193.5,1,86.4,Yes,6,25,1
CUST100896,2022-01-20,54,Female,Paris,Standard,Month-to-month,Auto-debit,68,44.7,3138.48,2,44.2,No,7,52,0
CUST100897,2019-04-30,45,Female,Sydney,Standard,Month-to-month,Bank Transfer,51,38.16,2016.47,1,305.5,Yes,8,37,0
CUST100898,2019-06-03,43,Male,New York,Standard,Two year,Auto-debit,51,43.27,2172.37,4,35.1,Yes,7,58,1
CUST100899,2022-09-11,38,Female,Chicago,Standard,Two year,Debit Card,21,48.48,1015.45,1,18.6,Yes,10,34,0
CUST100900,2019-01-10,50,Male,Toronto,Standard,Two year,Auto-debit,56,48.43,2806.47,2,100.5,Yes,7,84,0
CUST100901,2019-04-03,36,Male,Chicago,Premium,Month-to-month,Bank Transfer,38,78.62,3110.17,1,185.8,Yes,4,35,1
CUST100902,2020-04-24,44,Female,Dubai,Standard,Month-to-month,Credit Card,6,49.06,283.96,3,113.6,Yes,3,9,1
CUST100903,2024-04-20,52,Female,Chicago,Basic,Month-to-month,Credit Card,69,14.12,943.25,0,56.4,No,10,44,0
CUST100904,2021-10-02,34,Male,Dubai,Basic,Two year,Debit Card,72,14.31,1014.54,1,37.9,Yes,8,21,0
CUST100905,2023-04-03,33,Male,London,Standard,Month-to-month,Credit Card,63,43.49,2813.93,1,96.1,Yes,7,40,0
CUST100906,2021-06-20,25,Male,São Paulo,Standard,Month-to-month,Debit Card,35,53.99,1960.51,6,58.6,Yes,7,82,0
CUST100907,2020-01-15,27,Male,Sydney,Standard,Month-to-month,Auto-debit,17,45.98,787.93,2,54.3,Yes,7,9,0
CUST100908,2021-03-23,18,Female,São Paulo,Standard,One year,Debit Card,1,43.35,41.67,2,151.7,Yes,7,3,0
CUST100909,2019-07-20,50,Male,Zürich,Basic,One year,Bank Transfer,54,29.26,1549.03,0,15.1,Yes,6,26,0
CUST100910,2023-08-14,65,Female,Singapore,Standard,One year,Auto-debit,65,43.28,2913.64,1,83.6,Yes,9,39,0
CUST100911,2020-02-06,60,Male,Toronto,Standard,Month-to-month,Debit Card,8,58.41,460.16,3,40.0,Yes,5,11,0
CUST100912,2021-04-04,20,Male,Chicago,Standard,One year,Bank Transfer,50,41.93,2013.23,5,66.2,No,5,62,0
CUST100913,2024-11-16,50,Female,São Paulo,Standard,Month-to-month,PayPal,2,38.93,76.32,3,34.2,Yes,3,54,1
CUST100914,2022-07-20,59,Male,Chicago,Premium,Month-to-month,Debit Card,56,79.0,4559.69,2,58.6,No,6,63,1
CUST100915,2021-10-01,35,Male,Berlin,Standard,Month-to-month,Auto-debit,3,43.51,130.44,3,245.1,Yes,9,38,0
CUST100916,2022-04-04,42,Female,Chicago,Premium,Month-to-month,Bank Transfer,71,75.15,5160.41,2,107.0,No,5,83,1
CUST100917,2023-09-14,18,Female,Toronto,Basic,Month-to-month,PayPal,13,35.61,454.26,5,96.1,Yes,3,60,1
CUST100918,2020-07-11,44,Female,Mumbai,Standard,Two year,Auto-debit,29,46.91,1422.09,2,67.4,Yes,7,82,0
CUST100919,2022-10-25,27,Male,Chicago,Standard,Month-to-month,Auto-debit,51,47.79,2420.71,1,63.5,Yes,5,7,0
CUST100920,2024-03-26,44,Female,Sydney,Standard,Month-to-month,Bank Transfer,61,42.23,2560.99,3,70.4,Yes,10,60,0
CUST100921,2022-06-07,21,Other,Toronto,Basic,One year,Auto-debit,27,16.53,430.83,0,89.9,Yes,9,31,0
CUST100922,2021-09-04,48,Female,Chicago,Standard,One year,Debit Card,71,51.15,3560.67,1,108.3,Yes,4,17,0
CUST100923,2019-11-14,54,Male,Paris,Basic,Month-to-month,Debit Card,2,10.0,20.63,3,199.4,No,6,16,1
CUST100924,2020-06-27,31,Male,Toronto,Premium,One year,Debit Card,34,73.14,2557.93,2,56.3,Yes,5,17,1
CUST100925,2024-09-02,26,Male,Toronto,Basic,Month-to-month,Bank Transfer,72,18.52,1324.84,5,149.5,Yes,4,8,0
CUST100926,2022-03-31,18,Male,Berlin,Basic,Month-to-month,Auto-debit,20,28.11,584.33,2,200.7,Yes,6,40,1
CUST100927,2020-10-21,38,Female,New York,Standard,One year,Bank Transfer,39,42.75,1647.29,3,113.4,Yes,8,69,1
CUST100928,2021-07-05,33,Male,Singapore,Basic,One year,PayPal,33,22.5,769.55,1,62.8,Yes,6,41,0
CUST100929,2022-06-19,21,Male,Toronto,Basic,Month-to-month,Bank Transfer,29,20.17,557.53,0,113.9,Yes,5,11,1
CUST100930,2022-03-23,47,Male,Chicago,Standard,Month-to-month,Credit Card,56,52.78,2910.53,0,19.8,Yes,2,63,1
CUST100931,2023-03-13,35,Female,Berlin,Standard,Month-to-month,Debit Card,38,35.49,1396.51,1,180.4,Yes,5,15,0
CUST100932,2020-07-17,27,Male,São Paulo,Basic,Month-to-month,Bank Transfer,52,24.42,1320.8,2,120.1,Yes,8,78,0
CUST100933,2022-11-22,34,Male,Singapore,Standard,Two year,Credit Card,38,43.81,1707.47,1,61.0,Yes,4,33,0
CUST100934,2021-08-27,55,Male,São Paulo,Standard,Month-to-month,Auto-debit,72,50.55,3701.42,0,58.0,Yes,9,0,0
CUST100935,2024-08-21,49,Female,London,Standard,Two year,Credit Card,34,40.08,1405.71,2,23.9,No,5,26,0
CUST100936,2019-12-12,39,Male,Mumbai,Basic,Month-to-month,Bank Transfer,58,20.15,1192.96,3,131.5,Yes,7,74,1
CUST100937,2019-11-22,49,Female,São Paulo,Basic,Two year,Bank Transfer,45,19.38,850.67,2,58.9,Yes,6,82,0
CUST100938,2021-10-08,26,Male,Sydney,Premium,Month-to-month,Auto-debit,58,73.99,4276.93,2,189.9,Yes,4,37,1
CUST100939,2022-01-18,41,Male,Chicago,Standard,Month-to-month,Bank Transfer,64,37.32,2426.86,2,19.6,Yes,7,88,0
CUST100940,2023-02-22,43,Male,Singapore,Basic,Month-to-month,PayPal,17,16.52,283.31,6,34.7,No,5,20,1
CUST100941,2021-06-03,35,Male,Sydney,Premium,Month-to-month,Bank Transfer,22,80.78,1845.6,1,31.8,Yes,5,38,0
CUST100942,2024-06-24,47,Male,New York,Basic,Two year,Debit Card,22,15.46,339.23,3,7.5,Yes,1,41,0
CUST100943,2021-11-04,31,Female,Berlin,Standard,One year,PayPal,36,43.02,1498.85,1,100.7,Yes,9,18,0
CUST100944,2019-10-11,48,Female,Mumbai,Standard,One year,Auto-debit,36,33.69,1178.22,1,27.9,Yes,7,34,0
CUST100945,2019-09-19,48,Male,Sydney,Premium,Month-to-month,Credit Card,1,77.78,80.47,4,34.8,Yes,9,44,1
CUST100946,2024-11-01,18,Male,Chicago,Premium,One year,Debit Card,65,86.14,5324.03,2,29.2,Yes,8,62,1
CUST100947,2019-10-21,56,Female,Dubai,Basic,One year,Credit Card,62,24.23,1557.71,2,50.9,Yes,9,44,0
CUST100948,2024-09-06,18,Male,London,Standard,Two year,PayPal,44,44.48,1870.14,2,167.2,Yes,5,9,0
CUST100949,2020-08-31,33,Male,São Paulo,Basic,One year,Bank Transfer,23,21.46,488.23,2,89.9,Yes,3,41,1
CUST100950,2019-07-24,54,Male,Mumbai,Standard,One year,Credit Card,60,40.03,2473.9,4,75.4,Yes,8,76,1
CUST100951,2020-10-29,37,Male,London,Standard,Month-to-month,PayPal,20,54.75,1084.88,3,66.3,No,7,1,1
CUST100952,2022-09-08,22,Male,São Paulo,Basic,Two year,PayPal,23,32.41,769.46,3,45.3,Yes,5,89,1
CUST100953,2021-07-26,27,Other,Singapore,Basic,Month-to-month,Bank Transfer,72,20.99,1450.87,0,45.8,No,8,11,0
CUST100954,2023-09-17,54,Other,London,Basic,Month-to-month,Debit Card,67,35.54,2383.93,2,73.0,Yes,7,0,1
CUST100955,2022-08-31,18,Female,Mumbai,Basic,Two year,Credit Card,43,15.92,690.21,2,156.1,Yes,8,12,0
CUST100956,2021-05-27,56,Male,Zürich,Basic,Month-to-month,Credit Card,13,12.49,168.72,5,43.0,Yes,4,22,1
CUST100957,2022-10-21,40,Male,Toronto,Premium,Month-to-month,PayPal,9,75.74,653.96,3,122.5,Yes,9,31,0
CUST100958,2024-10-28,25,Male,Sydney,Standard,Month-to-month,PayPal,70,43.68,3008.25,2,30.2,Yes,6,74,0
CUST100959,2021-06-20,33,Male,London,Standard,Month-to-month,Auto-debit,20,58.87,1196.16,1,100.3,Yes,9,52,1
CUST100960,2019-12-03,28,Male,Berlin,Premium,Two year,PayPal,50,78.31,4103.42,1,152.4,Yes,9,57,1
CUST100961,2021-06-14,52,Male,Paris,Standard,Two year,Credit Card,26,39.84,1071.92,4,62.9,Yes,8,79,1
CUST100962,2024-01-14,51,Male,São Paulo,Basic,Month-to-month,Bank Transfer,36,14.61,544.18,1,45.6,Yes,6,11,0
CUST100963,2020-04-21,19,Male,Berlin,Premium,Two year,Credit Card,71,86.84,6176.23,0,100.0,No,8,20,0
CUST100964,2024-09-09,36,Male,Mumbai,Standard,One year,Debit Card,43,50.98,2206.24,0,178.4,Yes,9,87,1
CUST100965,2022-07-12,30,Female,Berlin,Standard,Two year,Bank Transfer,32,42.09,1395.18,1,119.1,Yes,8,69,0
CUST100966,2022-08-10,58,Male,Mumbai,Premium,Month-to-month,Debit Card,30,68.75,2138.74,1,193.2,No,7,5,0
CUST100967,2020-11-25,23,Female,London,Standard,Month-to-month,PayPal,17,38.23,669.56,0,67.1,Yes,8,20,0
CUST100968,2024-07-08,62,Male,São Paulo,Standard,Month-to-month,PayPal,41,55.33,2340.8,3,64.3,Yes,5,33,1
CUST100969,2019-03-20,41,Female,Singapore,Premium,Month-to-month,Auto-debit,42,84.13,3667.6,0,21.4,Yes,10,2,0
CUST100970,2020-10-16,26,Male,São Paulo,Standard,One year,Debit Card,7,45.39,305.46,2,44.2,Yes,3,52,0
CUST100971,2021-07-05,32,Female,Mumbai,Premium,Month-to-month,Auto-debit,30,91.21,2679.56,2,61.2,Yes,7,58,1
CUST100972,2021-11-11,31,Male,Toronto,Basic,Month-to-month,Bank Transfer,47,31.75,1563.3,4,65.3,No,6,30,0
CUST100973,2021-11-04,24,Male,Berlin,Basic,One year,Bank Transfer,4,19.78,79.47,3,98.9,Yes,5,19,1
CUST100974,2019-11-20,42,Female,Berlin,Standard,Month-to-month,Credit Card,71,44.89,3084.07,1,47.5,Yes,7,38,0
CUST100975,2020-05-09,25,Male,Mumbai,Basic,Month-to-month,Credit Card,62,16.51,1023.93,4,49.5,Yes,4,82,1
CUST100976,2019-07-28,18,Male,Mumbai,Premium,One year,Bank Transfer,46,78.29,3653.84,2,213.2,Yes,10,64,0
CUST100977,2022-06-07,36,Female,Zürich,Basic,Two year,PayPal,2,11.08,22.89,1,7.9,Yes,4,84,1
CUST100978,2021-02-07,18,Male,New York,Standard,Month-to-month,Debit Card,38,36.06,1413.06,3,10.5,Yes,4,49,1
CUST100979,2022-05-24,31,Female,Toronto,Basic,Two year,Auto-debit,65,10.0,620.7,2,34.0,Yes,4,9,0
CUST100980,2022-07-15,29,Female,Chicago,Premium,Two year,Debit Card,2,86.51,172.22,1,10.0,Yes,7,5,0
CUST100981,2023-03-18,30,Male,Chicago,Basic,One year,PayPal,58,10.63,586.98,4,12.4,Yes,9,17,0
CUST100982,2022-04-13,67,Male,Paris,Basic,Month-to-month,Bank Transfer,61,31.7,2008.76,1,51.7,No,8,46,0
CUST100983,2022-11-20,42,Male,Toronto,Basic,One year,Auto-debit,6,15.62,90.66,1,81.8,Yes,10,18,0
CUST100984,2022-07-09,44,Female,London,Standard,Two year,Auto-debit,17,55.42,953.9,7,50.3,Yes,5,28,1
CUST100985,2022-11-29,18,Male,Berlin,Premium,Month-to-month,Bank Transfer,53,77.81,4153.05,0,85.0,Yes,8,82,1
CUST100986,2022-09-12,32,Male,London,Premium,Two year,Credit Card,66,70.6,4718.09,3,108.7,Yes,6,3,0
CUST100987,2020-11-23,44,Male,Paris,Basic,Two year,Credit Card,56,27.7,1561.04,2,75.8,Yes,7,7,0
CUST100988,2020-06-23,28,Female,Chicago,Standard,Month-to-month,Bank Transfer,38,53.41,2073.34,3,84.8,Yes,9,35,1
CUST100989,2023-09-21,53,Female,Dubai,Basic,One year,PayPal,44,14.56,648.72,2,54.9,Yes,3,67,1
CUST100990,2021-01-20,25,Female,Zürich,Standard,Month-to-month,Credit Card,38,43.01,1567.42,2,47.4,Yes,10,74,1
CUST100991,2022-04-17,37,Female,Sydney,Standard,One year,Bank Transfer,42,39.57,1639.8,2,9.1,Yes,6,25,0
CUST100992,2020-03-07,33,Female,Mumbai,Basic,Two year,Auto-debit,56,19.28,1084.71,1,112.2,Yes,3,26,0
CUST100993,2021-08-02,43,Male,Chicago,Standard,Month-to-month,Credit Card,4,45.65,179.41,4,73.6,Yes,5,52,1
CUST100994,2022-03-05,33,Female,Dubai,Premium,Month-to-month,Auto-debit,16,77.89,1278.68,4,80.8,Yes,7,77,0
CUST100995,2022-10-02,37,Female,Singapore,Basic,Month-to-month,Debit Card,5,10.0,49.09,4,20.5,Yes,5,15,1
CUST100996,2022-02-26,38,Male,Chicago,Basic,Two year,Debit Card,58,16.51,989.05,0,35.6,Yes,2,80,0
CUST100997,2021-02-28,31,Female,Sydney,Basic,Month-to-month,Bank Transfer,53,24.22,1238.31,2,52.8,Yes,7,72,0
CUST100998,2024-10-07,47,Female,Sydney,Basic,Two year,Debit Card,4,18.75,77.02,2,27.7,Yes,5,24,0
CUST100999,2022-01-27,44,Male,Chicago,Basic,Month-to-month,Credit Card,8,18.04,139.75,3,75.1,Yes,8,60,0
CUST101000,2023-11-06,40,Male,Sydney,Standard,Month-to-month,Auto-debit,20,39.42,790.61,2,71.7,No,4,56,0
CUST101001,2023-06-02,35,Male,Dubai,Basic,Two year,Debit Card,18,16.34,288.84,3,68.7,Yes,10,1,0
CUST101002,2022-05-07,51,Female,Mumbai,Standard,One year,Credit Card,38,53.45,2058.99,1,111.1,Yes,8,36,0
CUST101003,2024-04-25,38,Male,Toronto,Premium,Month-to-month,Bank Transfer,36,73.16,2558.1,2,76.2,Yes,7,21,0
CUST101004,2019-10-08,37,Female,Berlin,Premium,Month-to-month,Debit Card,26,84.32,2257.08,0,144.9,Yes,8,6,0
CUST101005,2024-07-10,42,Male,São Paulo,Standard,Month-to-month,Bank Transfer,12,45.28,547.36,1,77.9,Yes,2,41,1
CUST101006,2024-02-05,63,Female,Mumbai,Basic,Month-to-month,Credit Card,47,21.47,1055.23,3,41.0,Yes,5,63,1
CUST101007,2022-01-07,24,Male,Sydney,Basic,Month-to-month,PayPal,57,15.61,908.61,0,64.5,Yes,10,47,0
CUST101008,2023-05-26,51,Female,Zürich,Basic,One year,PayPal,47,17.89,849.86,3,5.6,Yes,6,7,0
CUST101009,2022-02-13,18,Male,New York,Premium,Month-to-month,Auto-debit,59,79.97,4873.53,0,81.4,Yes,6,74,1
CUST101010,2020-08-11,44,Male,London,Premium,Month-to-month,PayPal,66,76.88,4931.84,2,36.4,Yes,5,6,0
CUST101011,2023-10-18,61,Male,Paris,Basic,Month-to-month,Auto-debit,61,21.99,1359.2,0,70.6,Yes,10,34,0
CUST101012,2020-06-22,47,Male,São Paulo,Basic,Month-to-month,Debit Card,47,22.74,1057.07,0,40.6,Yes,6,51,1
CUST101013,2020-11-19,43,Male,Singapore,Standard,Two year,PayPal,4,58.04,237.82,2,27.8,Yes,4,83,1
CUST101014,2022-02-11,34,Female,New York,Basic,Month-to-month,Auto-debit,25,21.67,515.99,1,172.6,Yes,10,67,1
CUST101015,2024-01-08,41,Female,São Paulo,Premium,Month-to-month,Credit Card,31,68.53,2109.07,2,40.0,Yes,3,17,1
CUST101016,2021-04-20,38,Female,Mumbai,Basic,One year,Auto-debit,52,26.98,1424.24,0,34.9,Yes,6,38,1
CUST101017,2021-12-18,31,Female,São Paulo,Basic,Two year,Bank Transfer,61,18.78,1141.07,1,101.5,Yes,5,77,0
CUST101018,2019-04-02,37,Male,New York,Standard,One year,Bank Transfer,47,57.07,2612.01,1,51.7,Yes,5,22,0
CUST101019,2019-09-11,44,Female,Singapore,Basic,Two year,Debit Card,27,28.83,775.63,4,37.9,Yes,4,81,1
CUST101020,2019-05-03,31,Female,Singapore,Basic,Two year,Auto-debit,57,16.97,1001.12,4,103.3,Yes,5,48,1
CUST101021,2019-06-07,31,Male,Toronto,Premium,One year,Auto-debit,51,84.33,4174.75,3,63.2,No,9,56,1
CUST101022,2024-03-17,23,Female,New York,Basic,Two year,Debit Card,58,16.44,940.85,5,111.9,Yes,2,59,1
CUST101023,2024-01-18,46,Male,Paris,Standard,Month-to-month,PayPal,43,45.02,2030.78,1,148.0,Yes,9,87,1
CUST101024,2023-12-05,48,Female,Zürich,Standard,Two year,Credit Card,47,49.06,2401.01,1,50.8,Yes,9,61,0
CUST101025,2019-05-02,44,Female,São Paulo,Basic,Two year,Debit Card,25,26.68,635.92,5,98.0,Yes,8,36,0
CUST101026,2019-06-20,54,Female,Dubai,Basic,Two year,Credit Card,29,25.37,737.96,3,152.2,Yes,7,53,0
CUST101027,2020-09-06,42,Male,Zürich,Basic,Month-to-month,PayPal,20,20.45,391.23,0,177.0,No,7,62,0
CUST101028,2022-05-22,46,Female,London,Basic,One year,PayPal,19,34.9,691.21,4,43.6,Yes,10,53,1
CUST101029,2021-01-01,45,Male,Mumbai,Basic,Month-to-month,PayPal,47,17.81,832.18,3,122.0,Yes,3,0,0
CUST101030,2021-12-03,40,Female,Chicago,Premium,One year,Bank Transfer,28,70.36,1954.01,2,10.7,Yes,8,81,0
CUST101031,2020-01-14,34,Male,Toronto,Standard,Month-to-month,Auto-debit,10,36.51,356.81,1,77.2,Yes,5,24,0
CUST101032,2023-05-20,70,Female,Paris,Premium,One year,Credit Card,3,88.84,268.35,2,22.8,Yes,8,58,0
CUST101033,2020-11-18,35,Female,New York,Standard,One year,Debit Card,62,44.54,2663.45,1,50.8,Yes,5,50,1
CUST101034,2019-05-26,32,Male,Toronto,Standard,Month-to-month,Debit Card,32,45.95,1514.36,6,224.5,Yes,8,10,0
CUST101035,2023-06-15,47,Male,Sydney,Standard,Month-to-month,Auto-debit,42,41.74,1751.54,5,113.3,Yes,3,78,1
CUST101036,2024-05-31,44,Female,São Paulo,Basic,Month-to-month,Credit Card,66,17.28,1148.06,1,23.3,No,3,7,0
CUST101037,2019-02-02,23,Male,Berlin,Basic,One year,Credit Card,9,15.28,142.21,3,29.6,Yes,6,85,1
CUST101038,2021-08-14,56,Male,Berlin,Standard,One year,Credit Card,68,47.83,3150.04,2,129.4,Yes,10,82,0
CUST101039,2023-12-17,40,Male,São Paulo,Standard,One year,Bank Transfer,51,44.42,2191.84,1,126.9,Yes,8,52,0
CUST101040,2023-03-27,27,Male,Toronto,Standard,Month-to-month,PayPal,47,47.61,2219.95,4,131.0,Yes,8,85,1
CUST101041,2024-02-19,56,Female,Chicago,Basic,Two year,Auto-debit,32,22.04,725.46,7,77.0,Yes,8,77,1
CUST101042,2021-06-28,49,Female,Chicago,Premium,One year,Debit Card,51,77.44,3775.09,1,112.9,Yes,6,80,1
CUST101043,2021-03-26,25,Male,Toronto,Basic,Month-to-month,Debit Card,15,11.25,173.73,2,52.5,Yes,8,71,0
CUST101044,2023-04-03,64,Male,Singapore,Premium,Month-to-month,PayPal,22,70.73,1556.18,1,50.9,Yes,5,83,1
CUST101045,2019-12-03,50,Male,Toronto,Premium,Month-to-month,Credit Card,70,98.16,6913.64,2,74.2,Yes,6,69,1
CUST101046,2020-06-08,41,Male,Sydney,Premium,Month-to-month,Auto-debit,20,88.87,1788.84,5,37.4,Yes,6,79,0
CUST101047,2022-08-08,62,Female,Zürich,Standard,Month-to-month,Auto-debit,52,53.04,2635.67,2,33.0,Yes,5,10,1
CUST101048,2023-01-03,43,Male,Toronto,Basic,Month-to-month,Credit Card,67,15.95,1041.91,5,94.1,Yes,6,38,1
CUST101049,2019-09-20,41,Female,London,Standard,Month-to-month,Auto-debit,43,45.06,1987.05,0,99.4,Yes,6,43,0
CUST101050,2022-01-18,32,Female,Toronto,Standard,Month-to-month,PayPal,22,40.11,874.68,0,33.6,Yes,5,81,1
CUST101051,2021-03-10,49,Female,Paris,Standard,Month-to-month,Debit Card,62,37.13,2315.99,2,43.8,Yes,6,43,1
CUST101052,2022-01-03,47,Female,Toronto,Basic,Two year,Auto-debit,60,16.47,1032.16,1,85.9,Yes,7,39,0
CUST101053,2024-09-29,41,Male,Sydney,Basic,Month-to-month,PayPal,40,27.96,1067.66,2,81.3,Yes,4,70,1
CUST101054,2019-06-17,31,Male,São Paulo,Basic,Month-to-month,Debit Card,9,25.04,224.23,0,77.1,Yes,7,58,1
CUST101055,2024-12-20,43,Male,London,Standard,One year,Auto-debit,32,39.18,1236.37,3,34.9,Yes,5,52,0
CUST101056,2021-09-11,40,Female,Toronto,Standard,Month-to-month,Bank Transfer,32,43.11,1325.23,3,242.7,Yes,7,82,0
CUST101057,2023-08-18,24,Female,Berlin,Premium,Month-to-month,Credit Card,14,84.49,1236.18,0,47.7,Yes,5,73,1
CUST101058,2021-07-18,22,Male,Paris,Standard,Month-to-month,Bank Transfer,29,41.57,1261.16,4,88.1,Yes,9,64,0
CUST101059,2020-11-12,48,Male,Paris,Standard,Month-to-month,Bank Transfer,12,45.48,535.47,0,27.7,Yes,9,86,0
CUST101060,2023-08-15,18,Male,Dubai,Basic,One year,Debit Card,50,22.41,1170.55,0,63.3,Yes,4,4,1
CUST101061,2023-02-14,44,Female,Berlin,Standard,Month-to-month,PayPal,32,47.35,1444.77,2,33.1,Yes,8,49,0
CUST101062,2019-11-12,35,Female,São Paulo,Basic,Month-to-month,Auto-debit,53,21.52,1195.41,0,46.4,Yes,10,2,0
CUST101063,2023-03-25,58,Female,São Paulo,Basic,One year,Credit Card,33,16.08,548.47,0,78.0,Yes,4,71,1
CUST101064,2023-07-08,35,Female,Chicago,Basic,Two year,Bank Transfer,52,16.69,843.09,2,143.3,Yes,5,11,0
CUST101065,2021-04-29,50,Male,London,Basic,Month-to-month,Auto-debit,53,13.2,706.56,3,43.0,Yes,8,50,1
CUST101066,2024-07-20,36,Female,Zürich,Basic,Month-to-month,Auto-debit,12,10.63,131.37,3,75.6,Yes,4,70,1
CUST101067,2022-11-04,42,Female,Berlin,Standard,Month-to-month,Debit Card,32,44.31,1392.3,1,87.4,Yes,5,56,1
CUST101068,2020-12-31,51,Male,Singapore,Basic,One year,Debit Card,54,24.9,1324.94,0,102.2,Yes,4,5,0
CUST101069,2019-01-24,35,Female,Chicago,Basic,One year,Auto-debit,43,11.72,510.46,2,14.0,Yes,8,42,0
CUST101070,2023-01-18,54,Male,New York,Basic,One year,PayPal,16,21.64,334.02,1,111.6,Yes,5,70,1
CUST101071,2020-04-02,28,Female,London,Standard,Month-to-month,PayPal,60,49.71,2868.73,2,88.0,Yes,6,86,0
CUST101072,2023-07-15,45,Female,Dubai,Standard,Month-to-month,PayPal,15,33.98,496.95,7,77.0,Yes,5,80,1
CUST101073,2022-02-23,53,Female,New York,Basic,Two year,PayPal,72,18.38,1355.29,1,233.2,Yes,9,73,0
CUST101074,2021-10-19,50,Female,Zürich,Basic,Month-to-month,Bank Transfer,51,29.88,1503.55,1,39.4,Yes,5,27,0
CUST101075,2019-12-25,66,Male,Singapore,Premium,Two year,PayPal,24,83.31,2000.91,4,81.5,Yes,3,67,1
CUST101076,2023-04-08,31,Female,Sydney,Standard,Month-to-month,Debit Card,15,33.78,491.27,1,204.1,Yes,3,15,0
CUST101077,2019-12-30,23,Female,Chicago,Standard,Month-to-month,PayPal,65,48.95,3084.42,2,133.7,Yes,8,29,0
CUST101078,2021-07-03,28,Female,Chicago,Standard,Month-to-month,Bank Transfer,38,40.51,1562.54,2,50.6,Yes,8,25,0
CUST101079,2024-01-06,50,Female,Toronto,Premium,Month-to-month,Auto-debit,59,84.15,4770.41,1,76.3,Yes,9,43,0
CUST101080,2024-07-08,47,Male,New York,Premium,Two year,PayPal,60,75.86,4627.99,1,77.8,Yes,4,78,0
CUST101081,2024-12-06,42,Female,London,Basic,Month-to-month,Bank Transfer,5,19.68,97.42,3,55.9,No,6,77,0
CUST101082,2024-09-29,26,Female,London,Standard,One year,PayPal,50,41.77,2124.27,3,23.9,No,10,80,0
CUST101083,2022-05-02,51,Male,Paris,Basic,One year,Bank Transfer,25,20.02,494.58,6,51.2,Yes,6,84,1
CUST101084,2020-03-15,25,Male,São Paulo,Standard,Two year,Debit Card,66,41.6,2840.61,4,92.1,Yes,5,2,0
CUST101085,2024-01-12,56,Female,Zürich,Basic,One year,PayPal,16,18.66,285.29,3,50.4,No,6,89,1
CUST101086,2023-10-22,78,Female,Berlin,Basic,Two year,Credit Card,3,12.95,40.38,3,63.2,Yes,8,78,1
CUST101087,2024-12-08,46,Female,Chicago,Premium,Two year,Debit Card,48,82.94,3889.02,1,144.4,Yes,8,66,0
CUST101088,2022-11-26,49,Male,Zürich,Premium,Month-to-month,Bank Transfer,40,81.05,3093.69,5,63.5,Yes,5,7,1
CUST101089,2019-11-07,35,Other,Dubai,Basic,Two year,Credit Card,40,10.3,414.57,0,66.2,Yes,5,65,0
CUST101090,2022-01-06,18,Male,Mumbai,Premium,Two year,Debit Card,19,85.96,1588.22,4,71.9,Yes,6,60,1
CUST101091,2021-09-08,33,Female,Zürich,Basic,Month-to-month,Bank Transfer,36,18.94,679.06,4,47.3,No,5,8,1
CUST101092,2024-01-21,27,Male,Singapore,Standard,One year,Auto-debit,70,45.97,3315.18,3,113.8,No,4,18,0
CUST101093,2021-05-09,22,Female,Sydney,Premium,Month-to-month,PayPal,55,84.59,4788.09,1,27.7,Yes,10,67,0
CUST101094,2020-12-20,63,Female,São Paulo,Basic,One year,PayPal,71,21.97,1575.53,3,47.1,Yes,6,15,0
CUST101095,2019-06-25,45,Female,Toronto,Standard,Month-to-month,PayPal,24,51.99,1307.39,3,76.5,Yes,6,31,1
CUST101096,2024-01-04,46,Female,Paris,Standard,One year,Bank Transfer,63,43.24,2714.25,1,52.6,Yes,6,54,1
CUST101097,2023-07-13,37,Male,Zürich,Basic,Month-to-month,PayPal,28,26.21,700.08,0,167.2,Yes,6,77,0
CUST101098,2019-04-01,39,Female,Zürich,Standard,One year,Credit Card,68,45.74,3209.67,2,66.7,Yes,7,25,0
CUST101099,2021-08-07,54,Female,Zürich,Basic,Month-to-month,PayPal,63,23.05,1411.68,2,65.5,Yes,5,1,1
CUST101100,2021-11-16,41,Male,Mumbai,Standard,One year,Debit Card,12,47.42,550.62,5,33.6,Yes,9,76,1
CUST101101,2021-10-24,48,Female,Paris,Basic,Month-to-month,Bank Transfer,70,27.44,1838.21,3,53.3,No,8,84,1
CUST101102,2024-07-05,38,Female,Berlin,Basic,One year,Credit Card,44,24.33,1052.1,3,110.8,Yes,6,76,1
CUST101103,2019-11-26,37,Female,Singapore,Standard,Month-to-month,Bank Transfer,56,42.34,2329.82,2,40.8,Yes,5,43,1
CUST101104,2020-11-01,23,Female,New York,Basic,Month-to-month,Credit Card,42,16.15,664.92,2,17.1,Yes,9,64,1
CUST101105,2020-02-01,18,Male,Toronto,Standard,Month-to-month,Auto-debit,16,44.7,721.87,6,59.6,Yes,6,11,0
CUST101106,2020-06-18,38,Female,Singapore,Standard,Two year,Bank Transfer,71,40.44,2943.46,0,68.7,Yes,4,57,0
CUST101107,2024-06-09,42,Male,Mumbai,Standard,Month-to-month,Credit Card,9,38.69,363.45,4,49.3,Yes,9,54,1
CUST101108,2024-08-22,24,Male,Paris,Basic,One year,Auto-debit,59,10.0,566.05,2,145.7,Yes,5,57,0
CUST101109,2019-04-08,41,Male,São Paulo,Premium,Month-to-month,PayPal,16,70.7,1091.65,4,224.1,Yes,8,62,1
CUST101110,2022-10-16,42,Male,Sydney,Standard,One year,Bank Transfer,57,56.91,3273.01,1,76.2,Yes,1,80,1
CUST101111,2020-05-24,18,Male,Mumbai,Basic,Month-to-month,Credit Card,31,16.06,477.85,1,52.9,No,6,70,1
CUST101112,2020-02-26,29,Female,São Paulo,Standard,Month-to-month,Credit Card,18,56.42,1002.44,1,92.2,No,9,3,0
CUST101113,2020-10-01,46,Male,Dubai,Standard,Month-to-month,Auto-debit,18,47.42,864.19,2,146.3,Yes,7,63,0
CUST101114,2020-03-01,46,Male,Toronto,Standard,Month-to-month,PayPal,24,44.7,1102.9,3,43.1,No,8,65,1
CUST101115,2021-12-09,26,Male,São Paulo,Standard,Month-to-month,Bank Transfer,65,36.0,2273.92,1,107.2,Yes,5,49,0
CUST101116,2024-12-20,43,Female,Singapore,Standard,Month-to-month,Auto-debit,56,45.03,2564.04,4,59.5,No,7,56,0
CUST101117,2022-07-08,54,Male,New York,Premium,Month-to-month,PayPal,49,91.35,4541.44,1,128.9,No,7,7,0
CUST101118,2023-05-03,51,Male,Chicago,Standard,Two year,Debit Card,46,54.35,2590.01,2,33.6,Yes,7,23,1
CUST101119,2021-12-16,40,Female,Singapore,Premium,Month-to-month,Auto-debit,31,81.65,2484.01,0,157.4,Yes,10,77,0
CUST101120,2019-01-31,35,Male,Berlin,Standard,Two year,Credit Card,65,38.11,2539.1,4,77.8,Yes,9,0,0
CUST101121,2019-07-04,33,Female,São Paulo,Premium,Month-to-month,PayPal,20,74.26,1522.63,2,92.0,Yes,8,88,1
CUST101122,2020-08-11,47,Male,Zürich,Premium,Month-to-month,Auto-debit,68,74.88,4959.04,0,29.7,Yes,8,20,0
CUST101123,2020-06-17,44,Male,Chicago,Basic,Month-to-month,Debit Card,28,27.67,784.15,3,29.0,Yes,4,70,0
CUST101124,2024-01-15,49,Male,New York,Basic,Month-to-month,Debit Card,25,29.79,757.8,1,82.9,Yes,5,19,1
CUST101125,2024-01-22,43,Female,Sydney,Standard,Month-to-month,PayPal,35,46.18,1579.84,1,93.8,Yes,3,3,1
CUST101126,2024-02-14,52,Male,Berlin,Standard,Two year,Credit Card,54,43.18,2320.48,5,56.1,Yes,4,54,0
CUST101127,2022-10-28,42,Female,Singapore,Standard,One year,Credit Card,52,54.29,2804.95,1,100.0,Yes,5,68,0
CUST101128,2022-05-03,51,Male,Singapore,Standard,One year,Debit Card,56,39.13,2251.21,2,29.5,Yes,6,7,0
CUST101129,2022-11-22,52,Female,Mumbai,Premium,Month-to-month,Auto-debit,7,80.31,534.1,3,22.6,Yes,4,24,1
CUST101130,2021-06-09,31,Male,Paris,Standard,Month-to-month,Debit Card,12,47.78,573.42,4,72.2,No,6,27,1
CUST101131,2023-01-07,18,Male,Singapore,Standard,One year,Bank Transfer,62,39.82,2390.91,5,28.7,No,6,86,0
CUST101132,2023-10-06,61,Male,Sydney,Basic,Month-to-month,PayPal,71,16.18,1165.65,1,17.5,Yes,4,27,1
CUST101133,2023-07-29,44,Female,New York,Standard,Month-to-month,Bank Transfer,10,40.72,414.54,1,35.6,Yes,10,5,0
CUST101134,2022-09-06,19,Male,Toronto,Basic,Month-to-month,Debit Card,66,28.5,1881.21,2,91.7,Yes,4,88,1
CUST101135,2019-05-08,32,Female,Chicago,Standard,Month-to-month,Auto-debit,19,56.49,1077.82,1,76.8,No,9,8,0
CUST101136,2023-05-07,51,Female,Mumbai,Standard,One year,Debit Card,71,45.69,3184.0,2,147.4,Yes,2,43,0
CUST101137,2021-03-13,37,Other,Chicago,Standard,Month-to-month,Bank Transfer,72,43.39,3065.76,2,80.1,No,6,16,0
CUST101138,2023-06-17,34,Male,Singapore,Standard,Month-to-month,Auto-debit,46,41.4,1951.08,3,30.4,Yes,4,22,0
CUST101139,2022-03-27,59,Female,Singapore,Basic,Two year,PayPal,14,20.01,269.82,3,95.6,Yes,5,67,0
CUST101140,2024-04-13,27,Female,Mumbai,Basic,Two year,Bank Transfer,57,16.7,977.74,6,42.2,Yes,10,12,0
CUST101141,2021-01-11,31,Female,Singapore,Basic,Month-to-month,Credit Card,8,19.42,157.77,0,55.4,Yes,6,58,1
CUST101142,2024-08-01,44,Other,New York,Premium,Month-to-month,PayPal,25,82.48,2141.28,1,42.8,No,4,50,1
CUST101143,2024-01-24,46,Female,New York,Premium,One year,Debit Card,46,77.57,3482.63,3,27.2,Yes,8,65,0
CUST101144,2020-12-26,47,Female,Mumbai,Basic,Month-to-month,Auto-debit,5,18.86,94.36,4,295.4,Yes,6,14,1
CUST101145,2021-11-22,53,Female,São Paulo,Basic,Month-to-month,Auto-debit,29,18.89,522.56,1,37.7,Yes,7,31,1
CUST101146,2022-03-09,44,Male,Singapore,Standard,Month-to-month,Bank Transfer,58,43.09,2602.31,1,15.6,No,4,0,1
CUST101147,2023-08-11,47,Female,Mumbai,Standard,Month-to-month,Auto-debit,7,42.35,301.65,1,102.7,Yes,5,79,1
CUST101148,2023-02-18,38,Male,Toronto,Basic,Two year,Auto-debit,27,24.57,671.54,0,12.1,Yes,5,89,1
CUST101149,2024-02-09,42,Female,Zürich,Basic,One year,Bank Transfer,1,10.0,10.23,2,59.9,No,8,40,0
CUST101150,2021-03-21,42,Female,São Paulo,Standard,Two year,PayPal,48,54.45,2557.23,0,112.5,Yes,6,47,0
CUST101151,2022-01-10,44,Male,New York,Basic,One year,Debit Card,6,20.81,126.16,1,24.5,No,4,12,0
CUST101152,2021-08-01,51,Male,Mumbai,Basic,One year,Auto-debit,21,23.66,511.81,1,66.7,Yes,7,78,1
CUST101153,2024-06-14,48,Male,Zürich,Basic,One year,Credit Card,38,24.35,887.39,2,53.9,Yes,7,69,0
CUST101154,2020-10-29,42,Female,Dubai,Standard,One year,Credit Card,16,40.75,681.91,7,37.2,No,8,10,0
CUST101155,2022-07-09,30,Male,Toronto,Standard,Month-to-month,Auto-debit,17,39.51,697.99,2,147.7,Yes,5,47,0
CUST101156,2019-09-21,42,Female,Paris,Basic,Month-to-month,Credit Card,61,13.81,881.42,1,53.6,No,6,15,0
CUST101157,2024-02-06,41,Female,São Paulo,Standard,Month-to-month,Credit Card,56,43.52,2512.27,1,101.4,Yes,7,53,1
CUST101158,2021-04-21,44,Female,Mumbai,Standard,Month-to-month,PayPal,6,49.2,289.13,1,118.5,Yes,4,59,0
CUST101159,2021-01-15,70,Male,São Paulo,Standard,Month-to-month,PayPal,62,41.5,2593.98,1,58.1,Yes,8,34,1
CUST101160,2022-06-30,34,Female,Chicago,Premium,Month-to-month,Credit Card,34,83.65,2736.07,1,30.9,Yes,7,39,0
CUST101161,2021-12-28,46,Male,Berlin,Basic,One year,Debit Card,11,10.0,112.8,1,120.2,No,4,63,0
CUST101162,2024-02-01,55,Female,London,Premium,Month-to-month,Debit Card,66,77.69,4949.94,2,59.9,Yes,4,14,0
CUST101163,2022-03-09,42,Male,Mumbai,Standard,Month-to-month,Debit Card,25,52.0,1347.69,3,64.4,Yes,6,3,1
CUST101164,2022-02-06,71,Male,London,Standard,Month-to-month,Credit Card,24,43.97,1027.9,2,51.2,No,5,37,1
CUST101165,2019-08-18,36,Male,Chicago,Basic,Month-to-month,Bank Transfer,11,15.03,159.72,3,117.5,Yes,8,44,1
CUST101166,2019-02-18,45,Female,Paris,Basic,Two year,PayPal,64,16.06,983.74,3,28.1,Yes,6,25,0
CUST101167,2021-05-22,31,Male,São Paulo,Basic,Month-to-month,Auto-debit,21,10.0,214.44,1,64.9,No,7,38,1
CUST101168,2024-12-26,36,Female,Paris,Premium,Month-to-month,Credit Card,43,73.93,3079.23,3,31.5,Yes,5,9,1
CUST101169,2024-07-01,44,Female,New York,Standard,Month-to-month,Bank Transfer,18,51.34,896.18,2,51.1,Yes,6,67,1
CUST101170,2022-10-09,52,Female,São Paulo,Standard,Two year,Auto-debit,65,41.5,2608.4,2,127.5,Yes,9,68,0
CUST101171,2022-10-13,45,Male,Mumbai,Standard,One year,PayPal,57,42.21,2359.24,2,126.5,Yes,6,23,0
CUST101172,2021-05-07,57,Male,Toronto,Basic,Month-to-month,Bank Transfer,37,10.0,386.32,0,56.6,Yes,5,58,0
CUST101173,2020-01-24,40,Male,Toronto,Basic,Month-to-month,PayPal,25,10.21,254.91,0,80.1,Yes,5,21,1
CUST101174,2019-01-19,37,Male,Singapore,Standard,One year,PayPal,48,52.14,2442.87,4,79.1,Yes,6,35,0
CUST101175,2021-01-12,76,Female,São Paulo,Standard,Two year,Auto-debit,36,48.7,1695.41,2,31.6,Yes,10,28,0
CUST101176,2020-11-24,46,Male,London,Standard,Month-to-month,PayPal,68,37.22,2409.2,5,93.3,Yes,4,87,1
CUST101177,2020-02-24,32,Male,São Paulo,Standard,Month-to-month,PayPal,49,41.22,1992.51,1,34.1,No,6,43,0
CUST101178,2020-07-21,32,Male,Paris,Standard,Month-to-month,Auto-debit,2,44.82,86.14,1,49.0,Yes,3,56,1
CUST101179,2019-02-24,29,Female,New York,Premium,Month-to-month,PayPal,60,72.82,4162.54,0,16.2,Yes,6,18,0
CUST101180,2022-08-24,53,Male,Chicago,Basic,One year,Credit Card,14,10.0,134.44,3,103.4,No,7,83,0
CUST101181,2024-07-24,36,Female,São Paulo,Standard,Two year,Bank Transfer,22,44.04,951.3,0,117.9,Yes,3,61,0
CUST101182,2023-02-21,43,Male,Sydney,Standard,Two year,Bank Transfer,32,48.44,1588.97,1,82.0,No,6,9,0
CUST101183,2021-09-08,40,Female,Zürich,Basic,One year,Debit Card,16,23.55,360.48,4,67.0,No,7,29,0
CUST101184,2021-07-09,51,Female,São Paulo,Basic,Month-to-month,Bank Transfer,68,25.25,1747.68,1,47.2,Yes,7,45,0
CUST101185,2020-11-04,30,Male,Dubai,Basic,Two year,Credit Card,71,10.68,767.42,0,105.0,Yes,7,37,0
CUST101186,2019-11-08,27,Male,New York,Basic,Month-to-month,Debit Card,12,20.35,253.53,3,169.2,Yes,4,72,1
CUST101187,2022-08-03,44,Male,New York,Standard,Month-to-month,Auto-debit,24,43.39,1008.45,1,37.7,Yes,7,50,0
CUST101188,2022-05-25,49,Male,São Paulo,Basic,One year,Bank Transfer,27,19.48,541.44,3,57.5,Yes,5,50,1
CUST101189,2019-01-17,45,Male,Toronto,Standard,Month-to-month,Bank Transfer,49,43.73,2220.95,0,30.1,Yes,8,33,1
CUST101190,2021-06-28,30,Female,Berlin,Basic,Two year,Bank Transfer,44,16.04,739.39,2,67.2,Yes,1,75,1
CUST101191,2020-08-31,50,Female,Mumbai,Basic,Two year,Credit Card,49,10.0,505.12,1,50.7,Yes,6,63,0
CUST101192,2020-01-08,31,Male,Zürich,Basic,One year,Auto-debit,3,26.97,77.87,3,60.4,Yes,7,63,1
CUST101193,2023-03-20,34,Female,Berlin,Basic,One year,Debit Card,38,21.98,872.59,2,105.9,Yes,9,59,0
CUST101194,2022-02-25,29,Male,Paris,Premium,Month-to-month,Bank Transfer,16,71.09,1173.27,1,124.7,Yes,7,59,0
CUST101195,2022-10-19,58,Female,Mumbai,Basic,Month-to-month,Auto-debit,17,22.84,377.11,0,26.7,Yes,7,68,0
CUST101196,2023-04-12,49,Male,London,Basic,One year,Debit Card,56,17.32,937.45,2,78.5,Yes,7,21,0
CUST101197,2024-11-20,49,Female,New York,Basic,One year,Bank Transfer,11,17.49,200.79,4,148.0,Yes,9,47,1
CUST101198,2023-10-25,57,Female,Chicago,Basic,Two year,Credit Card,3,15.39,44.58,3,89.7,Yes,6,11,0
CUST101199,2022-09-20,78,Male,London,Standard,Month-to-month,Bank Transfer,36,48.22,1784.02,0,32.1,Yes,3,33,1
CUST101200,2024-04-09,19,Male,Mumbai,Standard,Month-to-month,PayPal,53,40.2,2110.41,1,121.3,Yes,3,26,1
CUST101201,2021-11-11,31,Male,Zürich,Basic,Month-to-month,Credit Card,37,13.42,507.65,2,93.6,No,8,18,1
CUST101202,2024-11-26,33,Female,Singapore,Standard,One year,Bank Transfer,12,51.79,596.11,4,88.0,Yes,7,49,0
CUST101203,2023-07-26,30,Female,Toronto,Standard,One year,Auto-debit,56,43.93,2515.45,2,56.4,Yes,6,39,0
CUST101204,2022-11-26,27,Female,London,Premium,Two year,Credit Card,28,79.12,2218.0,2,84.6,Yes,5,40,1
CUST101205,2024-06-01,37,Female,Zürich,Standard,Month-to-month,Auto-debit,52,49.15,2658.13,4,285.0,Yes,7,78,1
CUST101206,2022-02-02,25,Female,Mumbai,Basic,Month-to-month,Auto-debit,15,15.99,232.38,2,13.8,Yes,7,32,0
CUST101207,2023-04-28,45,Male,New York,Standard,Month-to-month,PayPal,66,42.19,2675.76,1,48.7,Yes,8,10,0
CUST101208,2020-09-15,42,Female,Berlin,Premium,Month-to-month,Auto-debit,21,81.83,1666.23,2,52.0,Yes,4,71,0
CUST101209,2024-10-10,47,Female,Singapore,Standard,Month-to-month,Debit Card,70,35.75,2397.04,0,6.8,Yes,3,19,1
CUST101210,2022-09-27,48,Male,Berlin,Premium,One year,Bank Transfer,28,81.33,2386.58,2,208.1,Yes,4,87,1
CUST101211,2023-09-09,49,Female,Sydney,Premium,Month-to-month,Bank Transfer,53,75.47,3849.06,3,30.1,No,4,59,0
CUST101212,2021-10-06,36,Male,London,Basic,Month-to-month,PayPal,37,25.13,901.99,3,28.7,Yes,3,23,1
CUST101213,2024-03-13,69,Male,Dubai,Standard,One year,Auto-debit,6,48.28,298.65,2,19.6,No,10,51,0
CUST101214,2019-06-12,44,Female,São Paulo,Standard,Two year,Auto-debit,8,47.49,370.3,1,48.3,Yes,2,83,1
CUST101215,2019-09-07,18,Male,Dubai,Standard,Month-to-month,Bank Transfer,30,35.36,1031.34,3,87.7,Yes,8,82,1
CUST101216,2022-01-15,28,Male,New York,Standard,Month-to-month,PayPal,14,44.38,632.03,1,63.9,Yes,8,35,0
CUST101217,2023-05-23,18,Male,Sydney,Premium,One year,Auto-debit,44,72.94,3176.87,3,33.6,Yes,9,2,0
CUST101218,2023-11-08,41,Female,Toronto,Standard,One year,PayPal,10,44.78,462.82,1,84.7,Yes,7,7,1
CUST101219,2021-08-21,39,Female,São Paulo,Standard,Two year,Bank Transfer,43,31.11,1356.23,2,64.4,Yes,9,79,0
CUST101220,2022-11-23,35,Male,Dubai,Basic,Month-to-month,Credit Card,15,10.76,157.98,4,137.5,Yes,10,59,0
CUST101221,2022-04-26,67,Male,Berlin,Standard,Month-to-month,Debit Card,14,52.13,736.97,2,41.1,Yes,6,65,0
CUST101222,2024-10-06,48,Male,Dubai,Premium,Two year,Auto-debit,27,82.21,2301.01,1,38.4,Yes,7,64,0
CUST101223,2022-12-03,50,Female,Singapore,Standard,Month-to-month,PayPal,42,42.88,1776.55,1,109.1,No,9,69,0
CUST101224,2021-07-01,29,Male,Dubai,Basic,Month-to-month,PayPal,29,14.55,431.93,2,29.3,Yes,5,45,0
CUST101225,2024-10-24,28,Female,New York,Premium,Two year,Auto-debit,26,73.49,1894.66,1,19.1,Yes,6,34,0
CUST101226,2019-08-23,41,Female,Paris,Premium,Month-to-month,Debit Card,25,81.2,2038.74,1,63.0,Yes,5,21,0
CUST101227,2024-11-26,43,Male,Mumbai,Standard,One year,Debit Card,25,42.94,1098.59,2,89.5,Yes,8,27,0
CUST101228,2019-12-04,18,Female,Toronto,Basic,Two year,Credit Card,30,29.28,839.8,1,17.9,Yes,2,67,0
CUST101229,2020-09-23,39,Female,Berlin,Standard,Month-to-month,Debit Card,61,43.89,2665.23,0,116.6,Yes,10,1,0
CUST101230,2023-12-05,41,Female,Paris,Basic,One year,PayPal,42,20.35,820.1,2,16.4,Yes,8,13,0
CUST101231,2023-05-26,38,Male,Chicago,Basic,Month-to-month,Bank Transfer,31,11.67,369.91,2,42.7,Yes,8,70,0
CUST101232,2024-10-26,30,Female,London,Standard,Two year,Debit Card,54,42.84,2338.3,2,64.2,No,1,58,0
CUST101233,2023-07-01,34,Female,Mumbai,Premium,Two year,PayPal,38,81.06,3026.97,2,145.7,Yes,4,14,1
CUST101234,2022-10-27,39,Female,Zürich,Basic,Two year,Debit Card,69,17.76,1173.52,1,151.1,Yes,10,3,0
CUST101235,2021-01-28,42,Other,São Paulo,Premium,Month-to-month,Auto-debit,41,77.09,3295.27,1,72.4,Yes,6,20,1
CUST101236,2019-01-11,49,Male,Berlin,Premium,One year,PayPal,16,81.96,1287.1,3,47.9,Yes,3,10,1
CUST101237,2019-09-29,55,Female,Sydney,Basic,Two year,Credit Card,41,29.09,1165.9,1,50.0,Yes,7,24,0
CUST101238,2020-10-14,37,Female,Sydney,Basic,One year,Bank Transfer,56,20.87,1122.09,1,195.8,Yes,8,74,0
CUST101239,2019-03-31,35,Male,Toronto,Standard,One year,Debit Card,16,51.87,836.34,3,130.8,Yes,8,78,0
CUST101240,2022-01-17,47,Male,Paris,Standard,Month-to-month,Auto-debit,15,48.73,713.82,0,82.4,Yes,6,25,0
CUST101241,2023-08-30,49,Male,Berlin,Basic,Two year,Debit Card,44,26.51,1206.43,2,73.9,Yes,9,25,0
CUST101242,2024-10-10,35,Female,Zürich,Standard,Month-to-month,Auto-debit,64,41.34,2694.12,4,69.5,Yes,5,74,0
CUST101243,2021-12-08,51,Male,Chicago,Standard,Month-to-month,Bank Transfer,25,43.76,1039.73,0,13.2,Yes,8,38,0
CUST101244,2024-03-31,54,Female,Dubai,Standard,Two year,Credit Card,37,43.78,1630.5,4,4.3,Yes,7,19,0
CUST101245,2024-11-28,58,Male,Dubai,Standard,Two year,Bank Transfer,48,48.28,2255.29,4,55.2,Yes,6,67,1
CUST101246,2024-02-27,64,Male,London,Basic,Two year,Bank Transfer,48,24.75,1130.43,4,26.5,Yes,6,44,1
CUST101247,2021-10-15,30,Female,London,Basic,Month-to-month,PayPal,11,20.75,230.97,2,74.5,Yes,6,80,1
CUST101248,2020-12-13,41,Male,Dubai,Basic,Month-to-month,Credit Card,29,25.26,710.92,6,70.9,No,7,78,1
CUST101249,2024-11-11,41,Female,Zürich,Premium,Month-to-month,PayPal,72,76.62,5737.1,4,18.7,Yes,6,71,1
CUST101250,2020-06-13,40,Male,Zürich,Premium,Month-to-month,Bank Transfer,64,85.31,5499.9,2,75.5,Yes,8,87,1
CUST101251,2021-06-20,33,Female,Mumbai,Standard,Two year,Credit Card,56,51.09,2777.84,3,78.3,Yes,5,48,0
CUST101252,2019-06-12,22,Male,Singapore,Basic,One year,Debit Card,2,24.06,50.43,0,76.9,Yes,10,49,0
CUST101253,2023-10-05,42,Other,New York,Standard,Month-to-month,Bank Transfer,31,45.81,1426.71,6,41.4,No,5,0,1
CUST101254,2022-11-24,31,Female,Toronto,Basic,Month-to-month,PayPal,4,24.28,93.87,3,86.8,Yes,9,15,1
CUST101255,2019-07-05,42,Male,Singapore,Basic,Month-to-month,Auto-debit,22,14.64,322.64,2,90.5,Yes,9,14,1
CUST101256,2020-05-01,31,Male,London,Basic,Two year,Debit Card,63,21.19,1396.29,3,86.3,Yes,7,82,0
CUST101257,2022-05-01,27,Male,London,Premium,One year,Bank Transfer,28,81.8,2273.04,1,53.3,No,7,22,0
CUST101258,2022-03-29,44,Female,New York,Basic,Month-to-month,PayPal,13,12.02,155.09,1,157.8,Yes,5,55,0
CUST101259,2023-10-23,43,Female,Berlin,Standard,Month-to-month,Debit Card,52,47.85,2478.53,2,138.1,Yes,5,37,0
CUST101260,2020-08-05,49,Male,Paris,Premium,Month-to-month,Auto-debit,55,72.51,3900.35,2,67.1,Yes,7,68,0
CUST101261,2024-07-18,69,Male,Zürich,Standard,Month-to-month,Bank Transfer,48,42.43,1967.76,1,38.7,Yes,6,32,0
CUST101262,2021-08-31,45,Female,Paris,Basic,Two year,PayPal,59,20.24,1203.59,5,35.5,Yes,9,84,1
CUST101263,2023-12-07,47,Female,Toronto,Premium,One year,Debit Card,51,75.62,4008.65,1,91.7,Yes,5,46,1
CUST101264,2020-06-06,27,Female,São Paulo,Standard,Month-to-month,Auto-debit,46,45.5,2142.34,1,23.4,Yes,6,21,0
CUST101265,2019-03-22,24,Male,Chicago,Standard,One year,Credit Card,65,45.4,2831.83,2,95.9,Yes,3,37,0
CUST101266,2019-05-01,62,Female,Sydney,Standard,Month-to-month,Credit Card,24,40.08,952.38,3,20.8,Yes,8,32,0
CUST101267,2021-03-27,29,Other,São Paulo,Premium,Month-to-month,Credit Card,33,83.41,2616.36,2,59.9,Yes,8,65,1
CUST101268,2024-09-18,27,Male,Zürich,Standard,One year,Bank Transfer,41,40.42,1625.39,1,91.3,Yes,9,29,0
CUST101269,2019-04-17,40,Male,Dubai,Standard,Month-to-month,Credit Card,49,58.73,2926.51,3,36.6,Yes,9,4,0
CUST101270,2021-03-19,40,Male,Paris,Standard,Month-to-month,Bank Transfer,35,44.34,1519.35,1,115.2,Yes,8,70,0
CUST101271,2019-08-28,29,Female,São Paulo,Basic,Two year,Credit Card,32,12.97,429.17,1,49.1,Yes,8,89,0
CUST101272,2024-08-02,37,Male,Singapore,Standard,Two year,Bank Transfer,12,39.09,468.02,3,63.7,Yes,8,22,0
CUST101273,2023-01-18,57,Female,Chicago,Basic,Month-to-month,Bank Transfer,46,26.89,1257.87,3,11.0,No,8,75,1
CUST101274,2023-07-29,31,Female,Zürich,Basic,One year,Auto-debit,9,17.55,164.01,3,20.3,Yes,2,3,1
CUST101275,2023-04-12,23,Female,Sydney,Basic,Month-to-month,Debit Card,35,11.82,421.26,0,11.8,Yes,4,30,1
CUST101276,2022-12-09,53,Female,São Paulo,Basic,One year,Credit Card,30,25.12,783.54,3,102.1,Yes,4,1,0
CUST101277,2023-08-22,47,Male,Singapore,Standard,Month-to-month,Bank Transfer,56,42.51,2453.9,3,47.4,Yes,9,35,0
CUST101278,2019-01-18,33,Female,Berlin,Standard,One year,PayPal,35,48.92,1723.68,0,122.4,No,5,54,1
CUST101279,2024-03-10,20,Male,Singapore,Basic,Month-to-month,Auto-debit,1,25.61,25.09,1,7.8,Yes,5,86,1
CUST101280,2023-06-09,31,Female,São Paulo,Basic,Two year,Credit Card,37,21.65,784.88,2,84.3,No,7,75,0
CUST101281,2023-06-08,40,Female,Chicago,Premium,Two year,PayPal,16,94.38,1566.76,4,10.9,Yes,4,84,1
CUST101282,2021-05-11,56,Female,Singapore,Premium,Month-to-month,Credit Card,28,69.65,1863.2,3,33.5,Yes,7,58,1
CUST101283,2023-10-20,28,Female,London,Standard,One year,PayPal,22,40.09,920.91,1,59.2,Yes,2,35,0
CUST101284,2021-04-16,40,Male,Paris,Basic,Month-to-month,Credit Card,12,18.46,217.69,2,46.4,Yes,4,81,1
CUST101285,2019-04-18,50,Female,Singapore,Basic,One year,Bank Transfer,69,33.57,2371.66,3,77.0,Yes,7,5,0
CUST101286,2024-06-11,18,Female,Toronto,Basic,Month-to-month,Bank Transfer,19,30.79,575.07,1,41.2,No,4,73,1
CUST101287,2020-05-28,54,Female,Dubai,Basic,Month-to-month,Credit Card,37,27.73,1072.52,3,54.7,Yes,9,88,0
CUST101288,2019-08-12,26,Male,Sydney,Premium,One year,PayPal,60,75.24,4305.15,2,29.0,Yes,7,1,0
CUST101289,2022-09-23,45,Male,Sydney,Standard,Month-to-month,PayPal,27,40.93,1088.9,2,94.4,Yes,9,58,1
CUST101290,2020-05-26,44,Female,Chicago,Basic,Month-to-month,Bank Transfer,68,15.03,1059.6,2,68.8,Yes,7,78,0
CUST101291,2024-02-23,55,Male,Chicago,Premium,Month-to-month,PayPal,30,75.3,2207.96,3,83.7,Yes,6,62,1
CUST101292,2021-08-29,48,Female,Singapore,Standard,Month-to-month,PayPal,69,53.96,3639.7,3,62.3,No,4,87,1
CUST101293,2019-01-10,18,Female,Sydney,Basic,Month-to-month,Auto-debit,33,18.54,636.22,2,105.3,Yes,9,24,0
CUST101294,2024-09-15,31,Female,Chicago,Standard,One year,PayPal,2,44.33,91.59,2,41.8,Yes,7,57,0
CUST101295,2022-02-01,43,Male,Berlin,Basic,One year,Auto-debit,63,24.65,1491.73,4,66.5,No,10,73,0
CUST101296,2020-07-29,38,Female,Zürich,Premium,Month-to-month,Auto-debit,63,70.02,4446.63,2,306.1,Yes,8,6,0
CUST101297,2023-01-23,47,Male,São Paulo,Basic,Month-to-month,Auto-debit,70,20.32,1383.06,2,25.2,No,6,50,1
CUST101298,2022-03-08,51,Male,Chicago,Standard,One year,Auto-debit,9,38.42,335.93,3,126.6,Yes,7,86,1
CUST101299,2019-03-06,49,Female,Mumbai,Basic,One year,Bank Transfer,61,18.23,1124.86,3,225.8,Yes,7,42,0
CUST101300,2023-07-22,38,Male,Dubai,Premium,Two year,PayPal,25,76.48,1840.08,0,89.0,Yes,9,73,0
CUST101301,2021-05-28,18,Male,New York,Standard,Month-to-month,PayPal,61,41.17,2503.78,1,5.3,Yes,9,66,0
CUST101302,2023-03-13,35,Male,Dubai,Standard,Month-to-month,Debit Card,70,46.35,3165.28,4,26.2,Yes,6,24,0
CUST101303,2024-05-15,46,Female,New York,Basic,One year,Auto-debit,15,21.33,331.27,1,77.6,Yes,4,33,0
CUST101304,2022-08-30,27,Female,São Paulo,Premium,Month-to-month,Bank Transfer,27,78.68,2135.94,2,62.9,Yes,2,44,1
CUST101305,2023-01-10,49,Male,Berlin,Standard,Month-to-month,Auto-debit,20,47.22,917.49,1,161.9,Yes,4,38,1
CUST101306,2020-07-11,53,Male,Paris,Basic,Month-to-month,Bank Transfer,22,14.79,339.26,1,165.1,Yes,5,53,1
CUST101307,2020-06-04,43,Female,Dubai,Premium,Two year,PayPal,43,84.09,3732.63,2,59.7,Yes,10,58,0
CUST101308,2021-06-27,18,Male,London,Basic,Month-to-month,Debit Card,30,18.76,549.59,2,62.8,Yes,10,37,0
CUST101309,2024-02-11,24,Female,Chicago,Basic,One year,Auto-debit,48,17.1,858.64,1,43.8,Yes,9,57,1
CUST101310,2022-02-21,66,Female,Toronto,Standard,One year,Bank Transfer,49,40.23,1925.49,2,86.3,Yes,9,59,1
CUST101311,2021-02-01,34,Female,Singapore,Basic,Month-to-month,Auto-debit,15,18.55,272.48,1,32.1,Yes,5,87,1
CUST101312,2023-09-04,18,Female,London,Standard,Two year,PayPal,4,56.22,222.32,3,58.0,Yes,3,73,1
CUST101313,2024-02-12,57,Female,London,Basic,One year,PayPal,54,19.62,1023.97,1,33.9,No,4,50,0
CUST101314,2024-05-30,41,Female,Berlin,Basic,Month-to-month,Credit Card,14,13.13,187.26,3,74.1,Yes,2,15,1
CUST101315,2020-10-16,55,Male,Singapore,Basic,One year,Credit Card,15,25.51,384.84,1,121.6,Yes,4,28,0
CUST101316,2023-04-04,45,Male,Singapore,Basic,Month-to-month,Bank Transfer,44,17.17,785.28,5,20.6,Yes,5,29,0
CUST101317,2022-07-16,47,Female,Chicago,Premium,Month-to-month,Debit Card,19,81.7,1512.08,0,55.4,Yes,7,25,1
CUST101318,2021-09-10,46,Male,London,Standard,One year,Credit Card,14,41.37,560.08,0,145.8,Yes,7,85,0
CUST101319,2021-05-19,50,Female,Zürich,Standard,One year,Bank Transfer,23,52.68,1194.51,3,173.0,Yes,5,48,1
CUST101320,2019-09-08,71,Female,New York,Basic,Month-to-month,Bank Transfer,38,16.46,603.34,1,44.0,Yes,8,89,0
CUST101321,2020-08-24,54,Female,Toronto,Standard,Two year,Credit Card,61,53.39,3402.09,2,35.2,Yes,5,10,0
CUST101322,2022-04-18,20,Male,Berlin,Basic,One year,PayPal,72,13.7,1007.85,1,3.4,Yes,7,64,0
CUST101323,2024-04-25,47,Male,London,Basic,One year,PayPal,53,18.24,995.35,3,130.0,Yes,4,52,0
CUST101324,2024-03-12,56,Female,São Paulo,Standard,Month-to-month,Credit Card,65,53.4,3557.1,0,124.8,Yes,9,68,0
CUST101325,2020-02-15,57,Male,Chicago,Standard,Month-to-month,Bank Transfer,39,46.01,1748.24,3,68.6,Yes,7,35,0
CUST101326,2023-01-27,35,Female,Zürich,Standard,Month-to-month,Debit Card,30,58.63,1695.7,3,241.0,Yes,8,46,1
CUST101327,2019-07-05,56,Female,Chicago,Premium,One year,Auto-debit,60,78.39,4670.21,2,62.9,Yes,4,31,0
CUST101328,2023-01-18,53,Female,São Paulo,Premium,Month-to-month,Credit Card,22,81.54,1852.9,2,132.6,Yes,7,62,0
CUST101329,2021-01-18,74,Female,New York,Basic,One year,Auto-debit,59,31.43,1822.94,1,45.9,Yes,8,17,0
CUST101330,2021-09-12,31,Male,Sydney,Basic,Month-to-month,Credit Card,72,10.92,747.68,2,53.8,Yes,2,59,1
CUST101331,2023-04-21,34,Male,Dubai,Basic,One year,Bank Transfer,29,10.17,299.65,1,77.3,Yes,9,44,0
CUST101332,2021-07-19,37,Female,New York,Standard,Two year,Bank Transfer,46,40.23,1795.07,4,34.3,Yes,4,71,0
CUST101333,2023-11-04,35,Male,London,Premium,One year,PayPal,57,84.88,4858.88,3,110.5,Yes,7,3,1
CUST101334,2022-03-14,29,Male,Chicago,Premium,One year,Debit Card,57,70.34,3814.88,2,70.3,Yes,10,16,0
CUST101335,2024-12-27,18,Male,New York,Basic,Two year,Credit Card,15,23.58,354.01,2,13.7,Yes,9,54,0
CUST101336,2022-10-29,35,Male,Paris,Premium,Month-to-month,Debit Card,70,83.16,5759.27,1,134.5,Yes,3,33,1
CUST101337,2020-10-11,46,Female,Dubai,Standard,One year,Bank Transfer,37,57.09,2192.69,1,32.1,Yes,6,25,0
CUST101338,2023-08-25,35,Male,São Paulo,Premium,Two year,Bank Transfer,4,86.27,352.73,5,34.6,Yes,9,83,1
CUST101339,2021-06-12,66,Female,Singapore,Standard,One year,Credit Card,9,47.18,404.92,2,53.5,Yes,5,81,0
CUST101340,2022-03-15,41,Male,London,Basic,Month-to-month,Credit Card,53,28.15,1535.15,0,87.8,Yes,6,8,0
CUST101341,2019-10-27,58,Female,Sydney,Basic,Two year,PayPal,31,23.23,741.1,3,80.6,Yes,6,47,0
CUST101342,2019-09-19,44,Male,Dubai,Premium,Month-to-month,PayPal,8,77.24,628.02,2,162.6,Yes,8,60,1
CUST101343,2022-06-12,52,Female,Chicago,Standard,Month-to-month,Auto-debit,38,38.13,1511.14,0,77.9,Yes,3,70,1
CUST101344,2020-02-13,45,Male,Mumbai,Basic,Month-to-month,Bank Transfer,44,16.58,751.64,2,19.1,Yes,8,18,0
CUST101345,2024-12-24,59,Female,Chicago,Basic,Month-to-month,PayPal,6,19.76,115.23,0,28.7,Yes,5,76,0
CUST101346,2024-02-17,42,Male,Dubai,Basic,Month-to-month,PayPal,26,21.05,540.82,2,17.7,Yes,6,58,1
CUST101347,2023-03-15,47,Male,New York,Premium,Month-to-month,Bank Transfer,34,67.19,2250.18,3,17.4,Yes,6,79,0
CUST101348,2023-05-28,46,Male,São Paulo,Basic,Two year,PayPal,57,18.68,1065.28,4,49.1,No,8,61,0
CUST101349,2022-07-27,37,Female,São Paulo,Basic,Month-to-month,Bank Transfer,47,20.17,991.0,2,128.5,Yes,6,78,0
CUST101350,2019-05-13,46,Female,Singapore,Standard,Month-to-month,Credit Card,7,48.29,341.94,3,70.0,Yes,10,2,0
CUST101351,2021-05-09,70,Male,Dubai,Standard,Two year,Auto-debit,45,54.76,2418.1,0,90.1,Yes,9,20,0
CUST101352,2021-12-21,37,Male,Chicago,Basic,Two year,Auto-debit,65,21.11,1432.73,3,109.3,No,5,47,0
CUST101353,2024-06-27,46,Female,Singapore,Basic,Month-to-month,PayPal,4,14.54,59.32,0,134.3,Yes,10,27,0
CUST101354,2020-04-25,57,Female,Toronto,Basic,Month-to-month,PayPal,72,10.0,703.16,1,37.4,Yes,7,17,0
CUST101355,2021-12-24,56,Male,Paris,Basic,One year,PayPal,7,24.12,175.7,4,123.0,Yes,7,63,1
CUST101356,2021-01-23,41,Female,Paris,Basic,Two year,Auto-debit,45,14.79,655.18,4,112.8,Yes,8,89,0
CUST101357,2019-10-22,18,Female,Zürich,Basic,One year,Credit Card,26,25.2,656.26,1,47.7,Yes,4,48,0
CUST101358,2019-08-14,48,Female,São Paulo,Standard,Month-to-month,Debit Card,53,53.38,2823.26,3,35.6,Yes,3,54,1
CUST101359,2021-03-11,18,Male,London,Premium,One year,Bank Transfer,61,70.74,4497.94,1,57.5,Yes,7,54,0
CUST101360,2019-06-30,60,Male,Sydney,Premium,One year,Bank Transfer,62,83.32,5044.79,3,159.7,Yes,5,37,0
CUST101361,2019-05-28,43,Male,Berlin,Basic,One year,Debit Card,63,27.76,1719.73,4,132.9,No,10,60,1
CUST101362,2021-02-07,54,Female,Singapore,Basic,Two year,Credit Card,59,26.11,1565.16,1,47.3,No,5,72,0
CUST101363,2020-03-18,29,Male,Dubai,Premium,One year,PayPal,23,67.42,1610.61,2,125.4,Yes,7,10,0
CUST101364,2022-04-30,21,Female,Berlin,Standard,One year,Bank Transfer,34,39.88,1303.7,1,99.7,Yes,7,24,0
CUST101365,2019-02-08,44,Female,Paris,Standard,One year,Bank Transfer,52,37.32,1884.34,5,88.3,No,9,15,1
CUST101366,2020-10-22,41,Female,London,Basic,One year,Credit Card,13,23.14,314.3,3,151.7,Yes,4,71,0
CUST101367,2021-09-19,35,Male,London,Basic,Month-to-month,Credit Card,42,22.48,970.34,7,79.9,No,3,57,1
CUST101368,2024-10-10,42,Male,Paris,Standard,Month-to-month,Debit Card,39,28.81,1106.29,6,67.1,Yes,10,60,0
CUST101369,2022-10-21,77,Male,London,Standard,One year,PayPal,71,43.2,3023.53,1,11.5,Yes,7,56,0
CUST101370,2024-04-12,52,Female,Zürich,Basic,One year,Credit Card,4,24.8,98.9,0,108.7,Yes,8,47,0
CUST101371,2021-01-21,55,Female,Dubai,Premium,Month-to-month,Credit Card,7,80.89,576.07,3,33.4,Yes,8,73,1
CUST101372,2021-09-11,52,Male,Toronto,Standard,Month-to-month,PayPal,3,45.88,138.48,4,29.4,Yes,9,14,1
CUST101373,2021-07-09,60,Female,New York,Standard,One year,Debit Card,40,42.81,1759.68,1,68.7,Yes,6,62,0
CUST101374,2024-04-27,39,Male,Toronto,Basic,One year,Bank Transfer,40,13.65,521.66,0,28.9,Yes,5,75,0
CUST101375,2024-10-01,18,Male,New York,Standard,Month-to-month,Credit Card,43,44.9,1992.3,2,84.3,Yes,2,18,1
CUST101376,2024-10-08,39,Male,Zürich,Standard,Month-to-month,Auto-debit,18,45.31,779.54,1,75.0,Yes,4,63,1
CUST101377,2023-07-05,52,Female,Chicago,Basic,Month-to-month,Credit Card,23,23.69,565.63,0,70.6,Yes,7,6,0
CUST101378,2022-01-06,28,Male,Paris,Standard,Two year,PayPal,31,49.18,1454.95,3,57.5,Yes,5,14,0
CUST101379,2022-03-30,39,Male,Dubai,Standard,Two year,Auto-debit,4,45.52,175.3,1,106.5,Yes,4,35,0
CUST101380,2024-11-17,32,Female,Dubai,Premium,One year,Bank Transfer,55,86.57,4609.07,0,84.5,Yes,7,89,0
CUST101381,2020-09-15,61,Female,Chicago,Basic,Month-to-month,Auto-debit,4,17.75,69.03,2,83.5,Yes,9,33,0
CUST101382,2021-01-29,51,Male,Dubai,Premium,One year,Credit Card,49,71.34,3461.32,2,35.9,Yes,6,38,1
CUST101383,2024-05-18,49,Male,São Paulo,Standard,Month-to-month,Bank Transfer,33,47.86,1603.94,4,61.2,Yes,4,69,0
CUST101384,2021-04-26,49,Female,Paris,Basic,Two year,Credit Card,72,20.76,1553.4,1,35.5,Yes,9,71,0
CUST101385,2020-05-29,41,Male,Toronto,Basic,Month-to-month,Bank Transfer,50,22.98,1151.82,3,60.6,Yes,5,60,0
CUST101386,2022-05-12,44,Male,Sydney,Basic,Month-to-month,Debit Card,35,12.41,435.76,2,39.7,Yes,10,2,0
CUST101387,2020-12-13,26,Female,Chicago,Basic,One year,Bank Transfer,51,30.74,1539.41,1,59.6,Yes,6,78,0
CUST101388,2024-05-05,18,Male,Toronto,Standard,Month-to-month,Credit Card,9,49.26,456.67,0,61.2,Yes,7,23,0
CUST101389,2024-06-13,43,Female,Toronto,Standard,One year,Auto-debit,14,43.27,582.18,1,59.6,Yes,10,45,1
CUST101390,2020-11-01,45,Male,London,Basic,One year,PayPal,36,14.39,507.74,2,108.1,Yes,4,65,1
CUST101391,2022-03-05,57,Male,Toronto,Premium,Month-to-month,PayPal,62,86.46,5144.48,4,91.8,Yes,4,25,1
CUST101392,2024-11-24,61,Male,São Paulo,Basic,Month-to-month,PayPal,60,13.39,780.44,3,23.5,Yes,6,61,1
CUST101393,2023-06-14,61,Male,Chicago,Standard,One year,Credit Card,28,58.57,1654.16,0,55.3,Yes,6,45,1
CUST101394,2020-04-17,28,Male,London,Premium,Two year,Debit Card,21,76.32,1542.77,0,70.5,Yes,10,14,0
CUST101395,2022-07-17,36,Male,Zürich,Premium,Month-to-month,Bank Transfer,70,90.32,6069.89,1,38.4,Yes,5,19,1
CUST101396,2022-09-19,47,Female,Dubai,Standard,Month-to-month,Auto-debit,41,43.89,1858.14,2,75.0,Yes,4,68,1
CUST101397,2022-12-02,74,Female,Chicago,Standard,One year,Auto-debit,9,54.48,471.6,5,41.8,Yes,4,5,1
CUST101398,2019-02-24,60,Male,Dubai,Basic,Month-to-month,PayPal,17,15.59,267.89,1,64.0,Yes,7,34,1
CUST101399,2020-10-17,56,Female,London,Basic,One year,Debit Card,61,20.11,1208.56,2,32.7,Yes,8,44,0
CUST101400,2024-02-15,36,Female,Mumbai,Standard,One year,PayPal,65,49.83,3367.33,1,59.4,Yes,5,34,0
CUST101401,2020-06-12,30,Female,Paris,Basic,Month-to-month,PayPal,66,23.97,1614.85,3,93.3,No,7,37,0
CUST101402,2020-10-18,51,Male,Chicago,Basic,One year,Debit Card,1,26.6,25.43,2,101.5,Yes,10,87,0
CUST101403,2020-12-07,27,Male,São Paulo,Basic,Month-to-month,Debit Card,60,17.08,1065.33,3,64.8,No,7,2,0
CUST101404,2020-01-24,38,Male,Paris,Premium,Month-to-month,Auto-debit,9,80.51,718.35,2,201.5,Yes,7,88,1
CUST101405,2019-12-07,40,Male,Zürich,Premium,One year,Debit Card,59,87.49,5057.76,3,79.9,Yes,10,64,0
CUST101406,2021-01-29,62,Male,New York,Premium,Two year,Credit Card,64,75.77,4933.07,1,103.4,Yes,5,82,0
CUST101407,2024-03-29,36,Female,Chicago,Standard,One year,Bank Transfer,27,48.44,1336.39,1,137.6,No,5,57,1
CUST101408,2019-01-04,18,Female,Berlin,Basic,Month-to-month,Bank Transfer,14,18.69,256.51,2,38.9,Yes,5,84,1
CUST101409,2020-09-12,48,Male,Sydney,Basic,One year,Debit Card,52,21.24,1088.1,1,92.7,Yes,5,6,0
CUST101410,2019-05-13,32,Male,Berlin,Standard,Month-to-month,Bank Transfer,5,45.51,219.73,3,74.5,Yes,2,64,1
CUST101411,2022-05-14,42,Male,Zürich,Standard,Month-to-month,Auto-debit,42,40.27,1707.14,4,94.8,No,7,63,1
CUST101412,2020-07-02,40,Male,New York,Basic,Month-to-month,Auto-debit,24,18.44,462.78,0,117.7,Yes,7,83,0
CUST101413,2023-10-01,37,Female,São Paulo,Standard,Month-to-month,Bank Transfer,31,45.87,1410.11,3,34.3,Yes,6,7,1
CUST101414,2022-07-05,51,Male,Chicago,Standard,Month-to-month,PayPal,60,44.38,2794.93,0,196.5,Yes,7,45,0
CUST101415,2023-09-13,21,Female,Dubai,Basic,Two year,Credit Card,72,29.44,2051.09,0,66.7,Yes,7,46,0
CUST101416,2022-10-22,34,Female,Toronto,Basic,Month-to-month,PayPal,29,26.06,778.12,2,51.7,No,4,8,0
CUST101417,2021-08-18,50,Female,Chicago,Standard,Two year,Auto-debit,21,46.74,1023.56,1,8.4,Yes,7,56,0
CUST101418,2024-02-29,33,Female,Sydney,Standard,One year,Auto-debit,61,40.42,2511.99,2,132.1,Yes,8,43,0
CUST101419,2021-11-09,20,Female,Zürich,Premium,Month-to-month,Bank Transfer,30,75.06,2163.83,2,112.8,No,3,44,1
CUST101420,2024-09-11,50,Male,Singapore,Standard,Month-to-month,Auto-debit,15,56.84,837.81,0,56.6,Yes,10,61,1
CUST101421,2024-12-18,56,Male,New York,Standard,Month-to-month,PayPal,66,38.94,2463.55,3,14.4,Yes,4,67,1
CUST101422,2022-07-13,40,Female,New York,Premium,Month-to-month,Credit Card,72,80.68,5868.07,1,68.6,Yes,4,59,1
CUST101423,2023-01-17,18,Male,Berlin,Basic,One year,PayPal,21,22.17,488.76,4,21.4,Yes,7,34,0
CUST101424,2020-07-13,50,Female,Paris,Standard,Two year,Debit Card,12,43.13,511.08,3,123.9,Yes,8,86,0
CUST101425,2023-11-20,19,Male,Paris,Standard,Two year,Auto-debit,11,38.99,414.43,4,55.4,Yes,8,19,0
CUST101426,2023-01-10,45,Male,Sydney,Standard,Month-to-month,Bank Transfer,44,40.29,1731.75,2,32.1,No,8,30,0
CUST101427,2024-05-30,29,Male,Paris,Basic,Month-to-month,PayPal,23,16.72,387.28,1,76.3,Yes,5,43,1
CUST101428,2020-08-07,26,Female,New York,Premium,Month-to-month,Debit Card,45,75.74,3431.8,3,83.6,Yes,7,28,1
CUST101429,2023-09-21,35,Male,Paris,Premium,Two year,Credit Card,55,87.97,4707.63,1,90.0,Yes,6,30,0
CUST101430,2021-10-26,39,Male,Berlin,Basic,Month-to-month,Credit Card,1,19.95,20.45,1,33.7,No,7,83,1
CUST101431,2020-02-10,33,Male,New York,Basic,Month-to-month,Debit Card,62,16.86,1002.25,1,117.1,Yes,7,13,0
CUST101432,2020-01-10,49,Female,Dubai,Basic,One year,Debit Card,3,20.64,62.68,1,56.3,Yes,5,46,0
CUST101433,2022-05-16,35,Other,Sydney,Standard,One year,Debit Card,9,49.01,437.81,4,10.9,No,6,42,1
CUST101434,2020-11-30,54,Male,Toronto,Standard,Month-to-month,Auto-debit,53,42.93,2190.46,0,60.8,Yes,2,7,0
CUST101435,2019-08-12,45,Female,Dubai,Basic,One year,Bank Transfer,45,25.41,1158.82,0,60.3,No,8,18,0
CUST101436,2021-07-24,32,Male,Toronto,Premium,Month-to-month,PayPal,71,72.37,5227.19,2,59.6,Yes,7,24,0
CUST101437,2022-11-30,30,Female,Dubai,Basic,Month-to-month,Credit Card,41,27.03,1101.58,5,77.3,Yes,1,42,1
CUST101438,2020-11-29,20,Male,Berlin,Standard,Month-to-month,Auto-debit,31,44.95,1434.97,2,171.4,Yes,8,37,0
CUST101439,2024-09-23,45,Female,London,Basic,Month-to-month,Bank Transfer,49,19.71,966.69,5,62.0,No,6,53,1
CUST101440,2023-09-04,36,Female,Toronto,Standard,Two year,PayPal,55,40.84,2198.08,4,67.2,Yes,4,33,0
CUST101441,2022-01-27,18,Female,São Paulo,Standard,Month-to-month,PayPal,49,37.63,1927.51,3,44.1,Yes,4,70,1
CUST101442,2024-08-08,34,Male,Berlin,Basic,One year,PayPal,27,10.0,281.99,0,61.9,Yes,5,33,0
CUST101443,2021-08-06,29,Female,London,Standard,Month-to-month,Auto-debit,70,40.42,2714.99,4,91.2,Yes,4,76,1
CUST101444,2019-11-02,61,Female,Zürich,Premium,One year,Bank Transfer,22,83.53,1919.63,1,92.6,Yes,5,89,1
CUST101445,2019-03-20,19,Male,Mumbai,Standard,Two year,PayPal,25,39.23,1007.77,2,144.1,No,10,60,0
CUST101446,2024-08-16,22,Female,Mumbai,Premium,Month-to-month,Bank Transfer,20,70.71,1358.57,2,13.5,Yes,7,9,1
CUST101447,2024-10-02,55,Female,Berlin,Standard,Two year,Auto-debit,22,39.55,871.78,1,109.3,Yes,10,80,0
CUST101448,2023-06-07,59,Male,New York,Standard,One year,Debit Card,16,42.69,651.28,7,99.4,Yes,7,73,1
CUST101449,2019-08-14,31,Female,New York,Basic,One year,Auto-debit,42,17.93,759.75,1,19.1,Yes,8,50,0
CUST101450,2020-10-05,33,Male,Zürich,Standard,Month-to-month,Bank Transfer,53,44.23,2445.74,2,142.2,Yes,5,30,0
CUST101451,2019-03-31,49,Female,New York,Basic,One year,Credit Card,31,26.2,801.5,1,22.6,Yes,6,63,0
CUST101452,2019-04-23,18,Male,Berlin,Basic,Month-to-month,Auto-debit,67,27.5,1844.09,5,92.8,Yes,6,55,1
CUST101453,2020-06-22,18,Male,Chicago,Basic,Two year,Bank Transfer,35,32.03,1090.51,4,11.2,Yes,8,69,0
CUST101454,2022-06-06,37,Female,Sydney,Basic,Two year,Debit Card,34,10.25,349.93,1,31.9,Yes,6,58,1
CUST101455,2019-05-24,61,Female,Zürich,Premium,Month-to-month,Debit Card,5,74.86,385.63,4,94.6,Yes,7,74,1
CUST101456,2024-11-26,35,Female,Sydney,Premium,Two year,Auto-debit,66,84.19,5398.32,2,97.1,No,7,87,0
CUST101457,2021-09-23,42,Other,Paris,Standard,Two year,Auto-debit,11,42.28,467.57,3,58.0,Yes,6,67,0
CUST101458,2020-07-31,56,Male,Dubai,Basic,One year,Credit Card,12,25.16,297.53,3,150.5,Yes,6,28,1
CUST101459,2022-02-04,68,Male,Mumbai,Premium,Month-to-month,Bank Transfer,68,81.24,5661.25,2,93.2,No,5,81,0
CUST101460,2023-09-27,34,Male,Zürich,Standard,Month-to-month,Credit Card,38,54.48,2112.07,0,118.9,Yes,9,74,0
CUST101461,2020-11-15,41,Male,Sydney,Basic,Month-to-month,Debit Card,5,26.26,133.91,3,59.8,No,6,42,1
CUST101462,2019-04-15,65,Female,Paris,Standard,Month-to-month,PayPal,32,51.37,1623.75,2,28.4,Yes,7,5,0
CUST101463,2019-04-22,21,Female,Sydney,Standard,Two year,Debit Card,43,42.53,1846.95,1,28.2,No,6,85,1
CUST101464,2024-02-09,54,Female,Chicago,Basic,Month-to-month,PayPal,1,19.42,19.71,3,51.1,Yes,9,48,0
CUST101465,2019-09-02,28,Male,São Paulo,Standard,One year,PayPal,55,43.17,2417.28,3,33.0,Yes,2,36,0
CUST101466,2022-10-23,42,Male,São Paulo,Standard,One year,PayPal,49,35.96,1775.3,2,31.3,No,7,54,0
CUST101467,2021-04-22,38,Female,Sydney,Basic,One year,Auto-debit,1,28.83,29.89,1,16.3,Yes,4,6,0
CUST101468,2023-08-30,29,Male,Dubai,Standard,Month-to-month,Credit Card,45,49.47,2170.23,2,53.5,No,7,74,0
CUST101469,2019-05-13,28,Male,Zürich,Standard,One year,Bank Transfer,17,42.93,697.39,3,15.9,Yes,6,16,0
CUST101470,2024-05-20,45,Male,Dubai,Standard,One year,Debit Card,53,52.83,2929.49,1,52.7,Yes,3,23,0
CUST101471,2023-03-10,54,Male,Dubai,Premium,One year,Credit Card,28,76.22,2040.41,2,12.5,Yes,7,50,0
CUST101472,2021-09-10,39,Male,London,Premium,Month-to-month,PayPal,15,68.97,1076.24,2,49.2,Yes,7,59,0
CUST101473,2020-03-29,42,Female,Chicago,Standard,One year,Debit Card,37,51.04,1909.68,0,91.2,Yes,6,1,0
CUST101474,2024-11-09,48,Male,Chicago,Standard,Month-to-month,Credit Card,32,37.33,1244.58,3,32.1,Yes,6,52,1
CUST101475,2020-10-23,28,Female,Berlin,Standard,One year,PayPal,25,43.83,1102.87,3,78.0,Yes,7,14,0
CUST101476,2021-12-10,51,Female,Paris,Standard,Month-to-month,Auto-debit,64,46.24,3054.36,1,74.7,Yes,9,85,0
CUST101477,2021-05-13,52,Female,Singapore,Basic,Month-to-month,PayPal,47,22.31,1071.77,3,39.3,Yes,6,33,0
CUST101478,2020-05-19,75,Male,Toronto,Standard,Two year,Bank Transfer,36,50.09,1807.77,1,15.2,No,9,44,0
CUST101479,2021-07-01,36,Male,Berlin,Standard,Month-to-month,Credit Card,17,48.49,813.06,4,153.9,Yes,6,56,1
CUST101480,2019-11-28,35,Male,Sydney,Standard,Two year,Credit Card,41,48.3,1881.85,3,109.7,Yes,9,14,0
CUST101481,2019-01-04,51,Male,New York,Premium,Two year,Debit Card,2,75.26,146.77,4,39.1,No,6,14,1
CUST101482,2020-09-27,52,Male,Zürich,Standard,Month-to-month,Bank Transfer,64,46.77,3128.51,0,162.7,Yes,5,86,1
CUST101483,2019-09-03,34,Female,Zürich,Basic,Month-to-month,Auto-debit,1,10.97,10.72,3,106.3,Yes,4,51,1
CUST101484,2021-06-27,36,Male,Zürich,Basic,Month-to-month,Credit Card,51,29.37,1535.59,2,95.1,No,6,20,1
CUST101485,2024-03-04,48,Male,Singapore,Basic,Two year,PayPal,25,11.58,289.75,1,22.3,Yes,5,59,0
CUST101486,2019-12-23,30,Male,Sydney,Basic,One year,Debit Card,52,17.92,914.0,1,95.5,Yes,10,80,0
CUST101487,2019-01-03,36,Female,Zürich,Standard,Month-to-month,Bank Transfer,27,37.09,1050.61,0,127.5,Yes,5,68,1
CUST101488,2019-09-01,42,Female,Chicago,Basic,Month-to-month,Debit Card,2,15.62,29.82,1,67.5,Yes,5,36,0
CUST101489,2022-01-17,54,Female,London,Basic,Month-to-month,PayPal,69,20.08,1396.89,1,78.8,Yes,8,59,0
CUST101490,2020-08-24,33,Female,Sydney,Basic,One year,Auto-debit,56,16.83,938.85,0,91.5,Yes,9,80,0
CUST101491,2021-12-08,18,Female,Paris,Standard,Month-to-month,PayPal,4,51.87,198.69,0,136.5,Yes,8,22,0
CUST101492,2019-03-06,18,Female,Chicago,Standard,Month-to-month,Bank Transfer,3,46.36,135.1,2,83.5,Yes,9,71,1
CUST101493,2020-12-30,25,Male,Paris,Basic,Two year,Bank Transfer,39,17.22,684.62,4,89.7,Yes,6,89,0
CUST101494,2021-06-17,24,Female,Berlin,Basic,Month-to-month,PayPal,69,19.2,1272.91,4,76.2,No,6,31,0
CUST101495,2021-08-02,39,Female,Mumbai,Basic,Month-to-month,Debit Card,42,27.32,1181.98,3,165.7,Yes,10,79,0
CUST101496,2022-04-22,26,Male,London,Basic,One year,Auto-debit,1,25.45,25.77,1,68.8,Yes,10,1,0
CUST101497,2023-09-06,32,Female,Chicago,Basic,Two year,Debit Card,51,13.17,644.86,4,89.3,Yes,8,33,0
CUST101498,2021-10-20,31,Male,Singapore,Basic,Month-to-month,Auto-debit,31,15.92,483.0,1,141.7,Yes,9,24,0
CUST101499,2024-01-17,35,Female,Berlin,Basic,Two year,Auto-debit,46,22.85,1012.96,4,47.0,No,8,2,0
CUST101500,2022-03-06,58,Male,London,Premium,Month-to-month,PayPal,26,82.12,2198.66,4,184.3,Yes,4,54,0
CUST101501,2020-07-24,50,Female,Zürich,Standard,Two year,Auto-debit,1,38.7,38.83,0,43.7,Yes,6,47,0
CUST101502,2020-05-16,41,Female,Dubai,Premium,Month-to-month,Bank Transfer,2,84.49,160.58,4,32.5,No,10,34,1
CUST101503,2020-12-07,35,Male,Chicago,Basic,One year,Bank Transfer,46,14.65,676.79,2,91.0,Yes,8,77,0
CUST101504,2022-08-01,35,Male,Paris,Basic,Month-to-month,Credit Card,46,27.82,1277.52,1,42.1,Yes,6,22,0
CUST101505,2020-06-15,45,Male,Dubai,Premium,Two year,Credit Card,24,83.18,2024.88,0,161.0,Yes,10,73,0
CUST101506,2024-06-25,49,Male,Dubai,Basic,Two year,Credit Card,6,13.21,75.57,1,220.0,No,7,57,0
CUST101507,2021-11-16,29,Other,Dubai,Standard,Month-to-month,Credit Card,56,41.83,2233.65,5,33.4,Yes,8,80,1
CUST101508,2024-03-05,41,Female,Paris,Premium,Month-to-month,Auto-debit,11,76.72,831.21,3,31.0,Yes,7,0,1
CUST101509,2023-02-05,18,Male,Mumbai,Standard,One year,Credit Card,14,45.96,655.57,1,29.9,Yes,8,87,0
CUST101510,2020-12-31,44,Male,Dubai,Basic,Month-to-month,Credit Card,33,18.78,630.06,4,10.9,Yes,8,0,0
CUST101511,2020-05-14,51,Other,Dubai,Standard,One year,Auto-debit,52,38.13,1938.79,1,41.2,Yes,9,64,0
CUST101512,2023-06-18,37,Male,London,Basic,One year,Debit Card,72,11.63,813.58,2,124.1,Yes,10,67,1
CUST101513,2020-12-25,65,Female,Zürich,Basic,Month-to-month,Auto-debit,46,23.29,1090.96,1,94.0,Yes,6,14,0
CUST101514,2020-06-24,30,Male,Sydney,Basic,Month-to-month,Auto-debit,70,21.72,1448.5,5,56.3,Yes,7,3,0
CUST101515,2024-07-30,44,Male,London,Premium,Two year,PayPal,47,80.63,3811.13,1,87.1,Yes,9,3,0
CUST101516,2021-11-22,41,Female,Berlin,Standard,Month-to-month,Auto-debit,62,46.62,2868.5,1,23.7,Yes,6,11,1
CUST101517,2019-04-17,40,Male,London,Basic,One year,Auto-debit,13,16.29,206.24,4,68.5,No,4,13,0
CUST101518,2021-12-19,40,Female,Chicago,Basic,Month-to-month,Credit Card,5,21.1,105.71,2,77.1,Yes,5,87,1
CUST101519,2021-10-06,42,Male,Dubai,Standard,Month-to-month,Credit Card,49,60.23,2867.8,2,74.0,Yes,5,18,0
CUST101520,2024-03-07,52,Female,London,Premium,Month-to-month,Debit Card,71,87.05,6220.3,2,40.2,Yes,5,72,1
CUST101521,2023-04-08,59,Female,São Paulo,Basic,Month-to-month,PayPal,54,18.27,951.95,3,39.1,Yes,5,5,0
CUST101522,2020-02-24,41,Female,São Paulo,Basic,One year,Bank Transfer,25,16.86,417.52,3,99.6,Yes,9,58,0
CUST101523,2019-11-26,52,Male,Singapore,Premium,Month-to-month,Credit Card,36,62.84,2264.6,3,95.6,Yes,6,40,1
CUST101524,2022-08-14,32,Female,São Paulo,Premium,One year,Credit Card,9,86.41,741.27,6,11.5,Yes,9,48,0
CUST101525,2019-04-14,51,Other,Chicago,Premium,One year,Debit Card,25,84.72,2141.45,0,11.2,No,4,70,1
CUST101526,2020-11-29,31,Male,Singapore,Basic,Month-to-month,Debit Card,50,16.74,857.95,4,209.8,Yes,6,18,1
CUST101527,2019-10-30,55,Male,São Paulo,Basic,Month-to-month,Auto-debit,12,11.41,143.16,2,78.7,Yes,7,0,0
CUST101528,2019-02-15,70,Female,Singapore,Standard,One year,Debit Card,35,38.07,1292.89,3,74.1,Yes,8,19,0
CUST101529,2024-07-05,39,Male,Sydney,Basic,One year,Auto-debit,21,22.67,462.2,1,34.4,Yes,9,72,0
CUST101530,2019-07-16,18,Female,Chicago,Premium,One year,Credit Card,36,79.46,2804.73,1,51.6,No,5,53,0
CUST101531,2019-01-21,34,Female,Sydney,Basic,Month-to-month,Credit Card,55,24.15,1380.15,3,42.7,Yes,9,83,1
CUST101532,2024-08-05,57,Male,Dubai,Standard,Two year,Auto-debit,64,45.52,2886.14,3,124.7,Yes,3,75,0
CUST101533,2020-02-17,48,Female,São Paulo,Premium,Month-to-month,Debit Card,30,85.8,2522.98,3,121.1,Yes,8,13,1
CUST101534,2023-11-24,44,Female,Zürich,Premium,One year,Credit Card,60,82.22,5052.18,3,79.6,Yes,4,5,1
CUST101535,2019-03-10,54,Male,Dubai,Standard,Month-to-month,PayPal,51,49.97,2430.73,2,71.7,Yes,7,1,0
CUST101536,2019-12-03,47,Female,Zürich,Premium,One year,Credit Card,67,67.46,4541.88,1,88.8,Yes,9,17,0
CUST101537,2019-08-31,57,Male,Singapore,Basic,Month-to-month,Credit Card,54,12.59,676.47,2,71.0,Yes,8,43,0
CUST101538,2023-03-27,53,Male,São Paulo,Basic,One year,PayPal,40,17.81,721.29,4,99.6,Yes,3,1,1
CUST101539,2022-09-20,61,Female,Singapore,Basic,Month-to-month,PayPal,49,26.48,1327.51,2,149.8,Yes,6,78,1
CUST101540,2021-11-07,46,Male,Sydney,Premium,One year,PayPal,23,91.28,2062.7,2,62.1,Yes,8,43,1
CUST101541,2020-06-13,53,Female,Zürich,Premium,Month-to-month,PayPal,49,79.01,3924.3,0,34.9,Yes,8,66,0
CUST101542,2019-07-14,37,Male,Chicago,Basic,One year,Credit Card,52,16.33,851.23,0,72.2,Yes,7,78,0
CUST101543,2022-05-31,33,Male,Zürich,Basic,Month-to-month,Debit Card,44,10.0,423.89,3,44.1,No,2,3,1
CUST101544,2020-05-20,63,Male,Dubai,Basic,Month-to-month,Debit Card,8,25.18,209.13,2,19.2,No,9,39,0
CUST101545,2022-07-16,44,Female,Dubai,Basic,One year,Debit Card,38,16.7,650.76,0,28.1,Yes,10,60,0
CUST101546,2023-02-14,51,Female,Sydney,Premium,Month-to-month,PayPal,52,97.75,5297.33,1,137.0,Yes,7,89,0
CUST101547,2024-02-04,43,Female,New York,Basic,Month-to-month,Debit Card,15,15.56,238.54,4,69.6,Yes,7,73,1
CUST101548,2021-12-17,33,Other,Sydney,Standard,Two year,Bank Transfer,57,57.63,3201.08,3,51.3,Yes,8,19,0
CUST101549,2019-01-11,41,Female,Dubai,Standard,Two year,Auto-debit,61,49.49,2997.92,4,76.7,Yes,10,24,0
CUST101550,2020-09-06,60,Female,Dubai,Basic,Two year,Bank Transfer,39,13.83,533.27,1,46.6,Yes,7,71,0
CUST101551,2024-02-12,48,Female,Singapore,Basic,Month-to-month,Debit Card,70,21.39,1427.8,2,139.7,Yes,6,58,0
CUST101552,2022-03-13,19,Female,Dubai,Premium,Month-to-month,PayPal,62,84.63,5200.12,4,208.4,Yes,7,22,0
CUST101553,2022-09-17,38,Female,New York,Standard,One year,PayPal,34,43.65,1461.18,2,48.4,Yes,6,44,0
CUST101554,2021-09-29,64,Female,São Paulo,Standard,Month-to-month,Bank Transfer,64,50.03,3043.08,2,60.1,Yes,7,83,0
CUST101555,2019-12-23,38,Male,Zürich,Basic,One year,Debit Card,68,24.9,1751.97,5,83.4,Yes,3,18,0
CUST101556,2024-05-17,18,Female,Singapore,Premium,Month-to-month,Credit Card,8,83.58,644.83,1,25.7,Yes,8,29,0
CUST101557,2023-08-20,66,Female,Zürich,Premium,Two year,Bank Transfer,72,79.9,5753.35,1,12.9,Yes,9,81,0
CUST101558,2024-12-19,50,Male,Mumbai,Premium,One year,Bank Transfer,1,72.95,75.03,2,130.1,No,9,60,0
CUST101559,2024-02-17,40,Male,Singapore,Standard,Month-to-month,Credit Card,36,44.54,1620.19,6,50.5,Yes,9,20,0
CUST101560,2020-09-29,36,Female,São Paulo,Premium,Month-to-month,Bank Transfer,68,81.06,5329.82,0,47.4,Yes,6,25,0
CUST101561,2020-07-10,55,Male,Dubai,Basic,Month-to-month,Credit Card,53,10.0,536.27,3,87.1,Yes,7,75,0
CUST101562,2020-06-28,34,Male,Berlin,Standard,Month-to-month,Bank Transfer,20,46.02,944.11,4,34.8,Yes,9,25,0
CUST101563,2024-07-05,56,Male,Toronto,Standard,One year,Bank Transfer,47,44.42,2161.81,0,46.7,No,8,63,0
CUST101564,2022-05-04,48,Male,Mumbai,Standard,Month-to-month,Credit Card,16,37.22,584.72,1,26.1,Yes,10,44,0
CUST101565,2021-09-22,44,Female,Berlin,Premium,Month-to-month,Bank Transfer,18,78.0,1338.56,0,15.3,Yes,5,19,1
CUST101566,2024-10-21,43,Female,Sydney,Premium,Month-to-month,Credit Card,66,78.13,5212.24,5,46.2,Yes,5,33,0
CUST101567,2022-08-14,39,Other,Sydney,Standard,One year,Debit Card,4,56.58,220.11,0,34.5,Yes,6,64,1
CUST101568,2024-06-14,55,Female,Toronto,Standard,Month-to-month,Bank Transfer,70,46.32,3333.48,2,31.2,Yes,4,72,1
CUST101569,2024-11-26,30,Female,Sydney,Premium,Month-to-month,Debit Card,33,86.22,2896.44,3,66.9,Yes,4,2,1
CUST101570,2019-06-23,20,Male,Singapore,Premium,Two year,Auto-debit,5,79.29,407.28,1,106.5,Yes,8,81,0
CUST101571,2021-03-02,49,Female,Zürich,Standard,Month-to-month,Auto-debit,57,33.76,2014.29,4,107.8,Yes,7,21,0
CUST101572,2023-05-27,49,Male,Toronto,Basic,Month-to-month,Auto-debit,4,24.03,96.93,0,105.1,Yes,7,58,0
CUST101573,2023-11-16,47,Male,Chicago,Basic,Two year,Credit Card,24,16.05,400.77,1,38.4,Yes,7,25,0
CUST101574,2019-11-22,46,Female,Mumbai,Premium,Month-to-month,Credit Card,18,77.99,1423.74,0,62.5,Yes,3,24,1
CUST101575,2020-11-28,37,Female,Zürich,Standard,Two year,Credit Card,57,38.68,2134.59,2,44.8,Yes,5,80,0
CUST101576,2022-04-15,51,Male,London,Standard,One year,PayPal,29,45.44,1357.2,0,38.8,Yes,6,63,0
CUST101577,2023-10-17,40,Female,Berlin,Standard,One year,PayPal,48,51.39,2514.5,0,40.5,Yes,7,82,0
CUST101578,2019-09-05,35,Male,Mumbai,Standard,Month-to-month,Bank Transfer,6,50.6,318.11,1,29.3,Yes,3,1,0
CUST101579,2022-08-08,37,Male,Sydney,Standard,Month-to-month,Debit Card,51,54.52,2709.18,0,77.3,Yes,4,24,1
CUST101580,2020-10-11,67,Male,Mumbai,Premium,Month-to-month,Credit Card,52,90.37,4620.82,2,125.9,Yes,6,4,0
CUST101581,2020-04-18,18,Male,London,Basic,Month-to-month,Bank Transfer,21,10.0,216.75,1,44.1,Yes,9,42,0
CUST101582,2022-02-02,47,Female,Mumbai,Standard,Month-to-month,Bank Transfer,64,37.84,2315.9,1,40.7,Yes,7,41,0
CUST101583,2021-06-25,19,Male,Zürich,Standard,One year,Bank Transfer,34,34.15,1176.57,4,12.6,Yes,9,88,0
CUST101584,2022-10-24,40,Female,Zürich,Premium,One year,Debit Card,49,83.79,4120.28,2,95.0,Yes,6,20,0
CUST101585,2020-11-26,35,Male,Berlin,Basic,Month-to-month,PayPal,14,15.84,214.42,0,10.1,Yes,7,59,0
CUST101586,2023-12-08,18,Female,Sydney,Standard,One year,Auto-debit,68,42.06,2764.3,2,69.0,Yes,8,89,0
CUST101587,2019-06-21,46,Female,Singapore,Basic,Two year,Bank Transfer,18,18.7,347.04,1,36.0,Yes,6,6,0
CUST101588,2024-03-02,36,Female,Singapore,Basic,One year,Auto-debit,46,22.3,976.09,2,54.6,Yes,5,40,1
CUST101589,2019-03-07,18,Male,Dubai,Standard,One year,PayPal,7,36.09,258.87,0,71.6,No,3,35,1
CUST101590,2023-05-31,52,Female,Sydney,Basic,One year,Credit Card,4,12.45,50.96,3,68.8,No,5,2,0
CUST101591,2021-01-28,60,Female,Zürich,Premium,Month-to-month,Bank Transfer,10,80.01,812.08,2,116.6,No,8,37,0
CUST101592,2021-04-19,60,Male,Chicago,Premium,Month-to-month,PayPal,68,87.19,5875.27,2,10.6,No,9,22,0
CUST101593,2019-02-11,46,Male,Toronto,Basic,Two year,Credit Card,16,19.85,302.62,2,108.1,Yes,5,27,0
CUST101594,2023-03-18,42,Male,Dubai,Premium,One year,Credit Card,64,75.25,4961.34,3,73.6,Yes,3,19,1
CUST101595,2019-12-29,58,Male,Toronto,Standard,One year,Debit Card,42,32.11,1298.14,0,124.1,Yes,9,46,0
CUST101596,2022-12-14,63,Male,Sydney,Standard,Two year,Credit Card,7,50.72,347.26,3,65.9,Yes,7,35,1
CUST101597,2023-05-08,56,Male,São Paulo,Premium,Month-to-month,Bank Transfer,32,75.58,2526.62,2,20.8,Yes,4,66,1
CUST101598,2024-01-26,29,Male,São Paulo,Standard,Month-to-month,Bank Transfer,35,38.12,1307.76,1,59.8,No,1,31,1
CUST101599,2023-03-31,44,Female,Singapore,Basic,One year,Debit Card,20,10.0,195.1,1,93.2,Yes,4,62,0
CUST101600,2020-10-22,47,Male,Berlin,Basic,Month-to-month,Credit Card,44,11.37,523.96,3,103.8,No,5,47,0
CUST101601,2023-06-06,18,Male,London,Standard,One year,Credit Card,63,39.23,2369.15,2,61.2,Yes,4,31,0
CUST101602,2023-12-14,47,Female,Chicago,Premium,Two year,Auto-debit,64,78.57,4857.86,0,56.2,Yes,8,74,0
CUST101603,2020-11-25,71,Male,Chicago,Standard,One year,Debit Card,38,37.75,1425.65,6,72.8,Yes,5,66,1
CUST101604,2019-09-29,49,Male,Chicago,Basic,Month-to-month,Credit Card,65,21.11,1411.62,3,114.4,No,7,47,0
CUST101605,2024-05-03,60,Male,Singapore,Basic,One year,Bank Transfer,67,18.52,1288.53,5,47.0,Yes,10,48,0
CUST101606,2019-11-20,43,Male,Chicago,Premium,Month-to-month,Auto-debit,7,93.33,670.01,1,83.8,Yes,7,68,1
CUST101607,2022-07-24,40,Male,Mumbai,Basic,Two year,Credit Card,46,10.0,481.9,0,174.7,Yes,6,69,0
CUST101608,2020-06-01,46,Male,New York,Standard,Month-to-month,Auto-debit,56,45.97,2449.94,3,243.9,Yes,6,64,1
CUST101609,2019-10-03,30,Male,Berlin,Standard,Two year,Bank Transfer,2,46.04,93.18,2,114.0,Yes,8,10,1
CUST101610,2023-08-28,28,Other,Toronto,Basic,Month-to-month,Debit Card,44,13.82,584.75,3,55.1,Yes,8,20,0
CUST101611,2019-11-11,57,Female,Sydney,Basic,Month-to-month,Bank Transfer,66,20.57,1413.33,2,25.7,No,4,36,1
CUST101612,2023-01-07,59,Male,Paris,Basic,Month-to-month,PayPal,20,24.62,513.83,3,81.0,Yes,6,51,0
CUST101613,2023-02-26,28,Male,Toronto,Basic,Month-to-month,Bank Transfer,62,20.58,1250.83,1,151.7,No,5,35,1
CUST101614,2019-05-12,54,Male,São Paulo,Standard,Month-to-month,Credit Card,68,53.31,3743.88,3,61.2,Yes,6,74,0
CUST101615,2020-01-14,40,Female,Toronto,Premium,Two year,Debit Card,46,66.93,3118.89,2,122.2,Yes,10,31,0
CUST101616,2023-10-06,45,Female,São Paulo,Basic,Two year,Bank Transfer,46,14.95,660.23,6,116.3,No,8,48,0
CUST101617,2022-01-15,47,Male,Singapore,Standard,Month-to-month,Auto-debit,39,53.85,2121.73,3,65.7,Yes,6,62,1
CUST101618,2019-09-23,54,Male,London,Basic,One year,Credit Card,30,25.47,800.48,1,109.9,Yes,9,33,0
CUST101619,2024-12-11,42,Male,Mumbai,Basic,Two year,Debit Card,33,23.24,752.2,2,28.0,No,7,50,0
CUST101620,2020-08-03,59,Female,London,Standard,Two year,Bank Transfer,38,52.4,1891.87,5,57.0,Yes,3,65,1
CUST101621,2019-01-09,45,Female,Chicago,Standard,Month-to-month,Auto-debit,35,33.5,1228.4,1,86.9,Yes,10,34,0
CUST101622,2024-07-16,49,Male,Zürich,Standard,Month-to-month,Bank Transfer,60,49.77,2960.51,4,64.7,Yes,6,87,1
CUST101623,2019-02-06,30,Female,Paris,Basic,Two year,Bank Transfer,56,26.39,1467.63,3,30.2,Yes,2,48,0
CUST101624,2022-04-26,69,Male,Chicago,Standard,Month-to-month,Debit Card,26,41.05,1089.99,3,110.0,Yes,3,70,1
CUST101625,2024-12-14,47,Female,Berlin,Standard,Month-to-month,Credit Card,37,60.78,2272.33,2,86.3,Yes,9,63,1
CUST101626,2022-06-19,50,Female,Zürich,Premium,One year,Bank Transfer,16,81.18,1273.16,2,73.3,Yes,3,73,1
CUST101627,2022-07-04,20,Male,London,Standard,Month-to-month,Bank Transfer,13,31.84,397.36,2,138.0,Yes,9,60,1
CUST101628,2021-04-30,30,Male,Paris,Premium,Two year,PayPal,27,82.29,2294.56,3,111.4,Yes,7,48,0
CUST101629,2019-10-05,57,Female,Dubai,Basic,Month-to-month,PayPal,5,15.68,78.27,5,7.3,Yes,8,68,1
CUST101630,2022-06-08,45,Male,Zürich,Standard,One year,Debit Card,62,51.99,3278.98,2,74.1,Yes,6,41,0
CUST101631,2024-05-19,18,Female,Paris,Standard,Two year,PayPal,10,48.29,500.31,2,72.6,Yes,8,76,0
CUST101632,2019-07-19,54,Male,Chicago,Basic,Two year,Debit Card,24,16.41,374.85,2,51.7,Yes,7,45,0
CUST101633,2024-04-12,34,Female,Chicago,Standard,Two year,PayPal,19,54.01,1063.07,2,10.7,Yes,6,66,0
CUST101634,2021-06-27,59,Male,London,Standard,Two year,Credit Card,15,50.64,778.73,3,37.3,Yes,4,18,0
CUST101635,2022-03-20,40,Male,New York,Premium,Month-to-month,Bank Transfer,27,75.03,2116.33,1,8.4,No,7,16,0
CUST101636,2019-12-29,44,Male,Paris,Basic,Two year,Debit Card,52,19.09,966.23,2,210.9,No,3,50,0
CUST101637,2022-09-23,56,Male,Toronto,Premium,Two year,Bank Transfer,65,83.1,5305.58,0,64.9,Yes,9,76,0
CUST101638,2020-02-04,29,Male,Mumbai,Standard,Month-to-month,PayPal,14,42.81,609.02,2,89.9,Yes,7,66,1
CUST101639,2020-08-21,28,Female,New York,Standard,Month-to-month,Auto-debit,18,42.99,806.77,1,29.9,Yes,8,29,0
CUST101640,2023-04-30,38,Male,São Paulo,Standard,Month-to-month,Debit Card,34,45.22,1613.23,3,11.9,Yes,1,77,1
CUST101641,2019-04-21,52,Male,Dubai,Basic,One year,Debit Card,24,13.61,323.92,2,49.2,Yes,4,59,0
CUST101642,2021-09-06,24,Male,Chicago,Premium,One year,Debit Card,58,66.6,3877.95,1,44.4,Yes,5,50,0
CUST101643,2022-07-26,19,Male,Singapore,Premium,Month-to-month,Bank Transfer,17,81.43,1338.7,2,76.6,Yes,8,89,1
CUST101644,2019-10-17,52,Female,São Paulo,Premium,Month-to-month,Credit Card,29,68.07,2012.32,2,50.7,Yes,4,70,1
CUST101645,2020-10-07,33,Female,Singapore,Premium,One year,Bank Transfer,40,74.04,3061.52,1,238.7,No,10,26,0
CUST101646,2021-01-22,36,Male,Mumbai,Standard,Month-to-month,Auto-debit,28,34.37,991.1,0,125.5,Yes,6,5,0
CUST101647,2022-12-24,18,Female,Singapore,Standard,Two year,Bank Transfer,45,35.11,1555.59,3,159.5,Yes,4,24,0
CUST101648,2024-11-08,32,Female,Paris,Premium,Month-to-month,Credit Card,58,82.56,5010.31,3,65.1,No,6,15,1
CUST101649,2024-01-06,41,Other,Toronto,Basic,Month-to-month,PayPal,39,18.67,700.49,3,75.7,Yes,4,16,1
CUST101650,2020-02-20,53,Male,Mumbai,Premium,Month-to-month,PayPal,33,78.45,2587.29,5,150.7,Yes,4,47,1
CUST101651,2019-02-09,31,Male,São Paulo,Standard,Two year,Debit Card,69,37.1,2573.88,4,48.0,Yes,9,88,0
CUST101652,2019-04-24,63,Male,Singapore,Standard,Two year,PayPal,71,41.06,2925.9,1,87.0,Yes,8,58,0
CUST101653,2022-07-28,32,Female,New York,Basic,Month-to-month,Bank Transfer,72,22.26,1644.05,1,50.7,Yes,8,38,0
CUST101654,2019-12-09,32,Female,Toronto,Basic,Month-to-month,Auto-debit,2,19.69,39.81,0,90.1,Yes,9,22,0
CUST101655,2020-05-21,61,Male,São Paulo,Basic,Month-to-month,Debit Card,61,24.94,1457.01,3,23.1,Yes,8,70,0
CUST101656,2024-01-30,44,Male,Zürich,Standard,Month-to-month,Debit Card,65,50.79,3195.66,0,42.9,Yes,4,49,0
CUST101657,2024-03-28,34,Female,Zürich,Standard,One year,Debit Card,58,43.49,2530.55,2,76.7,Yes,8,4,0
CUST101658,2024-01-12,39,Female,Paris,Basic,Month-to-month,PayPal,54,10.0,550.51,1,82.8,Yes,4,41,0
CUST101659,2020-07-09,59,Male,Zürich,Basic,Month-to-month,PayPal,27,15.46,418.01,2,103.5,Yes,5,16,0
CUST101660,2022-09-19,60,Female,Singapore,Standard,Month-to-month,Bank Transfer,53,44.41,2319.72,1,26.8,Yes,6,44,0
CUST101661,2022-08-30,30,Male,Toronto,Basic,Month-to-month,Debit Card,42,15.34,615.36,2,74.8,Yes,6,5,0
CUST101662,2020-02-10,40,Male,Sydney,Premium,Month-to-month,Debit Card,60,73.67,4546.57,4,17.9,Yes,3,19,0
CUST101663,2022-04-27,42,Female,Dubai,Basic,Month-to-month,Credit Card,26,20.42,530.77,0,52.8,Yes,4,73,1
CUST101664,2022-02-24,28,Female,Mumbai,Standard,Month-to-month,Credit Card,54,59.58,3229.8,2,66.6,Yes,6,15,0
CUST101665,2021-05-17,40,Female,Zürich,Basic,Month-to-month,Credit Card,57,17.07,969.97,3,60.1,Yes,5,9,0
CUST101666,2023-07-05,41,Male,London,Standard,Month-to-month,Debit Card,61,44.98,2679.4,1,171.9,Yes,9,19,0
CUST101667,2023-01-23,56,Male,London,Standard,Two year,Bank Transfer,13,37.13,471.9,5,67.0,Yes,9,83,0
CUST101668,2022-03-12,57,Male,Berlin,Standard,Month-to-month,Bank Transfer,63,52.46,3160.72,0,94.4,Yes,4,85,0
CUST101669,2023-05-09,37,Male,Berlin,Standard,Month-to-month,Auto-debit,16,50.25,820.69,0,76.9,Yes,7,59,0
CUST101670,2023-07-30,38,Male,São Paulo,Standard,Month-to-month,PayPal,68,49.83,3311.14,2,64.2,Yes,10,70,0
CUST101671,2022-05-26,50,Male,São Paulo,Basic,One year,PayPal,3,28.16,82.78,3,90.1,No,6,81,1
CUST101672,2020-08-09,33,Male,Singapore,Standard,Two year,Auto-debit,17,42.44,757.09,1,72.5,Yes,6,26,0
CUST101673,2023-07-19,49,Male,Toronto,Basic,One year,Credit Card,44,18.19,791.22,3,68.4,Yes,8,36,0
CUST101674,2023-04-21,40,Male,Singapore,Standard,One year,Bank Transfer,40,55.26,2212.76,1,56.1,No,6,2,0
CUST101675,2024-11-23,28,Female,London,Standard,Two year,Auto-debit,50,48.8,2412.3,1,48.0,Yes,9,47,0
CUST101676,2019-11-25,29,Male,Mumbai,Standard,Month-to-month,PayPal,30,31.68,930.46,1,43.4,Yes,5,83,1
CUST101677,2021-07-07,60,Female,London,Standard,Two year,Debit Card,1,47.73,45.37,3,68.5,Yes,5,2,0
CUST101678,2024-07-17,39,Female,New York,Basic,One year,Bank Transfer,45,16.51,769.32,2,65.3,Yes,8,64,0
CUST101679,2022-01-31,62,Female,London,Basic,Month-to-month,Auto-debit,37,25.39,936.91,1,147.9,Yes,7,41,0
CUST101680,2024-08-26,34,Male,London,Basic,Month-to-month,Debit Card,37,22.45,848.92,1,21.1,Yes,7,86,0
CUST101681,2019-01-28,45,Male,Mumbai,Standard,Month-to-month,PayPal,28,34.56,1012.06,1,180.1,Yes,2,53,1
CUST101682,2019-03-19,72,Female,Singapore,Premium,Month-to-month,Credit Card,65,81.61,5040.92,2,27.4,Yes,6,36,1
CUST101683,2023-10-10,27,Female,São Paulo,Standard,Two year,Debit Card,58,46.26,2730.04,1,63.7,Yes,8,9,0
CUST101684,2021-02-23,18,Male,Mumbai,Standard,Month-to-month,Bank Transfer,14,47.18,635.33,3,83.3,Yes,5,50,0
CUST101685,2022-02-13,58,Male,Berlin,Basic,One year,PayPal,3,23.45,70.05,4,32.4,Yes,8,88,1
CUST101686,2021-07-26,30,Female,New York,Premium,Two year,Credit Card,14,88.98,1288.92,1,26.9,Yes,7,1,1
CUST101687,2021-06-12,41,Male,Zürich,Basic,Month-to-month,Debit Card,4,22.48,86.07,1,58.9,Yes,6,0,1
CUST101688,2024-08-19,33,Female,Paris,Basic,Month-to-month,Credit Card,52,20.14,1098.56,3,96.0,Yes,9,80,0
CUST101689,2019-07-26,44,Male,Toronto,Premium,One year,Bank Transfer,45,86.89,3941.66,0,112.3,Yes,6,24,0
CUST101690,2023-08-19,29,Male,Berlin,Basic,Two year,Auto-debit,34,33.46,1125.69,4,23.9,Yes,6,54,0
CUST101691,2024-05-02,39,Female,Toronto,Basic,Month-to-month,Credit Card,43,25.49,1043.4,2,57.3,No,6,55,0
CUST101692,2022-12-10,47,Male,Berlin,Basic,Month-to-month,Debit Card,59,21.24,1264.04,2,15.4,Yes,7,43,0
CUST101693,2021-05-15,28,Female,Berlin,Standard,One year,Auto-debit,60,47.6,2854.54,0,33.0,Yes,8,44,1
CUST101694,2019-12-17,32,Male,Mumbai,Basic,Two year,Auto-debit,32,21.54,669.66,2,131.8,Yes,3,61,0
CUST101695,2023-02-03,36,Male,Dubai,Standard,Month-to-month,Bank Transfer,43,45.11,1937.88,3,80.3,Yes,8,21,1
CUST101696,2021-10-23,22,Female,Zürich,Standard,Month-to-month,Bank Transfer,42,57.99,2316.92,1,35.1,Yes,7,16,0
CUST101697,2019-11-24,36,Male,Paris,Basic,Two year,Auto-debit,69,15.51,1123.64,2,124.3,Yes,8,88,0
CUST101698,2021-02-26,43,Male,Sydney,Basic,Month-to-month,Debit Card,55,26.93,1456.28,2,39.0,Yes,10,0,0
CUST101699,2024-10-06,36,Female,Mumbai,Premium,Month-to-month,Auto-debit,23,79.24,1818.92,1,62.7,Yes,5,16,1
CUST101700,2020-08-04,37,Female,Sydney,Basic,One year,Auto-debit,64,11.12,731.95,1,12.7,Yes,4,65,1
CUST101701,2020-01-26,41,Female,New York,Standard,Month-to-month,Debit Card,29,43.87,1299.3,2,35.2,Yes,7,51,1
CUST101702,2023-02-02,32,Male,Sydney,Standard,Month-to-month,Credit Card,55,41.72,2383.76,2,75.6,Yes,7,28,0
CUST101703,2020-03-12,50,Male,Toronto,Basic,One year,PayPal,71,23.47,1739.91,1,73.3,Yes,8,10,0
CUST101704,2024-07-07,60,Female,Mumbai,Standard,One year,Bank Transfer,59,45.55,2603.92,1,47.9,Yes,5,33,0
CUST101705,2024-02-25,35,Male,London,Standard,Month-to-month,Auto-debit,8,38.87,307.55,4,58.6,Yes,5,5,1
CUST101706,2024-11-23,47,Male,Zürich,Standard,Month-to-month,Credit Card,15,53.83,822.53,2,100.5,Yes,3,49,1
CUST101707,2024-06-21,38,Female,Chicago,Premium,One year,Debit Card,58,86.54,4790.95,3,55.5,Yes,3,43,0
CUST101708,2020-06-17,46,Male,Paris,Premium,One year,Bank Transfer,9,89.52,823.16,0,83.4,Yes,6,82,1
CUST101709,2020-04-09,61,Male,London,Standard,Two year,Credit Card,1,46.42,44.12,0,42.5,Yes,6,72,0
CUST101710,2021-01-20,48,Male,London,Standard,One year,Bank Transfer,19,44.79,886.25,2,62.1,Yes,10,42,0
CUST101711,2021-10-25,18,Male,Paris,Standard,One year,Debit Card,36,49.22,1810.58,2,11.8,Yes,3,47,1
CUST101712,2024-04-11,47,Female,Chicago,Standard,Two year,Credit Card,10,41.54,418.12,1,44.8,Yes,7,62,1
CUST101713,2023-05-26,57,Female,São Paulo,Basic,Two year,Debit Card,12,20.78,247.59,2,66.9,No,5,26,0
CUST101714,2022-11-12,38,Male,Toronto,Premium,Month-to-month,Bank Transfer,25,78.95,2070.07,2,59.7,Yes,7,54,0
CUST101715,2024-04-07,54,Male,Singapore,Premium,Two year,Auto-debit,44,71.23,3208.25,3,42.4,Yes,5,1,0
CUST101716,2022-11-15,32,Female,Singapore,Basic,Two year,Credit Card,40,20.76,855.92,1,30.0,Yes,9,84,0
CUST101717,2021-04-10,22,Male,Chicago,Premium,Month-to-month,PayPal,58,77.35,4632.28,2,68.4,Yes,9,84,0
CUST101718,2021-06-23,43,Male,Singapore,Premium,Month-to-month,Debit Card,71,78.54,5309.72,3,58.4,Yes,6,80,1
CUST101719,2022-02-06,18,Female,New York,Standard,One year,Bank Transfer,3,47.18,135.24,1,78.2,Yes,10,19,1
CUST101720,2019-07-14,38,Female,Zürich,Premium,Month-to-month,Bank Transfer,50,87.64,4249.82,2,38.1,Yes,8,70,0
CUST101721,2023-06-13,58,Male,Dubai,Basic,One year,Auto-debit,12,14.91,181.7,3,90.9,Yes,10,51,1
CUST101722,2022-11-30,18,Other,Toronto,Basic,Month-to-month,Debit Card,26,17.98,473.27,0,26.5,Yes,6,88,1
CUST101723,2023-05-21,24,Male,London,Basic,Month-to-month,Debit Card,25,15.41,378.51,3,19.3,Yes,9,1,0
CUST101724,2022-03-15,28,Female,London,Standard,Month-to-month,Debit Card,51,40.02,2137.56,2,132.5,Yes,5,35,1
CUST101725,2023-09-11,40,Female,Chicago,Basic,Two year,Bank Transfer,19,16.43,299.47,3,27.8,Yes,5,8,0
CUST101726,2024-09-10,36,Female,Mumbai,Premium,Month-to-month,PayPal,65,78.82,5265.07,2,68.8,Yes,10,85,1
CUST101727,2022-06-02,59,Female,Singapore,Basic,One year,Credit Card,28,23.52,657.3,5,51.4,Yes,4,15,0
CUST101728,2021-08-31,53,Female,Paris,Basic,Month-to-month,Auto-debit,59,21.92,1282.78,3,134.5,Yes,6,3,1
CUST101729,2019-08-18,47,Male,New York,Standard,Month-to-month,Credit Card,69,38.66,2540.98,4,93.2,No,2,10,1
CUST101730,2023-09-02,43,Male,Berlin,Basic,Month-to-month,Auto-debit,37,27.76,1050.52,1,19.8,Yes,5,86,1
CUST101731,2024-06-02,46,Female,Dubai,Standard,Month-to-month,Credit Card,8,50.67,416.37,4,158.8,Yes,4,47,1
CUST101732,2023-03-12,30,Female,Singapore,Basic,One year,PayPal,51,14.59,730.62,1,113.8,Yes,5,9,0
CUST101733,2024-03-10,52,Male,New York,Premium,One year,Debit Card,31,87.34,2712.13,7,47.1,Yes,7,35,1
CUST101734,2024-03-01,27,Female,Zürich,Standard,Month-to-month,Bank Transfer,25,46.96,1186.5,3,26.3,Yes,8,38,1
CUST101735,2023-10-14,52,Female,London,Basic,Month-to-month,PayPal,33,19.06,620.66,4,71.9,Yes,4,72,1
CUST101736,2022-01-06,56,Male,Dubai,Basic,One year,Debit Card,22,22.15,492.93,1,74.6,Yes,5,19,0
CUST101737,2019-08-07,44,Male,Dubai,Basic,One year,PayPal,21,19.85,414.1,3,13.7,Yes,9,10,0
CUST101738,2019-01-08,39,Male,Dubai,Premium,Month-to-month,Auto-debit,72,83.27,6222.11,0,68.7,Yes,10,67,0
CUST101739,2020-03-23,46,Male,Mumbai,Standard,One year,Debit Card,21,46.12,989.68,2,108.1,Yes,9,38,0
CUST101740,2021-08-01,18,Male,Toronto,Standard,Month-to-month,Debit Card,34,42.98,1404.4,0,66.3,No,3,11,0
CUST101741,2023-06-17,45,Male,Chicago,Basic,Month-to-month,Credit Card,52,10.0,535.58,1,59.4,Yes,9,38,0
CUST101742,2021-09-25,40,Male,Singapore,Premium,One year,Bank Transfer,16,83.16,1308.94,4,54.7,Yes,10,38,1
CUST101743,2019-02-20,40,Male,São Paulo,Basic,One year,Bank Transfer,45,17.76,834.01,3,34.8,Yes,3,20,0
CUST101744,2020-04-05,50,Female,London,Standard,Two year,Bank Transfer,65,49.67,3261.92,2,121.6,Yes,9,18,0
CUST101745,2024-11-14,40,Male,São Paulo,Standard,Month-to-month,Credit Card,59,47.89,2692.03,3,49.0,Yes,7,8,0
CUST101746,2024-12-03,26,Other,Singapore,Basic,Month-to-month,Bank Transfer,3,17.91,54.99,4,71.9,Yes,6,75,1
CUST101747,2021-04-05,39,Female,Toronto,Standard,One year,Auto-debit,30,51.14,1477.55,1,22.4,No,7,0,0
CUST101748,2023-10-29,42,Female,Dubai,Basic,Month-to-month,Auto-debit,1,21.23,22.03,3,58.0,Yes,7,45,0
CUST101749,2023-04-25,42,Female,London,Basic,Month-to-month,Auto-debit,44,20.98,964.51,1,86.0,Yes,9,1,0
CUST101750,2024-08-01,43,Female,Zürich,Premium,One year,Debit Card,24,79.17,1937.18,1,48.2,Yes,9,72,0
CUST101751,2024-04-27,55,Male,Paris,Standard,Month-to-month,Bank Transfer,65,55.1,3593.27,1,49.2,No,3,35,1
CUST101752,2022-10-08,27,Female,Singapore,Premium,Month-to-month,PayPal,13,75.72,994.41,1,62.0,Yes,5,88,1
CUST101753,2021-05-14,43,Male,London,Standard,Month-to-month,PayPal,62,43.06,2650.73,2,83.8,No,7,4,0
CUST101754,2022-10-04,58,Female,Singapore,Basic,Two year,Debit Card,25,12.58,301.4,3,68.3,Yes,10,29,0
CUST101755,2020-11-29,18,Female,Singapore,Standard,Month-to-month,Bank Transfer,67,49.36,3448.94,0,194.1,Yes,1,35,1
CUST101756,2021-02-01,43,Male,Singapore,Standard,Month-to-month,Auto-debit,15,41.51,612.01,0,132.6,Yes,5,6,0
CUST101757,2022-08-26,33,Male,Toronto,Basic,Month-to-month,Bank Transfer,20,17.18,337.17,3,41.9,Yes,3,39,0
CUST101758,2022-06-05,36,Female,São Paulo,Standard,Month-to-month,Auto-debit,26,41.9,1055.77,6,117.6,Yes,3,41,1
CUST101759,2022-06-26,29,Male,Toronto,Standard,Month-to-month,Auto-debit,71,45.38,3380.63,5,13.5,Yes,9,40,0
CUST101760,2021-04-22,39,Male,Singapore,Standard,One year,Credit Card,53,37.5,2075.46,3,51.2,Yes,5,48,0
CUST101761,2021-06-15,65,Male,São Paulo,Basic,Month-to-month,Auto-debit,59,10.0,581.12,2,18.5,No,1,17,1
CUST101762,2019-01-23,25,Male,São Paulo,Premium,Month-to-month,Auto-debit,40,82.75,3230.56,2,89.8,Yes,6,21,0
CUST101763,2022-08-10,26,Female,Dubai,Basic,Month-to-month,PayPal,58,10.0,597.71,1,48.2,Yes,10,44,1
CUST101764,2022-06-14,24,Female,Chicago,Basic,Month-to-month,Bank Transfer,46,25.12,1146.58,2,25.0,Yes,3,57,0
CUST101765,2024-08-10,63,Male,Dubai,Basic,Month-to-month,Bank Transfer,49,29.35,1505.42,1,101.6,Yes,8,35,1
CUST101766,2022-01-09,35,Male,Dubai,Premium,One year,Bank Transfer,61,79.01,5012.98,0,27.8,Yes,10,41,0
CUST101767,2021-10-21,41,Male,Chicago,Basic,One year,Auto-debit,71,27.8,2025.01,1,95.6,Yes,6,89,1
CUST101768,2019-05-29,36,Male,Berlin,Standard,One year,Credit Card,42,44.85,1806.45,3,73.4,Yes,10,58,0
CUST101769,2020-03-06,29,Female,Toronto,Basic,Month-to-month,Credit Card,32,29.6,966.35,3,54.5,No,5,4,1
CUST101770,2021-01-10,38,Female,Singapore,Standard,Two year,Debit Card,48,42.26,2127.32,0,110.0,Yes,10,32,0
CUST101771,2021-04-06,73,Male,Mumbai,Standard,One year,PayPal,54,30.81,1642.66,6,32.0,Yes,9,4,0
CUST101772,2021-03-05,59,Female,Zürich,Basic,Month-to-month,Auto-debit,72,19.52,1459.07,0,15.5,No,6,78,0
CUST101773,2021-05-13,30,Male,New York,Premium,Month-to-month,Bank Transfer,51,90.25,4560.47,0,26.5,No,3,74,1
CUST101774,2023-08-11,49,Female,London,Basic,One year,Credit Card,69,23.21,1676.97,3,192.6,Yes,4,41,1
CUST101775,2019-10-15,30,Female,Zürich,Basic,Month-to-month,Bank Transfer,53,16.91,910.0,2,35.1,Yes,1,23,0
CUST101776,2020-12-28,18,Female,Dubai,Standard,Month-to-month,PayPal,69,46.97,3110.16,1,46.4,Yes,8,64,1
CUST101777,2019-12-23,54,Female,Toronto,Standard,One year,Debit Card,55,50.83,2789.79,3,150.8,Yes,8,16,0
CUST101778,2020-11-05,56,Female,Toronto,Basic,Month-to-month,Bank Transfer,64,19.49,1191.19,1,46.4,Yes,7,69,0
CUST101779,2023-02-08,55,Male,Singapore,Standard,Two year,Debit Card,14,60.76,841.71,1,91.4,Yes,6,78,1
CUST101780,2019-04-13,35,Male,Mumbai,Basic,Month-to-month,Bank Transfer,72,16.9,1267.34,1,161.2,Yes,9,16,0
CUST101781,2021-01-13,39,Male,Berlin,Standard,Month-to-month,Credit Card,26,51.02,1291.0,3,82.3,Yes,7,47,1
CUST101782,2019-02-21,51,Female,Singapore,Standard,Month-to-month,Debit Card,58,49.57,3004.6,4,61.0,No,5,13,0
CUST101783,2024-09-22,46,Female,Dubai,Premium,Month-to-month,PayPal,29,75.8,2110.26,2,103.6,No,7,55,1
CUST101784,2023-05-12,36,Female,Zürich,Standard,Two year,Bank Transfer,33,42.45,1423.94,3,9.6,Yes,10,60,0
CUST101785,2020-06-17,20,Female,Dubai,Standard,Two year,Auto-debit,54,51.11,2888.47,3,46.0,Yes,8,0,0
CUST101786,2020-03-10,42,Male,São Paulo,Standard,Two year,Debit Card,39,45.87,1816.51,1,134.0,Yes,6,85,1
CUST101787,2019-08-05,55,Female,Chicago,Basic,Month-to-month,Auto-debit,52,22.03,1191.27,3,35.5,Yes,6,23,0
CUST101788,2021-11-01,25,Female,Berlin,Basic,Month-to-month,Auto-debit,6,10.18,64.08,5,5.7,Yes,8,41,1
CUST101789,2023-07-09,49,Male,New York,Premium,Month-to-month,Debit Card,61,83.94,5192.97,2,68.1,Yes,6,23,0
CUST101790,2022-07-03,45,Male,London,Basic,Month-to-month,Credit Card,30,21.72,669.99,3,92.0,Yes,5,81,1
CUST101791,2024-04-13,51,Male,Paris,Standard,Two year,Debit Card,57,44.62,2424.31,7,50.3,Yes,6,68,1
CUST101792,2021-01-22,52,Male,São Paulo,Basic,Month-to-month,Bank Transfer,21,22.17,462.19,4,92.8,Yes,10,89,1
CUST101793,2020-09-01,32,Female,Berlin,Premium,Month-to-month,Bank Transfer,43,77.54,3263.62,2,73.7,Yes,8,34,0
CUST101794,2021-11-12,20,Female,Chicago,Basic,Month-to-month,Bank Transfer,43,16.45,730.28,1,285.9,Yes,6,50,0
CUST101795,2020-03-18,34,Female,Toronto,Premium,One year,Bank Transfer,11,78.55,879.39,1,104.8,Yes,8,51,0
CUST101796,2024-11-06,53,Male,São Paulo,Standard,Month-to-month,Credit Card,35,42.21,1494.25,0,73.7,Yes,7,20,0
CUST101797,2020-02-11,34,Female,Berlin,Basic,One year,PayPal,46,33.08,1587.35,2,11.9,No,7,83,0
CUST101798,2021-11-14,32,Female,London,Standard,One year,Auto-debit,61,50.47,2952.1,0,37.6,Yes,7,77,0
CUST101799,2022-02-17,18,Male,Toronto,Standard,Two year,Debit Card,64,39.19,2621.99,1,28.3,Yes,2,88,0
CUST101800,2019-05-05,64,Female,Berlin,Basic,Month-to-month,Auto-debit,28,32.22,866.14,3,148.3,Yes,1,41,1
CUST101801,2021-10-22,52,Male,Singapore,Basic,Month-to-month,Credit Card,47,17.4,805.29,0,25.5,No,7,11,0
CUST101802,2021-09-22,51,Male,New York,Standard,Month-to-month,Auto-debit,13,45.18,594.99,2,49.7,Yes,5,14,1
CUST101803,2020-07-22,54,Male,Berlin,Standard,Two year,Bank Transfer,65,50.38,3222.79,1,79.4,Yes,3,50,0
CUST101804,2019-10-08,48,Male,Singapore,Basic,Two year,Bank Transfer,63,10.0,641.5,1,42.7,Yes,5,73,0
CUST101805,2019-04-09,38,Female,Sydney,Premium,One year,Bank Transfer,72,78.58,5813.59,2,47.8,Yes,9,62,0
CUST101806,2019-01-19,39,Male,São Paulo,Basic,Month-to-month,Auto-debit,36,16.56,615.74,1,73.7,No,7,65,0
CUST101807,2021-11-20,35,Male,São Paulo,Basic,Month-to-month,Debit Card,26,21.23,534.28,3,35.4,Yes,8,70,1
CUST101808,2019-07-16,75,Male,Paris,Standard,One year,Credit Card,55,47.22,2514.53,4,67.9,Yes,7,75,0
CUST101809,2024-10-01,48,Male,Chicago,Basic,Month-to-month,Auto-debit,53,19.54,989.26,3,101.5,No,4,82,0
CUST101810,2020-06-19,35,Male,Berlin,Basic,One year,Credit Card,16,19.26,307.88,3,39.5,Yes,8,32,0
CUST101811,2022-11-30,47,Male,Zürich,Standard,Two year,Bank Transfer,39,51.39,1931.56,4,27.5,Yes,8,65,0
CUST101812,2023-01-14,28,Female,São Paulo,Basic,Month-to-month,Debit Card,47,21.81,1006.47,2,168.0,Yes,6,25,1
CUST101813,2021-12-21,61,Male,São Paulo,Basic,Month-to-month,Auto-debit,33,20.25,691.0,3,169.5,Yes,7,62,1
CUST101814,2024-04-19,32,Female,Dubai,Standard,Month-to-month,Auto-debit,27,45.89,1294.62,0,59.3,No,8,4,0
CUST101815,2019-08-31,48,Male,London,Standard,Month-to-month,PayPal,18,56.02,1040.84,2,66.5,Yes,5,4,1
CUST101816,2020-05-27,55,Female,Sydney,Premium,One year,PayPal,30,81.04,2309.8,4,66.2,Yes,9,17,0
CUST101817,2020-07-06,46,Female,Dubai,Standard,Month-to-month,PayPal,18,41.91,759.51,2,45.6,No,8,49,1
CUST101818,2019-10-24,42,Male,Chicago,Standard,Month-to-month,PayPal,22,33.55,713.5,4,58.2,Yes,7,81,1
CUST101819,2020-10-07,41,Male,New York,Basic,Month-to-month,Auto-debit,14,11.4,157.62,1,12.1,Yes,10,53,0
CUST101820,2020-11-15,40,Female,Mumbai,Standard,Month-to-month,Debit Card,28,42.2,1173.08,1,21.1,Yes,4,50,1
CUST101821,2023-08-02,34,Male,Toronto,Basic,One year,Auto-debit,46,19.35,929.53,1,48.0,Yes,5,62,1
CUST101822,2020-10-22,35,Female,Berlin,Basic,One year,Bank Transfer,28,16.67,473.0,1,39.8,Yes,5,79,0
CUST101823,2024-04-03,60,Male,New York,Premium,Month-to-month,Auto-debit,11,82.11,882.22,2,23.7,Yes,7,52,1
CUST101824,2023-08-20,40,Male,Singapore,Standard,Month-to-month,Bank Transfer,58,41.59,2446.67,1,58.1,Yes,9,66,0
CUST101825,2024-05-28,31,Female,Zürich,Standard,Month-to-month,Auto-debit,32,39.51,1321.45,0,94.6,Yes,4,36,1
CUST101826,2019-08-19,34,Female,Singapore,Basic,Month-to-month,PayPal,43,23.68,973.35,4,35.5,Yes,10,89,0
CUST101827,2024-11-26,55,Male,Sydney,Basic,Month-to-month,PayPal,38,28.22,1106.25,1,8.3,Yes,5,43,1
CUST101828,2022-09-06,50,Female,Dubai,Standard,Two year,Debit Card,37,38.36,1379.14,0,73.8,Yes,7,80,0
CUST101829,2024-11-21,48,Female,São Paulo,Standard,Month-to-month,Debit Card,32,46.46,1435.15,0,48.9,Yes,7,87,1
CUST101830,2021-02-16,38,Male,Chicago,Standard,Month-to-month,Credit Card,55,33.57,1919.99,3,104.6,Yes,7,79,1
CUST101831,2024-09-18,48,Male,Sydney,Basic,Month-to-month,Debit Card,62,11.15,656.86,0,19.6,Yes,5,29,0
CUST101832,2022-07-13,33,Male,Berlin,Basic,One year,Auto-debit,66,16.47,1113.23,4,26.4,No,9,33,0
CUST101833,2019-06-07,38,Male,Mumbai,Standard,Month-to-month,Auto-debit,32,51.81,1589.49,2,47.0,No,5,70,1
CUST101834,2021-06-17,54,Female,Singapore,Standard,Two year,Bank Transfer,25,40.33,1020.15,2,31.0,Yes,3,83,1
CUST101835,2019-10-29,52,Male,Mumbai,Basic,Month-to-month,Debit Card,6,15.1,91.7,4,124.9,No,4,54,1
CUST101836,2024-08-23,28,Male,Dubai,Basic,Two year,PayPal,32,20.22,670.51,1,20.6,Yes,10,69,0
CUST101837,2020-10-28,30,Female,New York,Basic,One year,Bank Transfer,72,20.22,1502.81,1,45.8,No,9,39,0
CUST101838,2020-05-01,42,Female,Singapore,Basic,Month-to-month,Credit Card,19,15.29,295.89,3,191.0,No,2,77,1
CUST101839,2022-04-25,63,Female,Mumbai,Standard,Month-to-month,Auto-debit,61,56.92,3430.64,3,19.3,Yes,8,37,1
CUST101840,2021-07-20,18,Female,Berlin,Basic,Month-to-month,Auto-debit,55,18.41,978.77,1,62.0,Yes,2,55,0
CUST101841,2019-08-01,45,Male,São Paulo,Standard,Two year,Auto-debit,48,45.68,2222.39,2,49.6,Yes,6,48,0
CUST101842,2023-11-24,23,Female,Dubai,Standard,Two year,Credit Card,41,42.59,1745.66,2,81.0,Yes,4,75,0
CUST101843,2024-01-27,33,Male,Singapore,Premium,Month-to-month,Auto-debit,55,82.64,4353.37,1,75.7,Yes,8,71,1
CUST101844,2023-06-16,36,Male,London,Premium,Month-to-month,Bank Transfer,8,87.41,731.14,2,72.5,Yes,8,75,1
CUST101845,2022-09-12,36,Male,New York,Basic,Month-to-month,PayPal,10,29.98,294.24,0,109.1,Yes,9,10,0
CUST101846,2021-05-31,34,Female,Mumbai,Basic,Month-to-month,Credit Card,15,15.43,219.93,2,107.4,Yes,6,22,1
CUST101847,2022-04-02,41,Female,Zürich,Basic,One year,PayPal,56,26.6,1549.44,2,39.4,No,6,81,0
CUST101848,2022-02-14,34,Male,Toronto,Standard,Month-to-month,Debit Card,32,48.3,1557.51,5,38.3,Yes,3,11,1
CUST101849,2019-12-29,22,Female,Toronto,Basic,Month-to-month,Auto-debit,15,25.85,396.79,4,91.9,Yes,4,69,1
CUST101850,2019-06-29,51,Female,Chicago,Basic,Two year,Debit Card,4,19.45,75.1,1,68.2,Yes,9,57,0
CUST101851,2020-07-08,51,Male,New York,Basic,One year,Debit Card,36,18.88,673.2,2,76.8,Yes,7,31,0
CUST101852,2021-09-21,52,Female,New York,Basic,One year,Auto-debit,29,25.61,753.46,3,62.7,No,7,3,0
CUST101853,2019-12-18,21,Male,London,Standard,Month-to-month,Credit Card,13,50.73,643.07,3,43.6,Yes,9,0,1
CUST101854,2019-08-22,45,Other,Paris,Standard,Two year,Auto-debit,2,54.39,110.97,4,88.9,Yes,4,80,0
CUST101855,2024-02-09,50,Male,Mumbai,Standard,One year,Auto-debit,55,46.19,2472.78,2,34.2,Yes,8,9,0
CUST101856,2021-04-01,28,Male,London,Premium,Month-to-month,Debit Card,57,79.36,4391.94,2,193.5,Yes,4,67,1
CUST101857,2022-07-03,41,Male,Toronto,Basic,Month-to-month,Bank Transfer,18,10.0,171.21,2,182.2,Yes,10,12,0
CUST101858,2022-02-21,39,Male,Paris,Basic,Two year,Bank Transfer,36,10.33,363.77,2,220.4,Yes,8,35,0
CUST101859,2023-05-29,65,Female,Zürich,Basic,Month-to-month,PayPal,19,17.63,326.49,4,71.2,Yes,9,9,0
CUST101860,2023-06-09,66,Male,Berlin,Standard,Two year,Bank Transfer,30,38.39,1182.15,2,47.7,Yes,5,57,0
CUST101861,2020-10-10,19,Male,Berlin,Standard,One year,Credit Card,8,49.88,401.82,2,143.2,Yes,10,9,0
CUST101862,2024-01-31,73,Female,New York,Basic,One year,PayPal,69,12.14,810.67,0,63.6,Yes,10,56,0
CUST101863,2021-03-24,29,Female,Dubai,Premium,One year,PayPal,52,76.99,4030.75,0,104.5,Yes,7,86,0
CUST101864,2024-01-04,54,Female,London,Basic,Two year,PayPal,65,17.23,1089.2,3,104.1,Yes,9,66,0
CUST101865,2021-06-05,54,Female,Toronto,Basic,Month-to-month,Auto-debit,22,27.23,594.6,5,35.0,Yes,6,59,0
CUST101866,2019-09-01,28,Male,Sydney,Standard,Month-to-month,Auto-debit,63,41.35,2706.18,4,87.6,Yes,4,81,1
CUST101867,2023-07-23,47,Male,São Paulo,Premium,One year,Bank Transfer,38,82.71,3211.89,4,101.2,No,8,73,1
CUST101868,2019-03-08,40,Female,São Paulo,Standard,Month-to-month,PayPal,15,46.17,703.01,3,58.6,Yes,4,65,1
CUST101869,2023-08-19,48,Female,Dubai,Premium,One year,PayPal,24,85.42,2005.28,0,20.9,Yes,9,50,1
CUST101870,2019-04-05,44,Female,Toronto,Basic,One year,Credit Card,59,25.1,1425.3,2,145.3,No,9,35,0
CUST101871,2020-03-28,57,Female,Sydney,Standard,Month-to-month,PayPal,56,44.8,2572.26,4,190.9,Yes,7,55,1
CUST101872,2022-08-14,42,Male,Sydney,Premium,One year,Debit Card,52,69.82,3655.29,1,66.4,Yes,7,9,0
CUST101873,2024-08-23,39,Female,New York,Standard,Month-to-month,Auto-debit,17,43.61,750.47,1,50.8,Yes,9,79,1
CUST101874,2021-06-13,55,Male,Zürich,Basic,Two year,Bank Transfer,47,19.88,978.75,0,17.9,Yes,7,79,0
CUST101875,2019-09-22,49,Male,Singapore,Premium,Month-to-month,Auto-debit,68,81.72,5472.67,3,68.8,Yes,6,23,1
CUST101876,2020-05-25,51,Male,Mumbai,Basic,One year,Auto-debit,4,15.57,64.15,4,45.3,Yes,3,68,1
CUST101877,2024-05-16,32,Male,Paris,Standard,Two year,PayPal,24,51.85,1251.74,1,17.8,Yes,9,62,0
CUST101878,2023-05-11,27,Female,Berlin,Premium,Month-to-month,PayPal,6,80.08,467.76,6,110.1,Yes,7,76,1
CUST101879,2019-08-08,34,Male,Paris,Premium,Month-to-month,Bank Transfer,8,74.48,569.2,2,90.6,Yes,10,80,1
CUST101880,2021-04-22,33,Female,Zürich,Premium,Month-to-month,PayPal,72,77.25,5626.53,1,41.2,Yes,6,66,1
CUST101881,2020-08-02,51,Female,Berlin,Premium,One year,Debit Card,18,91.57,1614.9,3,168.8,Yes,7,84,1
CUST101882,2020-01-25,54,Female,Zürich,Basic,Month-to-month,Bank Transfer,13,23.99,317.97,2,60.4,Yes,7,29,1
CUST101883,2024-01-28,39,Female,Dubai,Premium,Month-to-month,PayPal,6,86.29,528.13,2,67.2,Yes,8,39,1
CUST101884,2022-09-14,60,Male,Sydney,Standard,Two year,Auto-debit,71,38.75,2739.0,1,54.7,Yes,4,13,0
CUST101885,2020-01-29,59,Male,Sydney,Standard,Month-to-month,Debit Card,34,40.87,1394.64,4,119.6,Yes,6,77,1
CUST101886,2022-11-26,44,Male,Chicago,Basic,Month-to-month,PayPal,57,15.91,918.35,3,88.5,Yes,8,24,0
CUST101887,2021-06-24,30,Male,London,Premium,One year,PayPal,19,81.11,1536.25,1,11.9,Yes,6,45,1
CUST101888,2019-05-15,61,Female,New York,Standard,Month-to-month,Auto-debit,47,43.96,2144.09,1,63.4,Yes,8,14,0
CUST101889,2021-09-12,40,Male,São Paulo,Premium,Month-to-month,PayPal,64,77.06,4722.7,1,103.5,Yes,7,23,0
CUST101890,2020-02-10,43,Male,Chicago,Basic,Two year,Credit Card,49,17.82,915.08,0,17.8,Yes,7,60,0
CUST101891,2020-06-21,37,Male,Singapore,Basic,One year,Debit Card,38,15.24,552.1,2,102.8,Yes,9,22,0
CUST101892,2024-04-09,29,Male,London,Standard,Month-to-month,Auto-debit,16,43.92,682.21,3,89.8,Yes,6,46,1
CUST101893,2023-04-05,22,Female,Singapore,Basic,One year,Debit Card,17,26.68,463.01,5,30.3,Yes,3,40,1
CUST101894,2019-10-21,49,Male,Toronto,Standard,Month-to-month,Debit Card,43,35.92,1480.45,5,53.4,Yes,6,55,0
CUST101895,2024-02-08,31,Female,Dubai,Basic,Month-to-month,Credit Card,33,22.08,711.31,0,23.3,Yes,5,23,1
CUST101896,2022-06-11,81,Female,São Paulo,Standard,One year,Bank Transfer,4,53.28,205.75,1,41.6,Yes,2,43,1
CUST101897,2024-03-30,27,Female,Sydney,Basic,Month-to-month,Credit Card,15,18.9,289.84,2,52.8,Yes,6,2,0
CUST101898,2023-06-25,25,Male,São Paulo,Basic,Month-to-month,Debit Card,32,16.83,542.81,1,95.0,Yes,7,46,0
CUST101899,2021-01-13,48,Female,Zürich,Standard,Two year,Bank Transfer,13,50.55,628.53,2,107.2,Yes,9,9,1
CUST101900,2022-03-17,61,Male,Zürich,Basic,Month-to-month,Auto-debit,40,14.09,561.35,4,73.2,Yes,4,65,1
CUST101901,2022-03-08,42,Male,Sydney,Basic,Month-to-month,Debit Card,22,19.86,424.18,2,51.2,Yes,7,76,1
CUST101902,2023-04-26,48,Female,Singapore,Basic,Month-to-month,Debit Card,21,13.76,302.47,3,100.8,No,9,36,1
CUST101903,2020-06-28,18,Female,New York,Basic,One year,Credit Card,8,10.0,76.86,4,67.4,Yes,5,79,1
CUST101904,2020-12-30,32,Male,Sydney,Standard,One year,PayPal,37,44.09,1647.33,2,78.6,Yes,8,35,0
CUST101905,2020-06-20,27,Female,Sydney,Basic,Two year,Auto-debit,14,12.42,173.56,4,110.5,Yes,10,78,0
CUST101906,2020-10-10,18,Male,Singapore,Basic,Month-to-month,Debit Card,46,19.93,923.94,2,97.0,Yes,2,46,1
CUST101907,2019-12-20,43,Female,Paris,Standard,One year,Debit Card,68,51.69,3675.37,4,78.2,Yes,7,49,1
CUST101908,2019-03-22,18,Other,Paris,Standard,One year,Debit Card,66,56.13,3645.78,2,88.5,Yes,9,36,0
CUST101909,2024-08-20,24,Female,Mumbai,Standard,Month-to-month,Auto-debit,49,45.56,2287.98,5,41.0,Yes,6,84,1
CUST101910,2019-06-12,34,Female,São Paulo,Basic,Month-to-month,PayPal,59,26.12,1532.98,0,37.1,Yes,10,63,0
CUST101911,2024-04-28,30,Female,London,Premium,Two year,Bank Transfer,67,82.39,5608.87,2,189.3,Yes,8,44,0
CUST101912,2019-01-07,46,Female,Mumbai,Standard,Month-to-month,Bank Transfer,50,42.7,2106.32,1,35.6,Yes,10,71,1
CUST101913,2023-08-30,45,Female,Zürich,Basic,One year,Bank Transfer,19,10.0,184.82,1,111.3,Yes,8,41,0
CUST101914,2020-12-20,53,Female,Zürich,Premium,Month-to-month,PayPal,37,89.76,3182.83,1,50.7,Yes,10,78,1
CUST101915,2022-02-07,51,Male,Paris,Standard,Month-to-month,PayPal,62,38.71,2304.44,4,94.6,Yes,7,42,0
CUST101916,2020-09-10,56,Female,Mumbai,Standard,Two year,PayPal,49,53.3,2731.69,0,10.8,Yes,3,72,0
CUST101917,2021-12-10,41,Male,Chicago,Premium,Two year,Credit Card,27,83.22,2311.75,2,21.9,Yes,5,22,0
CUST101918,2021-09-15,45,Other,Paris,Basic,Month-to-month,PayPal,13,14.14,179.13,2,115.3,Yes,9,50,0
CUST101919,2022-03-06,48,Male,Singapore,Premium,One year,Auto-debit,11,81.87,903.19,3,16.2,Yes,9,55,0
CUST101920,2021-05-11,43,Male,London,Standard,Month-to-month,Credit Card,28,57.8,1653.07,1,41.4,No,6,47,1
CUST101921,2022-03-21,36,Female,Sydney,Basic,One year,Auto-debit,58,29.21,1669.2,3,147.2,Yes,10,40,0
CUST101922,2023-12-13,37,Male,Dubai,Basic,Month-to-month,PayPal,40,16.92,672.74,2,107.3,Yes,6,0,0
CUST101923,2021-08-09,30,Male,Singapore,Basic,Month-to-month,Debit Card,5,15.73,80.37,1,48.8,No,8,87,1
CUST101924,2021-03-02,46,Female,Paris,Premium,Month-to-month,Credit Card,67,80.6,5253.02,1,35.7,Yes,7,19,0
CUST101925,2019-10-16,40,Male,Dubai,Basic,Month-to-month,Bank Transfer,30,19.01,571.8,3,161.1,No,4,15,1
CUST101926,2021-02-26,32,Male,New York,Basic,Month-to-month,Credit Card,29,27.2,765.93,1,38.0,Yes,6,73,1
CUST101927,2019-10-03,32,Male,Chicago,Standard,Month-to-month,PayPal,59,49.44,2772.01,4,76.4,Yes,10,6,0
CUST101928,2020-02-04,25,Male,Sydney,Standard,Two year,Credit Card,28,34.85,994.37,1,139.4,Yes,4,68,1
CUST101929,2024-09-16,54,Male,Dubai,Basic,Month-to-month,Auto-debit,45,22.75,1044.97,2,85.1,Yes,8,31,0
CUST101930,2019-07-15,42,Male,Singapore,Premium,Month-to-month,Credit Card,67,78.93,5550.46,3,139.7,No,4,64,1
CUST101931,2021-11-21,30,Male,Mumbai,Standard,Month-to-month,Auto-debit,38,45.22,1663.55,3,47.4,No,4,19,1
CUST101932,2024-01-02,52,Male,New York,Premium,One year,PayPal,45,81.49,3754.91,0,28.2,Yes,3,63,0
CUST101933,2024-09-18,34,Male,London,Basic,Month-to-month,Credit Card,26,27.19,738.61,1,97.1,Yes,9,89,0
CUST101934,2019-11-18,23,Female,São Paulo,Basic,Month-to-month,Bank Transfer,65,25.87,1705.86,2,130.1,Yes,5,45,0
CUST101935,2019-12-25,54,Female,Singapore,Standard,One year,Auto-debit,6,40.5,254.25,1,88.6,Yes,9,50,0
CUST101936,2021-03-26,34,Male,Singapore,Basic,Month-to-month,Debit Card,20,19.65,412.43,1,32.0,Yes,5,55,0
CUST101937,2022-04-29,36,Male,London,Standard,Two year,Auto-debit,72,42.31,3138.2,2,239.6,Yes,7,32,0
CUST101938,2024-10-02,42,Female,Singapore,Basic,Month-to-month,Bank Transfer,35,10.0,367.48,1,23.3,Yes,7,49,0
CUST101939,2020-03-30,56,Female,New York,Standard,One year,Bank Transfer,13,44.34,583.67,0,71.2,Yes,3,57,0
CUST101940,2019-12-27,41,Male,London,Premium,Month-to-month,Debit Card,30,91.07,2731.3,1,139.1,Yes,7,2,0
CUST101941,2020-07-08,25,Male,Mumbai,Premium,One year,Credit Card,19,69.73,1380.2,3,66.7,Yes,7,40,0
CUST101942,2024-03-29,48,Male,São Paulo,Premium,Two year,PayPal,38,79.86,3135.11,1,98.0,Yes,9,47,0
CUST101943,2019-03-07,35,Female,São Paulo,Premium,Month-to-month,Auto-debit,17,79.66,1301.42,1,15.2,Yes,4,18,1
CUST101944,2021-04-12,66,Female,Paris,Standard,Month-to-month,PayPal,29,46.73,1328.44,0,95.6,Yes,5,42,0
CUST101945,2019-09-18,41,Female,Chicago,Basic,Month-to-month,Bank Transfer,66,14.22,916.06,0,30.6,Yes,8,35,0
CUST101946,2019-12-10,18,Male,Sydney,Premium,Month-to-month,Bank Transfer,6,71.45,443.93,0,72.0,Yes,10,49,0
CUST101947,2024-06-30,46,Male,Dubai,Premium,Two year,Debit Card,55,71.73,3839.91,1,22.8,No,5,25,0
CUST101948,2019-01-04,66,Male,London,Premium,One year,Credit Card,6,87.99,517.59,2,101.5,Yes,4,80,0
CUST101949,2020-12-05,61,Male,Chicago,Standard,One year,Auto-debit,33,39.1,1292.72,2,87.6,Yes,6,57,0
CUST101950,2024-06-27,65,Male,Sydney,Basic,Two year,Bank Transfer,49,17.0,797.69,2,71.4,Yes,4,56,1
CUST101951,2022-08-24,28,Female,Dubai,Premium,Two year,PayPal,69,92.63,6686.26,0,117.4,No,7,73,0
CUST101952,2019-06-07,53,Male,Paris,Premium,Two year,PayPal,19,75.59,1434.93,4,93.4,Yes,4,1,0
CUST101953,2021-10-15,32,Female,Zürich,Standard,Month-to-month,Auto-debit,4,47.05,182.37,3,22.2,Yes,9,23,0
CUST101954,2024-10-27,44,Male,Paris,Premium,Month-to-month,Bank Transfer,55,86.38,4642.02,1,115.3,Yes,7,16,0
CUST101955,2021-05-26,24,Male,New York,Standard,Month-to-month,Bank Transfer,65,51.09,3419.84,1,94.4,Yes,9,55,0
CUST101956,2022-03-03,33,Female,Berlin,Premium,Month-to-month,Bank Transfer,41,72.01,2991.97,2,35.6,Yes,1,30,1
CUST101957,2022-03-10,32,Female,São Paulo,Basic,Month-to-month,Debit Card,5,15.72,78.32,0,64.7,Yes,3,63,1
CUST101958,2022-12-17,53,Male,Singapore,Premium,Month-to-month,Bank Transfer,37,81.81,2976.0,0,46.0,Yes,9,84,0
CUST101959,2020-02-15,51,Female,London,Basic,Month-to-month,Auto-debit,29,31.57,952.21,3,204.5,Yes,5,33,0
CUST101960,2024-01-13,45,Male,Zürich,Basic,Month-to-month,Debit Card,33,15.43,523.07,1,27.7,Yes,3,29,1
CUST101961,2024-12-05,23,Male,New York,Basic,Month-to-month,PayPal,4,17.04,69.65,3,47.7,Yes,6,43,1
CUST101962,2019-11-09,37,Male,Paris,Standard,Month-to-month,Bank Transfer,23,47.52,1087.06,3,61.6,No,7,44,1
CUST101963,2023-11-28,31,Male,London,Basic,Month-to-month,PayPal,72,23.72,1790.01,4,69.8,Yes,6,32,1
CUST101964,2023-11-25,52,Female,Mumbai,Premium,Month-to-month,Auto-debit,4,84.08,343.39,1,48.8,Yes,8,31,1
CUST101965,2023-06-13,56,Male,Dubai,Standard,One year,PayPal,66,39.92,2614.6,0,68.5,No,7,33,0
CUST101966,2021-03-23,55,Female,Singapore,Premium,One year,Debit Card,38,76.81,3053.21,1,88.7,No,7,43,0
CUST101967,2021-10-23,31,Female,Zürich,Basic,Month-to-month,Credit Card,43,21.29,951.7,1,38.3,Yes,9,40,0
CUST101968,2024-01-12,18,Male,Zürich,Basic,Month-to-month,Auto-debit,68,27.57,1919.75,4,48.9,Yes,6,41,0
CUST101969,2019-12-01,18,Male,Paris,Standard,Month-to-month,Bank Transfer,16,43.57,715.73,2,177.7,Yes,6,26,1
CUST101970,2023-12-20,59,Male,Mumbai,Standard,Month-to-month,PayPal,71,44.87,3161.44,5,116.9,Yes,8,57,0
CUST101971,2024-07-09,36,Female,Paris,Standard,Month-to-month,PayPal,20,38.84,777.37,1,115.2,Yes,8,43,0
CUST101972,2023-02-02,31,Female,Singapore,Premium,Two year,PayPal,26,91.18,2297.56,4,21.3,Yes,5,20,1
CUST101973,2021-01-17,62,Female,Chicago,Premium,Month-to-month,Auto-debit,33,80.93,2696.17,1,195.4,Yes,6,67,1
CUST101974,2022-05-09,57,Male,Zürich,Standard,Month-to-month,Bank Transfer,44,51.47,2235.22,0,60.0,No,7,79,1
CUST101975,2019-04-20,41,Male,London,Premium,One year,Auto-debit,24,80.18,1894.96,5,123.4,No,5,35,1
CUST101976,2024-08-02,37,Female,São Paulo,Standard,Month-to-month,Auto-debit,58,45.51,2757.89,3,72.4,No,5,47,0
CUST101977,2021-01-19,39,Male,Chicago,Standard,Month-to-month,Bank Transfer,2,36.0,69.59,2,14.8,Yes,3,85,1
CUST101978,2019-05-06,44,Female,London,Basic,Month-to-month,PayPal,48,10.0,495.84,2,50.6,Yes,1,28,1
CUST101979,2023-10-06,62,Male,Chicago,Basic,Two year,Debit Card,48,27.51,1291.62,2,118.0,Yes,6,19,0
CUST101980,2022-12-11,46,Male,London,Basic,Month-to-month,Bank Transfer,39,20.47,760.7,5,120.2,Yes,7,31,1
CUST101981,2022-09-25,50,Female,Chicago,Standard,One year,Bank Transfer,45,46.24,1985.18,2,74.4,Yes,4,40,0
CUST101982,2019-04-29,56,Male,Dubai,Standard,One year,PayPal,54,37.51,2011.19,1,27.0,Yes,10,39,0
CUST101983,2023-07-03,26,Female,London,Basic,Month-to-month,Credit Card,66,14.58,957.9,2,125.6,Yes,4,54,1
CUST101984,2022-10-27,51,Male,Zürich,Standard,One year,Auto-debit,16,51.37,807.15,2,38.3,No,9,24,1
CUST101985,2023-10-05,37,Female,London,Basic,Month-to-month,Auto-debit,35,30.44,1083.38,4,72.0,Yes,7,48,1
CUST101986,2023-12-17,18,Female,Singapore,Basic,Month-to-month,Debit Card,41,16.27,666.09,2,92.3,Yes,10,9,0
CUST101987,2020-04-09,18,Female,Paris,Premium,Month-to-month,PayPal,25,84.03,2011.28,4,98.1,Yes,8,85,1
CUST101988,2020-04-06,28,Female,Berlin,Standard,Two year,Credit Card,71,46.14,3226.17,2,90.2,Yes,3,26,0
CUST101989,2024-07-16,48,Female,Berlin,Basic,Month-to-month,Auto-debit,37,19.28,684.97,1,33.9,Yes,9,29,0
CUST101990,2022-03-08,42,Female,Mumbai,Standard,Month-to-month,Debit Card,43,56.11,2307.27,0,47.4,Yes,10,14,0
CUST101991,2021-08-17,43,Male,Sydney,Basic,Two year,Debit Card,15,17.28,251.64,3,33.2,Yes,3,33,0
CUST101992,2020-09-20,66,Male,New York,Standard,Month-to-month,PayPal,30,52.44,1604.75,2,103.0,Yes,8,87,0
CUST101993,2022-10-31,25,Female,Mumbai,Premium,Two year,Debit Card,46,82.29,3859.53,1,94.1,Yes,8,53,0
CUST101994,2023-07-10,41,Male,Toronto,Standard,One year,Bank Transfer,31,44.9,1442.2,1,37.5,No,6,60,1
CUST101995,2019-01-06,45,Male,London,Standard,One year,Auto-debit,56,53.23,3057.32,2,112.8,Yes,1,53,1
CUST101996,2022-04-25,31,Female,Toronto,Basic,One year,Auto-debit,10,21.74,218.17,4,112.4,Yes,6,30,0
CUST101997,2024-12-15,41,Male,New York,Standard,One year,PayPal,12,44.42,523.05,1,136.4,Yes,5,70,1
CUST101998,2020-09-06,20,Female,Chicago,Basic,Month-to-month,Credit Card,25,28.28,672.06,4,92.0,Yes,10,30,0
CUST101999,2020-09-07,59,Female,Paris,Basic,Two year,Auto-debit,23,27.5,641.81,2,95.8,No,6,71,0
